entity_source_id,entity_id,source_id,support_scope,is_primary
es-city-aegina-city-pleiades-579853-chronology,city-aegina-city,src-pleiades-579853,chronology,1
es-city-aegina-city-pleiades-579853-classification,city-aegina-city,src-pleiades-579853,classification,1
es-city-aegina-city-pleiades-579853-description,city-aegina-city,src-pleiades-579853,description,1
es-city-aegina-city-pleiades-579853-geometry,city-aegina-city,src-pleiades-579853,geometry,1
es-city-aegina-city-pleiades-579853-identity,city-aegina-city,src-pleiades-579853,identity,1
es-city-aegina-city-pleiades-579853-names,city-aegina-city,src-pleiades-579853,names,1
es-city-aegina-city-pleiades-579853-relationships,city-aegina-city,src-pleiades-579853,relationships,1
es-city-aigai-macedonia-pleiades-491512-chronology,city-aigai-macedonia,src-pleiades-491512,chronology,1
es-city-aigai-macedonia-pleiades-491512-classification,city-aigai-macedonia,src-pleiades-491512,classification,1
es-city-aigai-macedonia-pleiades-491512-description,city-aigai-macedonia,src-pleiades-491512,description,1
es-city-aigai-macedonia-pleiades-491512-geometry,city-aigai-macedonia,src-pleiades-491512,geometry,1
es-city-aigai-macedonia-pleiades-491512-identity,city-aigai-macedonia,src-pleiades-491512,identity,1
es-city-aigai-macedonia-pleiades-491512-names,city-aigai-macedonia,src-pleiades-491512,names,1
es-city-aigai-macedonia-pleiades-491512-relationships,city-aigai-macedonia,src-pleiades-491512,relationships,1
es-city-alexandria-egypt-pleiades-727070-chronology,city-alexandria-egypt,src-pleiades-727070,chronology,1
es-city-alexandria-egypt-pleiades-727070-classification,city-alexandria-egypt,src-pleiades-727070,classification,1
es-city-alexandria-egypt-pleiades-727070-description,city-alexandria-egypt,src-pleiades-727070,description,1
es-city-alexandria-egypt-pleiades-727070-geometry,city-alexandria-egypt,src-pleiades-727070,geometry,1
es-city-alexandria-egypt-pleiades-727070-identity,city-alexandria-egypt,src-pleiades-727070,identity,1
es-city-alexandria-egypt-pleiades-727070-names,city-alexandria-egypt,src-pleiades-727070,names,1
es-city-alexandria-egypt-pleiades-727070-relationships,city-alexandria-egypt,src-pleiades-727070,relationships,1
es-city-antioch-orontes-pleiades-658381-chronology,city-antioch-orontes,src-pleiades-658381,chronology,1
es-city-antioch-orontes-pleiades-658381-classification,city-antioch-orontes,src-pleiades-658381,classification,1
es-city-antioch-orontes-pleiades-658381-description,city-antioch-orontes,src-pleiades-658381,description,1
es-city-antioch-orontes-pleiades-658381-geometry,city-antioch-orontes,src-pleiades-658381,geometry,1
es-city-antioch-orontes-pleiades-658381-identity,city-antioch-orontes,src-pleiades-658381,identity,1
es-city-antioch-orontes-pleiades-658381-names,city-antioch-orontes,src-pleiades-658381,names,1
es-city-antioch-orontes-pleiades-658381-relationships,city-antioch-orontes,src-pleiades-658381,relationships,1
es-city-argos-pleiades-570106-chronology,city-argos,src-pleiades-570106,chronology,1
es-city-argos-pleiades-570106-classification,city-argos,src-pleiades-570106,classification,1
es-city-argos-pleiades-570106-description,city-argos,src-pleiades-570106,description,1
es-city-argos-pleiades-570106-geometry,city-argos,src-pleiades-570106,geometry,1
es-city-argos-pleiades-570106-identity,city-argos,src-pleiades-570106,identity,1
es-city-argos-pleiades-570106-names,city-argos,src-pleiades-570106,names,1
es-city-argos-pleiades-570106-relationships,city-argos,src-pleiades-570106,relationships,1
es-city-athens-attica-pleiades-579885-chronology,city-athens-attica,src-pleiades-579885,chronology,1
es-city-athens-attica-pleiades-579885-classification,city-athens-attica,src-pleiades-579885,classification,1
es-city-athens-attica-pleiades-579885-description,city-athens-attica,src-pleiades-579885,description,1
es-city-athens-attica-pleiades-579885-geometry,city-athens-attica,src-pleiades-579885,geometry,1
es-city-athens-attica-pleiades-579885-identity,city-athens-attica,src-pleiades-579885,identity,1
es-city-athens-attica-pleiades-579885-names,city-athens-attica,src-pleiades-579885,names,1
es-city-athens-attica-pleiades-579885-relationships,city-athens-attica,src-pleiades-579885,relationships,1
es-city-chalcis-euboea-pleiades-540703-chronology,city-chalcis-euboea,src-pleiades-540703,chronology,1
es-city-chalcis-euboea-pleiades-540703-classification,city-chalcis-euboea,src-pleiades-540703,classification,1
es-city-chalcis-euboea-pleiades-540703-description,city-chalcis-euboea,src-pleiades-540703,description,1
es-city-chalcis-euboea-pleiades-540703-geometry,city-chalcis-euboea,src-pleiades-540703,geometry,1
es-city-chalcis-euboea-pleiades-540703-identity,city-chalcis-euboea,src-pleiades-540703,identity,1
es-city-chalcis-euboea-pleiades-540703-names,city-chalcis-euboea,src-pleiades-540703,names,1
es-city-chalcis-euboea-pleiades-540703-relationships,city-chalcis-euboea,src-pleiades-540703,relationships,1
es-city-chios-city-pleiades-550496-chronology,city-chios-city,src-pleiades-550496,chronology,1
es-city-chios-city-pleiades-550496-classification,city-chios-city,src-pleiades-550496,classification,1
es-city-chios-city-pleiades-550496-description,city-chios-city,src-pleiades-550496,description,1
es-city-chios-city-pleiades-550496-geometry,city-chios-city,src-pleiades-550496,geometry,1
es-city-chios-city-pleiades-550496-identity,city-chios-city,src-pleiades-550496,identity,1
es-city-chios-city-pleiades-550496-names,city-chios-city,src-pleiades-550496,names,1
es-city-chios-city-pleiades-550496-relationships,city-chios-city,src-pleiades-550496,relationships,1
es-city-corinth-pleiades-570182-chronology,city-corinth,src-pleiades-570182,chronology,1
es-city-corinth-pleiades-570182-classification,city-corinth,src-pleiades-570182,classification,1
es-city-corinth-pleiades-570182-description,city-corinth,src-pleiades-570182,description,1
es-city-corinth-pleiades-570182-geometry,city-corinth,src-pleiades-570182,geometry,1
es-city-corinth-pleiades-570182-identity,city-corinth,src-pleiades-570182,identity,1
es-city-corinth-pleiades-570182-names,city-corinth,src-pleiades-570182,names,1
es-city-corinth-pleiades-570182-relationships,city-corinth,src-pleiades-570182,relationships,1
es-city-demetrias-pleiades-540730-chronology,city-demetrias,src-pleiades-540730,chronology,1
es-city-demetrias-pleiades-540730-classification,city-demetrias,src-pleiades-540730,classification,1
es-city-demetrias-pleiades-540730-description,city-demetrias,src-pleiades-540730,description,1
es-city-demetrias-pleiades-540730-geometry,city-demetrias,src-pleiades-540730,geometry,1
es-city-demetrias-pleiades-540730-identity,city-demetrias,src-pleiades-540730,identity,1
es-city-demetrias-pleiades-540730-names,city-demetrias,src-pleiades-540730,names,1
es-city-demetrias-pleiades-540730-relationships,city-demetrias,src-pleiades-540730,relationships,1
es-city-dion-pleiades-491572-chronology,city-dion,src-pleiades-491572,chronology,1
es-city-dion-pleiades-491572-classification,city-dion,src-pleiades-491572,classification,1
es-city-dion-pleiades-491572-description,city-dion,src-pleiades-491572,description,1
es-city-dion-pleiades-491572-geometry,city-dion,src-pleiades-491572,geometry,1
es-city-dion-pleiades-491572-identity,city-dion,src-pleiades-491572,identity,1
es-city-dion-pleiades-491572-names,city-dion,src-pleiades-491572,names,1
es-city-dion-pleiades-491572-relationships,city-dion,src-pleiades-491572,relationships,1
es-city-epidaurus-city-pleiades-570228-chronology,city-epidaurus-city,src-pleiades-570228,chronology,1
es-city-epidaurus-city-pleiades-570228-classification,city-epidaurus-city,src-pleiades-570228,classification,1
es-city-epidaurus-city-pleiades-570228-description,city-epidaurus-city,src-pleiades-570228,description,1
es-city-epidaurus-city-pleiades-570228-geometry,city-epidaurus-city,src-pleiades-570228,geometry,1
es-city-epidaurus-city-pleiades-570228-identity,city-epidaurus-city,src-pleiades-570228,identity,1
es-city-epidaurus-city-pleiades-570228-names,city-epidaurus-city,src-pleiades-570228,names,1
es-city-epidaurus-city-pleiades-570228-relationships,city-epidaurus-city,src-pleiades-570228,relationships,1
es-city-eretria-euboea-pleiades-579925-chronology,city-eretria-euboea,src-pleiades-579925,chronology,1
es-city-eretria-euboea-pleiades-579925-classification,city-eretria-euboea,src-pleiades-579925,classification,1
es-city-eretria-euboea-pleiades-579925-description,city-eretria-euboea,src-pleiades-579925,description,1
es-city-eretria-euboea-pleiades-579925-geometry,city-eretria-euboea,src-pleiades-579925,geometry,1
es-city-eretria-euboea-pleiades-579925-identity,city-eretria-euboea,src-pleiades-579925,identity,1
es-city-eretria-euboea-pleiades-579925-names,city-eretria-euboea,src-pleiades-579925,names,1
es-city-eretria-euboea-pleiades-579925-relationships,city-eretria-euboea,src-pleiades-579925,relationships,1
es-city-gortyn-pleiades-589796-chronology,city-gortyn,src-pleiades-589796,chronology,1
es-city-gortyn-pleiades-589796-classification,city-gortyn,src-pleiades-589796,classification,1
es-city-gortyn-pleiades-589796-description,city-gortyn,src-pleiades-589796,description,1
es-city-gortyn-pleiades-589796-geometry,city-gortyn,src-pleiades-589796,geometry,1
es-city-gortyn-pleiades-589796-identity,city-gortyn,src-pleiades-589796,identity,1
es-city-gortyn-pleiades-589796-names,city-gortyn,src-pleiades-589796,names,1
es-city-gortyn-pleiades-589796-relationships,city-gortyn,src-pleiades-589796,relationships,1
es-city-knossos-pleiades-589872-chronology,city-knossos,src-pleiades-589872,chronology,1
es-city-knossos-pleiades-589872-classification,city-knossos,src-pleiades-589872,classification,1
es-city-knossos-pleiades-589872-description,city-knossos,src-pleiades-589872,description,1
es-city-knossos-pleiades-589872-geometry,city-knossos,src-pleiades-589872,geometry,1
es-city-knossos-pleiades-589872-identity,city-knossos,src-pleiades-589872,identity,1
es-city-knossos-pleiades-589872-names,city-knossos,src-pleiades-589872,names,1
es-city-knossos-pleiades-589872-relationships,city-knossos,src-pleiades-589872,relationships,1
es-city-kos-city-pleiades-599728-chronology,city-kos-city,src-pleiades-599728,chronology,1
es-city-kos-city-pleiades-599728-classification,city-kos-city,src-pleiades-599728,classification,1
es-city-kos-city-pleiades-599728-description,city-kos-city,src-pleiades-599728,description,1
es-city-kos-city-pleiades-599728-geometry,city-kos-city,src-pleiades-599728,geometry,1
es-city-kos-city-pleiades-599728-identity,city-kos-city,src-pleiades-599728,identity,1
es-city-kos-city-pleiades-599728-names,city-kos-city,src-pleiades-599728,names,1
es-city-kos-city-pleiades-599728-relationships,city-kos-city,src-pleiades-599728,relationships,1
es-city-larissa-thessaly-pleiades-540905-chronology,city-larissa-thessaly,src-pleiades-540905,chronology,1
es-city-larissa-thessaly-pleiades-540905-classification,city-larissa-thessaly,src-pleiades-540905,classification,1
es-city-larissa-thessaly-pleiades-540905-description,city-larissa-thessaly,src-pleiades-540905,description,1
es-city-larissa-thessaly-pleiades-540905-geometry,city-larissa-thessaly,src-pleiades-540905,geometry,1
es-city-larissa-thessaly-pleiades-540905-identity,city-larissa-thessaly,src-pleiades-540905,identity,1
es-city-larissa-thessaly-pleiades-540905-names,city-larissa-thessaly,src-pleiades-540905,names,1
es-city-larissa-thessaly-pleiades-540905-relationships,city-larissa-thessaly,src-pleiades-540905,relationships,1
es-city-lindos-pleiades-589913-chronology,city-lindos,src-pleiades-589913,chronology,1
es-city-lindos-pleiades-589913-classification,city-lindos,src-pleiades-589913,classification,1
es-city-lindos-pleiades-589913-description,city-lindos,src-pleiades-589913,description,1
es-city-lindos-pleiades-589913-geometry,city-lindos,src-pleiades-589913,geometry,1
es-city-lindos-pleiades-589913-identity,city-lindos,src-pleiades-589913,identity,1
es-city-lindos-pleiades-589913-names,city-lindos,src-pleiades-589913,names,1
es-city-lindos-pleiades-589913-relationships,city-lindos,src-pleiades-589913,relationships,1
es-city-mantinea-pleiades-570459-chronology,city-mantinea,src-pleiades-570459,chronology,1
es-city-mantinea-pleiades-570459-classification,city-mantinea,src-pleiades-570459,classification,1
es-city-mantinea-pleiades-570459-description,city-mantinea,src-pleiades-570459,description,1
es-city-mantinea-pleiades-570459-geometry,city-mantinea,src-pleiades-570459,geometry,1
es-city-mantinea-pleiades-570459-identity,city-mantinea,src-pleiades-570459,identity,1
es-city-mantinea-pleiades-570459-names,city-mantinea,src-pleiades-570459,names,1
es-city-mantinea-pleiades-570459-relationships,city-mantinea,src-pleiades-570459,relationships,1
es-city-megalopolis-pleiades-570467-chronology,city-megalopolis,src-pleiades-570467,chronology,1
es-city-megalopolis-pleiades-570467-classification,city-megalopolis,src-pleiades-570467,classification,1
es-city-megalopolis-pleiades-570467-description,city-megalopolis,src-pleiades-570467,description,1
es-city-megalopolis-pleiades-570467-geometry,city-megalopolis,src-pleiades-570467,geometry,1
es-city-megalopolis-pleiades-570467-identity,city-megalopolis,src-pleiades-570467,identity,1
es-city-megalopolis-pleiades-570467-names,city-megalopolis,src-pleiades-570467,names,1
es-city-megalopolis-pleiades-570467-relationships,city-megalopolis,src-pleiades-570467,relationships,1
es-city-megara-pleiades-570468-chronology,city-megara,src-pleiades-570468,chronology,1
es-city-megara-pleiades-570468-classification,city-megara,src-pleiades-570468,classification,1
es-city-megara-pleiades-570468-description,city-megara,src-pleiades-570468,description,1
es-city-megara-pleiades-570468-geometry,city-megara,src-pleiades-570468,geometry,1
es-city-megara-pleiades-570468-identity,city-megara,src-pleiades-570468,identity,1
es-city-megara-pleiades-570468-names,city-megara,src-pleiades-570468,names,1
es-city-megara-pleiades-570468-relationships,city-megara,src-pleiades-570468,relationships,1
es-city-messene-pleiades-570479-chronology,city-messene,src-pleiades-570479,chronology,1
es-city-messene-pleiades-570479-classification,city-messene,src-pleiades-570479,classification,1
es-city-messene-pleiades-570479-description,city-messene,src-pleiades-570479,description,1
es-city-messene-pleiades-570479-geometry,city-messene,src-pleiades-570479,geometry,1
es-city-messene-pleiades-570479-identity,city-messene,src-pleiades-570479,identity,1
es-city-messene-pleiades-570479-names,city-messene,src-pleiades-570479,names,1
es-city-messene-pleiades-570479-relationships,city-messene,src-pleiades-570479,relationships,1
es-city-mytilene-pleiades-550763-chronology,city-mytilene,src-pleiades-550763,chronology,1
es-city-mytilene-pleiades-550763-classification,city-mytilene,src-pleiades-550763,classification,1
es-city-mytilene-pleiades-550763-description,city-mytilene,src-pleiades-550763,description,1
es-city-mytilene-pleiades-550763-geometry,city-mytilene,src-pleiades-550763,geometry,1
es-city-mytilene-pleiades-550763-identity,city-mytilene,src-pleiades-550763,identity,1
es-city-mytilene-pleiades-550763-names,city-mytilene,src-pleiades-550763,names,1
es-city-mytilene-pleiades-550763-relationships,city-mytilene,src-pleiades-550763,relationships,1
es-city-naxos-cyclades-pleiades-599821-chronology,city-naxos-cyclades,src-pleiades-599821,chronology,1
es-city-naxos-cyclades-pleiades-599821-classification,city-naxos-cyclades,src-pleiades-599821,classification,1
es-city-naxos-cyclades-pleiades-599821-description,city-naxos-cyclades,src-pleiades-599821,description,1
es-city-naxos-cyclades-pleiades-599821-geometry,city-naxos-cyclades,src-pleiades-599821,geometry,1
es-city-naxos-cyclades-pleiades-599821-identity,city-naxos-cyclades,src-pleiades-599821,identity,1
es-city-naxos-cyclades-pleiades-599821-names,city-naxos-cyclades,src-pleiades-599821,names,1
es-city-naxos-cyclades-pleiades-599821-relationships,city-naxos-cyclades,src-pleiades-599821,relationships,1
es-city-olynthus-pleiades-491678-chronology,city-olynthus,src-pleiades-491678,chronology,1
es-city-olynthus-pleiades-491678-classification,city-olynthus,src-pleiades-491678,classification,1
es-city-olynthus-pleiades-491678-description,city-olynthus,src-pleiades-491678,description,1
es-city-olynthus-pleiades-491678-geometry,city-olynthus,src-pleiades-491678,geometry,1
es-city-olynthus-pleiades-491678-identity,city-olynthus,src-pleiades-491678,identity,1
es-city-olynthus-pleiades-491678-names,city-olynthus,src-pleiades-491678,names,1
es-city-olynthus-pleiades-491678-relationships,city-olynthus,src-pleiades-491678,relationships,1
es-city-patrae-pleiades-570567-chronology,city-patrae,src-pleiades-570567,chronology,1
es-city-patrae-pleiades-570567-classification,city-patrae,src-pleiades-570567,classification,1
es-city-patrae-pleiades-570567-description,city-patrae,src-pleiades-570567,description,1
es-city-patrae-pleiades-570567-geometry,city-patrae,src-pleiades-570567,geometry,1
es-city-patrae-pleiades-570567-identity,city-patrae,src-pleiades-570567,identity,1
es-city-patrae-pleiades-570567-names,city-patrae,src-pleiades-570567,names,1
es-city-patrae-pleiades-570567-relationships,city-patrae,src-pleiades-570567,relationships,1
es-city-pella-pleiades-491687-chronology,city-pella,src-pleiades-491687,chronology,1
es-city-pella-pleiades-491687-classification,city-pella,src-pleiades-491687,classification,1
es-city-pella-pleiades-491687-description,city-pella,src-pleiades-491687,description,1
es-city-pella-pleiades-491687-geometry,city-pella,src-pleiades-491687,geometry,1
es-city-pella-pleiades-491687-identity,city-pella,src-pleiades-491687,identity,1
es-city-pella-pleiades-491687-names,city-pella,src-pleiades-491687,names,1
es-city-pella-pleiades-491687-relationships,city-pella,src-pleiades-491687,relationships,1
es-city-pergamum-pleiades-550812-chronology,city-pergamum,src-pleiades-550812,chronology,1
es-city-pergamum-pleiades-550812-classification,city-pergamum,src-pleiades-550812,classification,1
es-city-pergamum-pleiades-550812-description,city-pergamum,src-pleiades-550812,description,1
es-city-pergamum-pleiades-550812-geometry,city-pergamum,src-pleiades-550812,geometry,1
es-city-pergamum-pleiades-550812-identity,city-pergamum,src-pleiades-550812,identity,1
es-city-pergamum-pleiades-550812-names,city-pergamum,src-pleiades-550812,names,1
es-city-pergamum-pleiades-550812-relationships,city-pergamum,src-pleiades-550812,relationships,1
es-city-pherae-thessaly-pleiades-541044-chronology,city-pherae-thessaly,src-pleiades-541044,chronology,1
es-city-pherae-thessaly-pleiades-541044-classification,city-pherae-thessaly,src-pleiades-541044,classification,1
es-city-pherae-thessaly-pleiades-541044-description,city-pherae-thessaly,src-pleiades-541044,description,1
es-city-pherae-thessaly-pleiades-541044-geometry,city-pherae-thessaly,src-pleiades-541044,geometry,1
es-city-pherae-thessaly-pleiades-541044-identity,city-pherae-thessaly,src-pleiades-541044,identity,1
es-city-pherae-thessaly-pleiades-541044-names,city-pherae-thessaly,src-pleiades-541044,names,1
es-city-pherae-thessaly-pleiades-541044-relationships,city-pherae-thessaly,src-pleiades-541044,relationships,1
es-city-piraeus-pleiades-580062-chronology,city-piraeus,src-pleiades-580062,chronology,1
es-city-piraeus-pleiades-580062-classification,city-piraeus,src-pleiades-580062,classification,1
es-city-piraeus-pleiades-580062-description,city-piraeus,src-pleiades-580062,description,1
es-city-piraeus-pleiades-580062-geometry,city-piraeus,src-pleiades-580062,geometry,1
es-city-piraeus-pleiades-580062-identity,city-piraeus,src-pleiades-580062,identity,1
es-city-piraeus-pleiades-580062-names,city-piraeus,src-pleiades-580062,names,1
es-city-piraeus-pleiades-580062-relationships,city-piraeus,src-pleiades-580062,relationships,1
es-city-ptolemais-cyrenaica-pleiades-373879-chronology,city-ptolemais-cyrenaica,src-pleiades-373879,chronology,1
es-city-ptolemais-cyrenaica-pleiades-373879-classification,city-ptolemais-cyrenaica,src-pleiades-373879,classification,1
es-city-ptolemais-cyrenaica-pleiades-373879-description,city-ptolemais-cyrenaica,src-pleiades-373879,description,1
es-city-ptolemais-cyrenaica-pleiades-373879-geometry,city-ptolemais-cyrenaica,src-pleiades-373879,geometry,1
es-city-ptolemais-cyrenaica-pleiades-373879-identity,city-ptolemais-cyrenaica,src-pleiades-373879,identity,1
es-city-ptolemais-cyrenaica-pleiades-373879-names,city-ptolemais-cyrenaica,src-pleiades-373879,names,1
es-city-ptolemais-cyrenaica-pleiades-373879-relationships,city-ptolemais-cyrenaica,src-pleiades-373879,relationships,1
es-city-pydna-pleiades-491703-chronology,city-pydna,src-pleiades-491703,chronology,1
es-city-pydna-pleiades-491703-classification,city-pydna,src-pleiades-491703,classification,1
es-city-pydna-pleiades-491703-description,city-pydna,src-pleiades-491703,description,1
es-city-pydna-pleiades-491703-geometry,city-pydna,src-pleiades-491703,geometry,1
es-city-pydna-pleiades-491703-identity,city-pydna,src-pleiades-491703,identity,1
es-city-pydna-pleiades-491703-names,city-pydna,src-pleiades-491703,names,1
es-city-pydna-pleiades-491703-relationships,city-pydna,src-pleiades-491703,relationships,1
es-city-rhodes-city-pleiades-590030-chronology,city-rhodes-city,src-pleiades-590030,chronology,1
es-city-rhodes-city-pleiades-590030-classification,city-rhodes-city,src-pleiades-590030,classification,1
es-city-rhodes-city-pleiades-590030-description,city-rhodes-city,src-pleiades-590030,description,1
es-city-rhodes-city-pleiades-590030-geometry,city-rhodes-city,src-pleiades-590030,geometry,1
es-city-rhodes-city-pleiades-590030-identity,city-rhodes-city,src-pleiades-590030,identity,1
es-city-rhodes-city-pleiades-590030-names,city-rhodes-city,src-pleiades-590030,names,1
es-city-rhodes-city-pleiades-590030-relationships,city-rhodes-city,src-pleiades-590030,relationships,1
es-city-samos-city-pleiades-599925-chronology,city-samos-city,src-pleiades-599925,chronology,1
es-city-samos-city-pleiades-599925-classification,city-samos-city,src-pleiades-599925,classification,1
es-city-samos-city-pleiades-599925-description,city-samos-city,src-pleiades-599925,description,1
es-city-samos-city-pleiades-599925-geometry,city-samos-city,src-pleiades-599925,geometry,1
es-city-samos-city-pleiades-599925-identity,city-samos-city,src-pleiades-599925,identity,1
es-city-samos-city-pleiades-599925-names,city-samos-city,src-pleiades-599925,names,1
es-city-samos-city-pleiades-599925-relationships,city-samos-city,src-pleiades-599925,relationships,1
es-city-sicyon-pleiades-570668-chronology,city-sicyon,src-pleiades-570668,chronology,1
es-city-sicyon-pleiades-570668-classification,city-sicyon,src-pleiades-570668,classification,1
es-city-sicyon-pleiades-570668-description,city-sicyon,src-pleiades-570668,description,1
es-city-sicyon-pleiades-570668-geometry,city-sicyon,src-pleiades-570668,geometry,1
es-city-sicyon-pleiades-570668-identity,city-sicyon,src-pleiades-570668,identity,1
es-city-sicyon-pleiades-570668-names,city-sicyon,src-pleiades-570668,names,1
es-city-sicyon-pleiades-570668-relationships,city-sicyon,src-pleiades-570668,relationships,1
es-city-smyrna-pleiades-550893-chronology,city-smyrna,src-pleiades-550893,chronology,1
es-city-smyrna-pleiades-550893-classification,city-smyrna,src-pleiades-550893,classification,1
es-city-smyrna-pleiades-550893-description,city-smyrna,src-pleiades-550893,description,1
es-city-smyrna-pleiades-550893-geometry,city-smyrna,src-pleiades-550893,geometry,1
es-city-smyrna-pleiades-550893-identity,city-smyrna,src-pleiades-550893,identity,1
es-city-smyrna-pleiades-550893-names,city-smyrna,src-pleiades-550893,names,1
es-city-smyrna-pleiades-550893-relationships,city-smyrna,src-pleiades-550893,relationships,1
es-city-sparta-pleiades-570685-chronology,city-sparta,src-pleiades-570685,chronology,1
es-city-sparta-pleiades-570685-classification,city-sparta,src-pleiades-570685,classification,1
es-city-sparta-pleiades-570685-description,city-sparta,src-pleiades-570685,description,1
es-city-sparta-pleiades-570685-geometry,city-sparta,src-pleiades-570685,geometry,1
es-city-sparta-pleiades-570685-identity,city-sparta,src-pleiades-570685,identity,1
es-city-sparta-pleiades-570685-names,city-sparta,src-pleiades-570685,names,1
es-city-sparta-pleiades-570685-relationships,city-sparta,src-pleiades-570685,relationships,1
es-city-tegea-pleiades-570707-chronology,city-tegea,src-pleiades-570707,chronology,1
es-city-tegea-pleiades-570707-classification,city-tegea,src-pleiades-570707,classification,1
es-city-tegea-pleiades-570707-description,city-tegea,src-pleiades-570707,description,1
es-city-tegea-pleiades-570707-geometry,city-tegea,src-pleiades-570707,geometry,1
es-city-tegea-pleiades-570707-identity,city-tegea,src-pleiades-570707,identity,1
es-city-tegea-pleiades-570707-names,city-tegea,src-pleiades-570707,names,1
es-city-tegea-pleiades-570707-relationships,city-tegea,src-pleiades-570707,relationships,1
es-city-thebes-boeotia-pleiades-541138-chronology,city-thebes-boeotia,src-pleiades-541138,chronology,1
es-city-thebes-boeotia-pleiades-541138-classification,city-thebes-boeotia,src-pleiades-541138,classification,1
es-city-thebes-boeotia-pleiades-541138-description,city-thebes-boeotia,src-pleiades-541138,description,1
es-city-thebes-boeotia-pleiades-541138-geometry,city-thebes-boeotia,src-pleiades-541138,geometry,1
es-city-thebes-boeotia-pleiades-541138-identity,city-thebes-boeotia,src-pleiades-541138,identity,1
es-city-thebes-boeotia-pleiades-541138-names,city-thebes-boeotia,src-pleiades-541138,names,1
es-city-thebes-boeotia-pleiades-541138-relationships,city-thebes-boeotia,src-pleiades-541138,relationships,1
es-city-thera-city-pleiades-599971-chronology,city-thera-city,src-pleiades-599971,chronology,1
es-city-thera-city-pleiades-599971-classification,city-thera-city,src-pleiades-599971,classification,1
es-city-thera-city-pleiades-599971-description,city-thera-city,src-pleiades-599971,description,1
es-city-thera-city-pleiades-599971-geometry,city-thera-city,src-pleiades-599971,geometry,1
es-city-thera-city-pleiades-599971-identity,city-thera-city,src-pleiades-599971,identity,1
es-city-thera-city-pleiades-599971-names,city-thera-city,src-pleiades-599971,names,1
es-city-thera-city-pleiades-599971-relationships,city-thera-city,src-pleiades-599971,relationships,1
es-city-thessalonica-pleiades-491741-chronology,city-thessalonica,src-pleiades-491741,chronology,1
es-city-thessalonica-pleiades-491741-classification,city-thessalonica,src-pleiades-491741,classification,1
es-city-thessalonica-pleiades-491741-description,city-thessalonica,src-pleiades-491741,description,1
es-city-thessalonica-pleiades-491741-geometry,city-thessalonica,src-pleiades-491741,geometry,1
es-city-thessalonica-pleiades-491741-identity,city-thessalonica,src-pleiades-491741,identity,1
es-city-thessalonica-pleiades-491741-names,city-thessalonica,src-pleiades-491741,names,1
es-city-thessalonica-pleiades-491741-relationships,city-thessalonica,src-pleiades-491741,relationships,1
es-colony-abydos-pleiades-501325-chronology,colony-abydos,src-pleiades-501325,chronology,1
es-colony-abydos-pleiades-501325-classification,colony-abydos,src-pleiades-501325,classification,1
es-colony-abydos-pleiades-501325-description,colony-abydos,src-pleiades-501325,description,1
es-colony-abydos-pleiades-501325-geometry,colony-abydos,src-pleiades-501325,geometry,1
es-colony-abydos-pleiades-501325-identity,colony-abydos,src-pleiades-501325,identity,1
es-colony-abydos-pleiades-501325-names,colony-abydos,src-pleiades-501325,names,1
es-colony-abydos-pleiades-501325-relationships,colony-abydos,src-pleiades-501325,relationships,1
es-colony-akragas-pleiades-462086-chronology,colony-akragas,src-pleiades-462086,chronology,1
es-colony-akragas-pleiades-462086-classification,colony-akragas,src-pleiades-462086,classification,1
es-colony-akragas-pleiades-462086-description,colony-akragas,src-pleiades-462086,description,1
es-colony-akragas-pleiades-462086-geometry,colony-akragas,src-pleiades-462086,geometry,1
es-colony-akragas-pleiades-462086-identity,colony-akragas,src-pleiades-462086,identity,1
es-colony-akragas-pleiades-462086-names,colony-akragas,src-pleiades-462086,names,1
es-colony-akragas-pleiades-462086-relationships,colony-akragas,src-pleiades-462086,relationships,1
es-colony-ambracia-pleiades-530794-chronology,colony-ambracia,src-pleiades-530794,chronology,1
es-colony-ambracia-pleiades-530794-classification,colony-ambracia,src-pleiades-530794,classification,1
es-colony-ambracia-pleiades-530794-description,colony-ambracia,src-pleiades-530794,description,1
es-colony-ambracia-pleiades-530794-geometry,colony-ambracia,src-pleiades-530794,geometry,1
es-colony-ambracia-pleiades-530794-identity,colony-ambracia,src-pleiades-530794,identity,1
es-colony-ambracia-pleiades-530794-names,colony-ambracia,src-pleiades-530794,names,1
es-colony-ambracia-pleiades-530794-relationships,colony-ambracia,src-pleiades-530794,relationships,1
es-colony-amisus-pleiades-857024-chronology,colony-amisus,src-pleiades-857024,chronology,1
es-colony-amisus-pleiades-857024-classification,colony-amisus,src-pleiades-857024,classification,1
es-colony-amisus-pleiades-857024-description,colony-amisus,src-pleiades-857024,description,1
es-colony-amisus-pleiades-857024-geometry,colony-amisus,src-pleiades-857024,geometry,1
es-colony-amisus-pleiades-857024-identity,colony-amisus,src-pleiades-857024,identity,1
es-colony-amisus-pleiades-857024-names,colony-amisus,src-pleiades-857024,names,1
es-colony-amisus-pleiades-857024-relationships,colony-amisus,src-pleiades-857024,relationships,1
es-colony-amphipolis-pleiades-501347-chronology,colony-amphipolis,src-pleiades-501347,chronology,1
es-colony-amphipolis-pleiades-501347-classification,colony-amphipolis,src-pleiades-501347,classification,1
es-colony-amphipolis-pleiades-501347-description,colony-amphipolis,src-pleiades-501347,description,1
es-colony-amphipolis-pleiades-501347-geometry,colony-amphipolis,src-pleiades-501347,geometry,1
es-colony-amphipolis-pleiades-501347-identity,colony-amphipolis,src-pleiades-501347,identity,1
es-colony-amphipolis-pleiades-501347-names,colony-amphipolis,src-pleiades-501347,names,1
es-colony-amphipolis-pleiades-501347-relationships,colony-amphipolis,src-pleiades-501347,relationships,1
es-colony-ancona-pleiades-413014-chronology,colony-ancona,src-pleiades-413014,chronology,1
es-colony-ancona-pleiades-413014-classification,colony-ancona,src-pleiades-413014,classification,1
es-colony-ancona-pleiades-413014-description,colony-ancona,src-pleiades-413014,description,1
es-colony-ancona-pleiades-413014-geometry,colony-ancona,src-pleiades-413014,geometry,1
es-colony-ancona-pleiades-413014-identity,colony-ancona,src-pleiades-413014,identity,1
es-colony-ancona-pleiades-413014-names,colony-ancona,src-pleiades-413014,names,1
es-colony-ancona-pleiades-413014-relationships,colony-ancona,src-pleiades-413014,relationships,1
es-colony-apollonia-cyrenaica-pleiades-373732-chronology,colony-apollonia-cyrenaica,src-pleiades-373732,chronology,1
es-colony-apollonia-cyrenaica-pleiades-373732-classification,colony-apollonia-cyrenaica,src-pleiades-373732,classification,1
es-colony-apollonia-cyrenaica-pleiades-373732-description,colony-apollonia-cyrenaica,src-pleiades-373732,description,1
es-colony-apollonia-cyrenaica-pleiades-373732-geometry,colony-apollonia-cyrenaica,src-pleiades-373732,geometry,1
es-colony-apollonia-cyrenaica-pleiades-373732-identity,colony-apollonia-cyrenaica,src-pleiades-373732,identity,1
es-colony-apollonia-cyrenaica-pleiades-373732-names,colony-apollonia-cyrenaica,src-pleiades-373732,names,1
es-colony-apollonia-cyrenaica-pleiades-373732-relationships,colony-apollonia-cyrenaica,src-pleiades-373732,relationships,1
es-colony-apollonia-illyria-pleiades-481728-chronology,colony-apollonia-illyria,src-pleiades-481728,chronology,1
es-colony-apollonia-illyria-pleiades-481728-classification,colony-apollonia-illyria,src-pleiades-481728,classification,1
es-colony-apollonia-illyria-pleiades-481728-description,colony-apollonia-illyria,src-pleiades-481728,description,1
es-colony-apollonia-illyria-pleiades-481728-geometry,colony-apollonia-illyria,src-pleiades-481728,geometry,1
es-colony-apollonia-illyria-pleiades-481728-identity,colony-apollonia-illyria,src-pleiades-481728,identity,1
es-colony-apollonia-illyria-pleiades-481728-names,colony-apollonia-illyria,src-pleiades-481728,names,1
es-colony-apollonia-illyria-pleiades-481728-relationships,colony-apollonia-illyria,src-pleiades-481728,relationships,1
es-colony-apollonia-pontica-pleiades-216706-chronology,colony-apollonia-pontica,src-pleiades-216706,chronology,1
es-colony-apollonia-pontica-pleiades-216706-classification,colony-apollonia-pontica,src-pleiades-216706,classification,1
es-colony-apollonia-pontica-pleiades-216706-description,colony-apollonia-pontica,src-pleiades-216706,description,1
es-colony-apollonia-pontica-pleiades-216706-geometry,colony-apollonia-pontica,src-pleiades-216706,geometry,1
es-colony-apollonia-pontica-pleiades-216706-identity,colony-apollonia-pontica,src-pleiades-216706,identity,1
es-colony-apollonia-pontica-pleiades-216706-names,colony-apollonia-pontica,src-pleiades-216706,names,1
es-colony-apollonia-pontica-pleiades-216706-relationships,colony-apollonia-pontica,src-pleiades-216706,relationships,1
es-colony-assos-pleiades-550463-chronology,colony-assos,src-pleiades-550463,chronology,1
es-colony-assos-pleiades-550463-classification,colony-assos,src-pleiades-550463,classification,1
es-colony-assos-pleiades-550463-description,colony-assos,src-pleiades-550463,description,1
es-colony-assos-pleiades-550463-geometry,colony-assos,src-pleiades-550463,geometry,1
es-colony-assos-pleiades-550463-identity,colony-assos,src-pleiades-550463,identity,1
es-colony-assos-pleiades-550463-names,colony-assos,src-pleiades-550463,names,1
es-colony-assos-pleiades-550463-relationships,colony-assos,src-pleiades-550463,relationships,1
es-colony-barca-cyrenaica-pleiades-373750-chronology,colony-barca-cyrenaica,src-pleiades-373750,chronology,1
es-colony-barca-cyrenaica-pleiades-373750-classification,colony-barca-cyrenaica,src-pleiades-373750,classification,1
es-colony-barca-cyrenaica-pleiades-373750-description,colony-barca-cyrenaica,src-pleiades-373750,description,1
es-colony-barca-cyrenaica-pleiades-373750-geometry,colony-barca-cyrenaica,src-pleiades-373750,geometry,1
es-colony-barca-cyrenaica-pleiades-373750-identity,colony-barca-cyrenaica,src-pleiades-373750,identity,1
es-colony-barca-cyrenaica-pleiades-373750-names,colony-barca-cyrenaica,src-pleiades-373750,names,1
es-colony-barca-cyrenaica-pleiades-373750-relationships,colony-barca-cyrenaica,src-pleiades-373750,relationships,1
es-colony-byzantium-pleiades-520985-chronology,colony-byzantium,src-pleiades-520985,chronology,1
es-colony-byzantium-pleiades-520985-classification,colony-byzantium,src-pleiades-520985,classification,1
es-colony-byzantium-pleiades-520985-description,colony-byzantium,src-pleiades-520985,description,1
es-colony-byzantium-pleiades-520985-geometry,colony-byzantium,src-pleiades-520985,geometry,1
es-colony-byzantium-pleiades-520985-identity,colony-byzantium,src-pleiades-520985,identity,1
es-colony-byzantium-pleiades-520985-names,colony-byzantium,src-pleiades-520985,names,1
es-colony-byzantium-pleiades-520985-relationships,colony-byzantium,src-pleiades-520985,relationships,1
es-colony-callatis-pleiades-216744-chronology,colony-callatis,src-pleiades-216744,chronology,1
es-colony-callatis-pleiades-216744-classification,colony-callatis,src-pleiades-216744,classification,1
es-colony-callatis-pleiades-216744-description,colony-callatis,src-pleiades-216744,description,1
es-colony-callatis-pleiades-216744-geometry,colony-callatis,src-pleiades-216744,geometry,1
es-colony-callatis-pleiades-216744-identity,colony-callatis,src-pleiades-216744,identity,1
es-colony-callatis-pleiades-216744-names,colony-callatis,src-pleiades-216744,names,1
es-colony-callatis-pleiades-216744-relationships,colony-callatis,src-pleiades-216744,relationships,1
es-colony-catana-pleiades-462270-chronology,colony-catana,src-pleiades-462270,chronology,1
es-colony-catana-pleiades-462270-classification,colony-catana,src-pleiades-462270,classification,1
es-colony-catana-pleiades-462270-description,colony-catana,src-pleiades-462270,description,1
es-colony-catana-pleiades-462270-geometry,colony-catana,src-pleiades-462270,geometry,1
es-colony-catana-pleiades-462270-identity,colony-catana,src-pleiades-462270,identity,1
es-colony-catana-pleiades-462270-names,colony-catana,src-pleiades-462270,names,1
es-colony-catana-pleiades-462270-relationships,colony-catana,src-pleiades-462270,relationships,1
es-colony-chalcedon-pleiades-520988-chronology,colony-chalcedon,src-pleiades-520988,chronology,1
es-colony-chalcedon-pleiades-520988-classification,colony-chalcedon,src-pleiades-520988,classification,1
es-colony-chalcedon-pleiades-520988-description,colony-chalcedon,src-pleiades-520988,description,1
es-colony-chalcedon-pleiades-520988-geometry,colony-chalcedon,src-pleiades-520988,geometry,1
es-colony-chalcedon-pleiades-520988-identity,colony-chalcedon,src-pleiades-520988,identity,1
es-colony-chalcedon-pleiades-520988-names,colony-chalcedon,src-pleiades-520988,names,1
es-colony-chalcedon-pleiades-520988-relationships,colony-chalcedon,src-pleiades-520988,relationships,1
es-colony-chersonesus-taurica-pleiades-226564-chronology,colony-chersonesus-taurica,src-pleiades-226564,chronology,1
es-colony-chersonesus-taurica-pleiades-226564-classification,colony-chersonesus-taurica,src-pleiades-226564,classification,1
es-colony-chersonesus-taurica-pleiades-226564-description,colony-chersonesus-taurica,src-pleiades-226564,description,1
es-colony-chersonesus-taurica-pleiades-226564-geometry,colony-chersonesus-taurica,src-pleiades-226564,geometry,1
es-colony-chersonesus-taurica-pleiades-226564-identity,colony-chersonesus-taurica,src-pleiades-226564,identity,1
es-colony-chersonesus-taurica-pleiades-226564-names,colony-chersonesus-taurica,src-pleiades-226564,names,1
es-colony-chersonesus-taurica-pleiades-226564-relationships,colony-chersonesus-taurica,src-pleiades-226564,relationships,1
es-colony-clazomenae-pleiades-550651-chronology,colony-clazomenae,src-pleiades-550651,chronology,1
es-colony-clazomenae-pleiades-550651-classification,colony-clazomenae,src-pleiades-550651,classification,1
es-colony-clazomenae-pleiades-550651-description,colony-clazomenae,src-pleiades-550651,description,1
es-colony-clazomenae-pleiades-550651-geometry,colony-clazomenae,src-pleiades-550651,geometry,1
es-colony-clazomenae-pleiades-550651-identity,colony-clazomenae,src-pleiades-550651,identity,1
es-colony-clazomenae-pleiades-550651-names,colony-clazomenae,src-pleiades-550651,names,1
es-colony-clazomenae-pleiades-550651-relationships,colony-clazomenae,src-pleiades-550651,relationships,1
es-colony-cnidus-pleiades-599575-chronology,colony-cnidus,src-pleiades-599575,chronology,1
es-colony-cnidus-pleiades-599575-classification,colony-cnidus,src-pleiades-599575,classification,1
es-colony-cnidus-pleiades-599575-description,colony-cnidus,src-pleiades-599575,description,1
es-colony-cnidus-pleiades-599575-geometry,colony-cnidus,src-pleiades-599575,geometry,1
es-colony-cnidus-pleiades-599575-identity,colony-cnidus,src-pleiades-599575,identity,1
es-colony-cnidus-pleiades-599575-names,colony-cnidus,src-pleiades-599575,names,1
es-colony-cnidus-pleiades-599575-relationships,colony-cnidus,src-pleiades-599575,relationships,1
es-colony-colophon-pleiades-599577-chronology,colony-colophon,src-pleiades-599577,chronology,1
es-colony-colophon-pleiades-599577-classification,colony-colophon,src-pleiades-599577,classification,1
es-colony-colophon-pleiades-599577-description,colony-colophon,src-pleiades-599577,description,1
es-colony-colophon-pleiades-599577-geometry,colony-colophon,src-pleiades-599577,geometry,1
es-colony-colophon-pleiades-599577-identity,colony-colophon,src-pleiades-599577,identity,1
es-colony-colophon-pleiades-599577-names,colony-colophon,src-pleiades-599577,names,1
es-colony-colophon-pleiades-599577-relationships,colony-colophon,src-pleiades-599577,relationships,1
es-colony-corcyra-pleiades-530834-chronology,colony-corcyra,src-pleiades-530834,chronology,1
es-colony-corcyra-pleiades-530834-classification,colony-corcyra,src-pleiades-530834,classification,1
es-colony-corcyra-pleiades-530834-description,colony-corcyra,src-pleiades-530834,description,1
es-colony-corcyra-pleiades-530834-geometry,colony-corcyra,src-pleiades-530834,geometry,1
es-colony-corcyra-pleiades-530834-identity,colony-corcyra,src-pleiades-530834,identity,1
es-colony-corcyra-pleiades-530834-names,colony-corcyra,src-pleiades-530834,names,1
es-colony-corcyra-pleiades-530834-relationships,colony-corcyra,src-pleiades-530834,relationships,1
es-colony-croton-pleiades-452317-chronology,colony-croton,src-pleiades-452317,chronology,1
es-colony-croton-pleiades-452317-classification,colony-croton,src-pleiades-452317,classification,1
es-colony-croton-pleiades-452317-description,colony-croton,src-pleiades-452317,description,1
es-colony-croton-pleiades-452317-geometry,colony-croton,src-pleiades-452317,geometry,1
es-colony-croton-pleiades-452317-identity,colony-croton,src-pleiades-452317,identity,1
es-colony-croton-pleiades-452317-names,colony-croton,src-pleiades-452317,names,1
es-colony-croton-pleiades-452317-relationships,colony-croton,src-pleiades-452317,relationships,1
es-colony-cumae-campania-pleiades-432808-chronology,colony-cumae-campania,src-pleiades-432808,chronology,1
es-colony-cumae-campania-pleiades-432808-classification,colony-cumae-campania,src-pleiades-432808,classification,1
es-colony-cumae-campania-pleiades-432808-description,colony-cumae-campania,src-pleiades-432808,description,1
es-colony-cumae-campania-pleiades-432808-geometry,colony-cumae-campania,src-pleiades-432808,geometry,1
es-colony-cumae-campania-pleiades-432808-identity,colony-cumae-campania,src-pleiades-432808,identity,1
es-colony-cumae-campania-pleiades-432808-names,colony-cumae-campania,src-pleiades-432808,names,1
es-colony-cumae-campania-pleiades-432808-relationships,colony-cumae-campania,src-pleiades-432808,relationships,1
es-colony-cyme-aeolis-pleiades-550506-chronology,colony-cyme-aeolis,src-pleiades-550506,chronology,1
es-colony-cyme-aeolis-pleiades-550506-classification,colony-cyme-aeolis,src-pleiades-550506,classification,1
es-colony-cyme-aeolis-pleiades-550506-description,colony-cyme-aeolis,src-pleiades-550506,description,1
es-colony-cyme-aeolis-pleiades-550506-geometry,colony-cyme-aeolis,src-pleiades-550506,geometry,1
es-colony-cyme-aeolis-pleiades-550506-identity,colony-cyme-aeolis,src-pleiades-550506,identity,1
es-colony-cyme-aeolis-pleiades-550506-names,colony-cyme-aeolis,src-pleiades-550506,names,1
es-colony-cyme-aeolis-pleiades-550506-relationships,colony-cyme-aeolis,src-pleiades-550506,relationships,1
es-colony-cyrene-pleiades-373778-chronology,colony-cyrene,src-pleiades-373778,chronology,1
es-colony-cyrene-pleiades-373778-classification,colony-cyrene,src-pleiades-373778,classification,1
es-colony-cyrene-pleiades-373778-description,colony-cyrene,src-pleiades-373778,description,1
es-colony-cyrene-pleiades-373778-geometry,colony-cyrene,src-pleiades-373778,geometry,1
es-colony-cyrene-pleiades-373778-identity,colony-cyrene,src-pleiades-373778,identity,1
es-colony-cyrene-pleiades-373778-names,colony-cyrene,src-pleiades-373778,names,1
es-colony-cyrene-pleiades-373778-relationships,colony-cyrene,src-pleiades-373778,relationships,1
es-colony-cyzicus-pleiades-511218-chronology,colony-cyzicus,src-pleiades-511218,chronology,1
es-colony-cyzicus-pleiades-511218-classification,colony-cyzicus,src-pleiades-511218,classification,1
es-colony-cyzicus-pleiades-511218-description,colony-cyzicus,src-pleiades-511218,description,1
es-colony-cyzicus-pleiades-511218-geometry,colony-cyzicus,src-pleiades-511218,geometry,1
es-colony-cyzicus-pleiades-511218-identity,colony-cyzicus,src-pleiades-511218,identity,1
es-colony-cyzicus-pleiades-511218-names,colony-cyzicus,src-pleiades-511218,names,1
es-colony-cyzicus-pleiades-511218-relationships,colony-cyzicus,src-pleiades-511218,relationships,1
es-colony-dioscurias-pleiades-857107-chronology,colony-dioscurias,src-pleiades-857107,chronology,1
es-colony-dioscurias-pleiades-857107-classification,colony-dioscurias,src-pleiades-857107,classification,1
es-colony-dioscurias-pleiades-857107-description,colony-dioscurias,src-pleiades-857107,description,1
es-colony-dioscurias-pleiades-857107-geometry,colony-dioscurias,src-pleiades-857107,geometry,1
es-colony-dioscurias-pleiades-857107-identity,colony-dioscurias,src-pleiades-857107,identity,1
es-colony-dioscurias-pleiades-857107-names,colony-dioscurias,src-pleiades-857107,names,1
es-colony-dioscurias-pleiades-857107-relationships,colony-dioscurias,src-pleiades-857107,relationships,1
es-colony-elea-velia-pleiades-452488-chronology,colony-elea-velia,src-pleiades-452488,chronology,1
es-colony-elea-velia-pleiades-452488-classification,colony-elea-velia,src-pleiades-452488,classification,1
es-colony-elea-velia-pleiades-452488-description,colony-elea-velia,src-pleiades-452488,description,1
es-colony-elea-velia-pleiades-452488-geometry,colony-elea-velia,src-pleiades-452488,geometry,1
es-colony-elea-velia-pleiades-452488-identity,colony-elea-velia,src-pleiades-452488,identity,1
es-colony-elea-velia-pleiades-452488-names,colony-elea-velia,src-pleiades-452488,names,1
es-colony-elea-velia-pleiades-452488-relationships,colony-elea-velia,src-pleiades-452488,relationships,1
es-colony-emporion-iberia-pleiades-246382-chronology,colony-emporion-iberia,src-pleiades-246382,chronology,1
es-colony-emporion-iberia-pleiades-246382-classification,colony-emporion-iberia,src-pleiades-246382,classification,1
es-colony-emporion-iberia-pleiades-246382-description,colony-emporion-iberia,src-pleiades-246382,description,1
es-colony-emporion-iberia-pleiades-246382-geometry,colony-emporion-iberia,src-pleiades-246382,geometry,1
es-colony-emporion-iberia-pleiades-246382-identity,colony-emporion-iberia,src-pleiades-246382,identity,1
es-colony-emporion-iberia-pleiades-246382-names,colony-emporion-iberia,src-pleiades-246382,names,1
es-colony-emporion-iberia-pleiades-246382-relationships,colony-emporion-iberia,src-pleiades-246382,relationships,1
es-colony-ephesus-pleiades-599612-chronology,colony-ephesus,src-pleiades-599612,chronology,1
es-colony-ephesus-pleiades-599612-classification,colony-ephesus,src-pleiades-599612,classification,1
es-colony-ephesus-pleiades-599612-description,colony-ephesus,src-pleiades-599612,description,1
es-colony-ephesus-pleiades-599612-geometry,colony-ephesus,src-pleiades-599612,geometry,1
es-colony-ephesus-pleiades-599612-identity,colony-ephesus,src-pleiades-599612,identity,1
es-colony-ephesus-pleiades-599612-names,colony-ephesus,src-pleiades-599612,names,1
es-colony-ephesus-pleiades-599612-relationships,colony-ephesus,src-pleiades-599612,relationships,1
es-colony-epidamnos-pleiades-481818-chronology,colony-epidamnos,src-pleiades-481818,chronology,1
es-colony-epidamnos-pleiades-481818-classification,colony-epidamnos,src-pleiades-481818,classification,1
es-colony-epidamnos-pleiades-481818-description,colony-epidamnos,src-pleiades-481818,description,1
es-colony-epidamnos-pleiades-481818-geometry,colony-epidamnos,src-pleiades-481818,geometry,1
es-colony-epidamnos-pleiades-481818-identity,colony-epidamnos,src-pleiades-481818,identity,1
es-colony-epidamnos-pleiades-481818-names,colony-epidamnos,src-pleiades-481818,names,1
es-colony-epidamnos-pleiades-481818-relationships,colony-epidamnos,src-pleiades-481818,relationships,1
es-colony-erythrae-ionia-pleiades-550535-chronology,colony-erythrae-ionia,src-pleiades-550535,chronology,1
es-colony-erythrae-ionia-pleiades-550535-classification,colony-erythrae-ionia,src-pleiades-550535,classification,1
es-colony-erythrae-ionia-pleiades-550535-description,colony-erythrae-ionia,src-pleiades-550535,description,1
es-colony-erythrae-ionia-pleiades-550535-geometry,colony-erythrae-ionia,src-pleiades-550535,geometry,1
es-colony-erythrae-ionia-pleiades-550535-identity,colony-erythrae-ionia,src-pleiades-550535,identity,1
es-colony-erythrae-ionia-pleiades-550535-names,colony-erythrae-ionia,src-pleiades-550535,names,1
es-colony-erythrae-ionia-pleiades-550535-relationships,colony-erythrae-ionia,src-pleiades-550535,relationships,1
es-colony-euesperides-pleiades-373786-chronology,colony-euesperides,src-pleiades-373786,chronology,1
es-colony-euesperides-pleiades-373786-classification,colony-euesperides,src-pleiades-373786,classification,1
es-colony-euesperides-pleiades-373786-description,colony-euesperides,src-pleiades-373786,description,1
es-colony-euesperides-pleiades-373786-geometry,colony-euesperides,src-pleiades-373786,geometry,1
es-colony-euesperides-pleiades-373786-identity,colony-euesperides,src-pleiades-373786,identity,1
es-colony-euesperides-pleiades-373786-names,colony-euesperides,src-pleiades-373786,names,1
es-colony-euesperides-pleiades-373786-relationships,colony-euesperides,src-pleiades-373786,relationships,1
es-colony-gela-pleiades-462214-chronology,colony-gela,src-pleiades-462214,chronology,1
es-colony-gela-pleiades-462214-classification,colony-gela,src-pleiades-462214,classification,1
es-colony-gela-pleiades-462214-description,colony-gela,src-pleiades-462214,description,1
es-colony-gela-pleiades-462214-geometry,colony-gela,src-pleiades-462214,geometry,1
es-colony-gela-pleiades-462214-identity,colony-gela,src-pleiades-462214,identity,1
es-colony-gela-pleiades-462214-names,colony-gela,src-pleiades-462214,names,1
es-colony-gela-pleiades-462214-relationships,colony-gela,src-pleiades-462214,relationships,1
es-colony-halicarnassus-pleiades-599636-chronology,colony-halicarnassus,src-pleiades-599636,chronology,1
es-colony-halicarnassus-pleiades-599636-classification,colony-halicarnassus,src-pleiades-599636,classification,1
es-colony-halicarnassus-pleiades-599636-description,colony-halicarnassus,src-pleiades-599636,description,1
es-colony-halicarnassus-pleiades-599636-geometry,colony-halicarnassus,src-pleiades-599636,geometry,1
es-colony-halicarnassus-pleiades-599636-identity,colony-halicarnassus,src-pleiades-599636,identity,1
es-colony-halicarnassus-pleiades-599636-names,colony-halicarnassus,src-pleiades-599636,names,1
es-colony-halicarnassus-pleiades-599636-relationships,colony-halicarnassus,src-pleiades-599636,relationships,1
es-colony-heraclea-pontica-pleiades-844944-chronology,colony-heraclea-pontica,src-pleiades-844944,chronology,1
es-colony-heraclea-pontica-pleiades-844944-classification,colony-heraclea-pontica,src-pleiades-844944,classification,1
es-colony-heraclea-pontica-pleiades-844944-description,colony-heraclea-pontica,src-pleiades-844944,description,1
es-colony-heraclea-pontica-pleiades-844944-geometry,colony-heraclea-pontica,src-pleiades-844944,geometry,1
es-colony-heraclea-pontica-pleiades-844944-identity,colony-heraclea-pontica,src-pleiades-844944,identity,1
es-colony-heraclea-pontica-pleiades-844944-names,colony-heraclea-pontica,src-pleiades-844944,names,1
es-colony-heraclea-pontica-pleiades-844944-relationships,colony-heraclea-pontica,src-pleiades-844944,relationships,1
es-colony-himera-pleiades-462244-chronology,colony-himera,src-pleiades-462244,chronology,1
es-colony-himera-pleiades-462244-classification,colony-himera,src-pleiades-462244,classification,1
es-colony-himera-pleiades-462244-description,colony-himera,src-pleiades-462244,description,1
es-colony-himera-pleiades-462244-geometry,colony-himera,src-pleiades-462244,geometry,1
es-colony-himera-pleiades-462244-identity,colony-himera,src-pleiades-462244,identity,1
es-colony-himera-pleiades-462244-names,colony-himera,src-pleiades-462244,names,1
es-colony-himera-pleiades-462244-relationships,colony-himera,src-pleiades-462244,relationships,1
es-colony-histria-pontica-pleiades-216839-chronology,colony-histria-pontica,src-pleiades-216839,chronology,1
es-colony-histria-pontica-pleiades-216839-classification,colony-histria-pontica,src-pleiades-216839,classification,1
es-colony-histria-pontica-pleiades-216839-description,colony-histria-pontica,src-pleiades-216839,description,1
es-colony-histria-pontica-pleiades-216839-geometry,colony-histria-pontica,src-pleiades-216839,geometry,1
es-colony-histria-pontica-pleiades-216839-identity,colony-histria-pontica,src-pleiades-216839,identity,1
es-colony-histria-pontica-pleiades-216839-names,colony-histria-pontica,src-pleiades-216839,names,1
es-colony-histria-pontica-pleiades-216839-relationships,colony-histria-pontica,src-pleiades-216839,relationships,1
es-colony-iasos-pleiades-599664-chronology,colony-iasos,src-pleiades-599664,chronology,1
es-colony-iasos-pleiades-599664-classification,colony-iasos,src-pleiades-599664,classification,1
es-colony-iasos-pleiades-599664-description,colony-iasos,src-pleiades-599664,description,1
es-colony-iasos-pleiades-599664-geometry,colony-iasos,src-pleiades-599664,geometry,1
es-colony-iasos-pleiades-599664-identity,colony-iasos,src-pleiades-599664,identity,1
es-colony-iasos-pleiades-599664-names,colony-iasos,src-pleiades-599664,names,1
es-colony-iasos-pleiades-599664-relationships,colony-iasos,src-pleiades-599664,relationships,1
es-colony-issa-vis-armus-4dde844bac8f-chronology,colony-issa-vis,src-armus-4dde844bac8f,chronology,1
es-colony-issa-vis-armus-4dde844bac8f-classification,colony-issa-vis,src-armus-4dde844bac8f,classification,1
es-colony-issa-vis-armus-4dde844bac8f-description,colony-issa-vis,src-armus-4dde844bac8f,description,1
es-colony-issa-vis-armus-4dde844bac8f-geometry,colony-issa-vis,src-armus-4dde844bac8f,geometry,1
es-colony-issa-vis-armus-4dde844bac8f-identity,colony-issa-vis,src-armus-4dde844bac8f,identity,1
es-colony-issa-vis-armus-4dde844bac8f-names,colony-issa-vis,src-armus-4dde844bac8f,names,1
es-colony-issa-vis-armus-4dde844bac8f-relationships,colony-issa-vis,src-armus-4dde844bac8f,relationships,1
es-colony-lampsacus-pleiades-501570-chronology,colony-lampsacus,src-pleiades-501570,chronology,1
es-colony-lampsacus-pleiades-501570-classification,colony-lampsacus,src-pleiades-501570,classification,1
es-colony-lampsacus-pleiades-501570-description,colony-lampsacus,src-pleiades-501570,description,1
es-colony-lampsacus-pleiades-501570-geometry,colony-lampsacus,src-pleiades-501570,geometry,1
es-colony-lampsacus-pleiades-501570-identity,colony-lampsacus,src-pleiades-501570,identity,1
es-colony-lampsacus-pleiades-501570-names,colony-lampsacus,src-pleiades-501570,names,1
es-colony-lampsacus-pleiades-501570-relationships,colony-lampsacus,src-pleiades-501570,relationships,1
es-colony-leontinoi-pleiades-462279-chronology,colony-leontinoi,src-pleiades-462279,chronology,1
es-colony-leontinoi-pleiades-462279-classification,colony-leontinoi,src-pleiades-462279,classification,1
es-colony-leontinoi-pleiades-462279-description,colony-leontinoi,src-pleiades-462279,description,1
es-colony-leontinoi-pleiades-462279-geometry,colony-leontinoi,src-pleiades-462279,geometry,1
es-colony-leontinoi-pleiades-462279-identity,colony-leontinoi,src-pleiades-462279,identity,1
es-colony-leontinoi-pleiades-462279-names,colony-leontinoi,src-pleiades-462279,names,1
es-colony-leontinoi-pleiades-462279-relationships,colony-leontinoi,src-pleiades-462279,relationships,1
es-colony-locri-epizephyrii-pleiades-452369-chronology,colony-locri-epizephyrii,src-pleiades-452369,chronology,1
es-colony-locri-epizephyrii-pleiades-452369-classification,colony-locri-epizephyrii,src-pleiades-452369,classification,1
es-colony-locri-epizephyrii-pleiades-452369-description,colony-locri-epizephyrii,src-pleiades-452369,description,1
es-colony-locri-epizephyrii-pleiades-452369-geometry,colony-locri-epizephyrii,src-pleiades-452369,geometry,1
es-colony-locri-epizephyrii-pleiades-452369-identity,colony-locri-epizephyrii,src-pleiades-452369,identity,1
es-colony-locri-epizephyrii-pleiades-452369-names,colony-locri-epizephyrii,src-pleiades-452369,names,1
es-colony-locri-epizephyrii-pleiades-452369-relationships,colony-locri-epizephyrii,src-pleiades-452369,relationships,1
es-colony-magnesia-maeander-pleiades-599778-chronology,colony-magnesia-maeander,src-pleiades-599778,chronology,1
es-colony-magnesia-maeander-pleiades-599778-classification,colony-magnesia-maeander,src-pleiades-599778,classification,1
es-colony-magnesia-maeander-pleiades-599778-description,colony-magnesia-maeander,src-pleiades-599778,description,1
es-colony-magnesia-maeander-pleiades-599778-geometry,colony-magnesia-maeander,src-pleiades-599778,geometry,1
es-colony-magnesia-maeander-pleiades-599778-identity,colony-magnesia-maeander,src-pleiades-599778,identity,1
es-colony-magnesia-maeander-pleiades-599778-names,colony-magnesia-maeander,src-pleiades-599778,names,1
es-colony-magnesia-maeander-pleiades-599778-relationships,colony-magnesia-maeander,src-pleiades-599778,relationships,1
es-colony-massalia-pleiades-148127-chronology,colony-massalia,src-pleiades-148127,chronology,1
es-colony-massalia-pleiades-148127-classification,colony-massalia,src-pleiades-148127,classification,1
es-colony-massalia-pleiades-148127-description,colony-massalia,src-pleiades-148127,description,1
es-colony-massalia-pleiades-148127-geometry,colony-massalia,src-pleiades-148127,geometry,1
es-colony-massalia-pleiades-148127-identity,colony-massalia,src-pleiades-148127,identity,1
es-colony-massalia-pleiades-148127-names,colony-massalia,src-pleiades-148127,names,1
es-colony-massalia-pleiades-148127-relationships,colony-massalia,src-pleiades-148127,relationships,1
es-colony-megara-hyblaea-pleiades-462307-chronology,colony-megara-hyblaea,src-pleiades-462307,chronology,1
es-colony-megara-hyblaea-pleiades-462307-classification,colony-megara-hyblaea,src-pleiades-462307,classification,1
es-colony-megara-hyblaea-pleiades-462307-description,colony-megara-hyblaea,src-pleiades-462307,description,1
es-colony-megara-hyblaea-pleiades-462307-geometry,colony-megara-hyblaea,src-pleiades-462307,geometry,1
es-colony-megara-hyblaea-pleiades-462307-identity,colony-megara-hyblaea,src-pleiades-462307,identity,1
es-colony-megara-hyblaea-pleiades-462307-names,colony-megara-hyblaea,src-pleiades-462307,names,1
es-colony-megara-hyblaea-pleiades-462307-relationships,colony-megara-hyblaea,src-pleiades-462307,relationships,1
es-colony-mesembria-pleiades-216882-chronology,colony-mesembria,src-pleiades-216882,chronology,1
es-colony-mesembria-pleiades-216882-classification,colony-mesembria,src-pleiades-216882,classification,1
es-colony-mesembria-pleiades-216882-description,colony-mesembria,src-pleiades-216882,description,1
es-colony-mesembria-pleiades-216882-geometry,colony-mesembria,src-pleiades-216882,geometry,1
es-colony-mesembria-pleiades-216882-identity,colony-mesembria,src-pleiades-216882,identity,1
es-colony-mesembria-pleiades-216882-names,colony-mesembria,src-pleiades-216882,names,1
es-colony-mesembria-pleiades-216882-relationships,colony-mesembria,src-pleiades-216882,relationships,1
es-colony-metapontum-pleiades-442658-chronology,colony-metapontum,src-pleiades-442658,chronology,1
es-colony-metapontum-pleiades-442658-classification,colony-metapontum,src-pleiades-442658,classification,1
es-colony-metapontum-pleiades-442658-description,colony-metapontum,src-pleiades-442658,description,1
es-colony-metapontum-pleiades-442658-geometry,colony-metapontum,src-pleiades-442658,geometry,1
es-colony-metapontum-pleiades-442658-identity,colony-metapontum,src-pleiades-442658,identity,1
es-colony-metapontum-pleiades-442658-names,colony-metapontum,src-pleiades-442658,names,1
es-colony-metapontum-pleiades-442658-relationships,colony-metapontum,src-pleiades-442658,relationships,1
es-colony-miletus-pleiades-599799-chronology,colony-miletus,src-pleiades-599799,chronology,1
es-colony-miletus-pleiades-599799-classification,colony-miletus,src-pleiades-599799,classification,1
es-colony-miletus-pleiades-599799-description,colony-miletus,src-pleiades-599799,description,1
es-colony-miletus-pleiades-599799-geometry,colony-miletus,src-pleiades-599799,geometry,1
es-colony-miletus-pleiades-599799-identity,colony-miletus,src-pleiades-599799,identity,1
es-colony-miletus-pleiades-599799-names,colony-miletus,src-pleiades-599799,names,1
es-colony-miletus-pleiades-599799-relationships,colony-miletus,src-pleiades-599799,relationships,1
es-colony-myrina-aeolis-pleiades-550756-chronology,colony-myrina-aeolis,src-pleiades-550756,chronology,1
es-colony-myrina-aeolis-pleiades-550756-classification,colony-myrina-aeolis,src-pleiades-550756,classification,1
es-colony-myrina-aeolis-pleiades-550756-description,colony-myrina-aeolis,src-pleiades-550756,description,1
es-colony-myrina-aeolis-pleiades-550756-geometry,colony-myrina-aeolis,src-pleiades-550756,geometry,1
es-colony-myrina-aeolis-pleiades-550756-identity,colony-myrina-aeolis,src-pleiades-550756,identity,1
es-colony-myrina-aeolis-pleiades-550756-names,colony-myrina-aeolis,src-pleiades-550756,names,1
es-colony-myrina-aeolis-pleiades-550756-relationships,colony-myrina-aeolis,src-pleiades-550756,relationships,1
es-colony-naucratis-pleiades-727169-chronology,colony-naucratis,src-pleiades-727169,chronology,1
es-colony-naucratis-pleiades-727169-classification,colony-naucratis,src-pleiades-727169,classification,1
es-colony-naucratis-pleiades-727169-description,colony-naucratis,src-pleiades-727169,description,1
es-colony-naucratis-pleiades-727169-geometry,colony-naucratis,src-pleiades-727169,geometry,1
es-colony-naucratis-pleiades-727169-identity,colony-naucratis,src-pleiades-727169,identity,1
es-colony-naucratis-pleiades-727169-names,colony-naucratis,src-pleiades-727169,names,1
es-colony-naucratis-pleiades-727169-relationships,colony-naucratis,src-pleiades-727169,relationships,1
es-colony-naxos-sicily-pleiades-462386-chronology,colony-naxos-sicily,src-pleiades-462386,chronology,1
es-colony-naxos-sicily-pleiades-462386-classification,colony-naxos-sicily,src-pleiades-462386,classification,1
es-colony-naxos-sicily-pleiades-462386-description,colony-naxos-sicily,src-pleiades-462386,description,1
es-colony-naxos-sicily-pleiades-462386-geometry,colony-naxos-sicily,src-pleiades-462386,geometry,1
es-colony-naxos-sicily-pleiades-462386-identity,colony-naxos-sicily,src-pleiades-462386,identity,1
es-colony-naxos-sicily-pleiades-462386-names,colony-naxos-sicily,src-pleiades-462386,names,1
es-colony-naxos-sicily-pleiades-462386-relationships,colony-naxos-sicily,src-pleiades-462386,relationships,1
es-colony-neapolis-campania-pleiades-433014-chronology,colony-neapolis-campania,src-pleiades-433014,chronology,1
es-colony-neapolis-campania-pleiades-433014-classification,colony-neapolis-campania,src-pleiades-433014,classification,1
es-colony-neapolis-campania-pleiades-433014-description,colony-neapolis-campania,src-pleiades-433014,description,1
es-colony-neapolis-campania-pleiades-433014-geometry,colony-neapolis-campania,src-pleiades-433014,geometry,1
es-colony-neapolis-campania-pleiades-433014-identity,colony-neapolis-campania,src-pleiades-433014,identity,1
es-colony-neapolis-campania-pleiades-433014-names,colony-neapolis-campania,src-pleiades-433014,names,1
es-colony-neapolis-campania-pleiades-433014-relationships,colony-neapolis-campania,src-pleiades-433014,relationships,1
es-colony-odessos-pleiades-216904-chronology,colony-odessos,src-pleiades-216904,chronology,1
es-colony-odessos-pleiades-216904-classification,colony-odessos,src-pleiades-216904,classification,1
es-colony-odessos-pleiades-216904-description,colony-odessos,src-pleiades-216904,description,1
es-colony-odessos-pleiades-216904-geometry,colony-odessos,src-pleiades-216904,geometry,1
es-colony-odessos-pleiades-216904-identity,colony-odessos,src-pleiades-216904,identity,1
es-colony-odessos-pleiades-216904-names,colony-odessos,src-pleiades-216904,names,1
es-colony-odessos-pleiades-216904-relationships,colony-odessos,src-pleiades-216904,relationships,1
es-colony-olbia-pontica-pleiades-226546-chronology,colony-olbia-pontica,src-pleiades-226546,chronology,1
es-colony-olbia-pontica-pleiades-226546-classification,colony-olbia-pontica,src-pleiades-226546,classification,1
es-colony-olbia-pontica-pleiades-226546-description,colony-olbia-pontica,src-pleiades-226546,description,1
es-colony-olbia-pontica-pleiades-226546-geometry,colony-olbia-pontica,src-pleiades-226546,geometry,1
es-colony-olbia-pontica-pleiades-226546-identity,colony-olbia-pontica,src-pleiades-226546,identity,1
es-colony-olbia-pontica-pleiades-226546-names,colony-olbia-pontica,src-pleiades-226546,names,1
es-colony-olbia-pontica-pleiades-226546-relationships,colony-olbia-pontica,src-pleiades-226546,relationships,1
es-colony-panticapaeum-pleiades-854719-chronology,colony-panticapaeum,src-pleiades-854719,chronology,1
es-colony-panticapaeum-pleiades-854719-classification,colony-panticapaeum,src-pleiades-854719,classification,1
es-colony-panticapaeum-pleiades-854719-description,colony-panticapaeum,src-pleiades-854719,description,1
es-colony-panticapaeum-pleiades-854719-geometry,colony-panticapaeum,src-pleiades-854719,geometry,1
es-colony-panticapaeum-pleiades-854719-identity,colony-panticapaeum,src-pleiades-854719,identity,1
es-colony-panticapaeum-pleiades-854719-names,colony-panticapaeum,src-pleiades-854719,names,1
es-colony-panticapaeum-pleiades-854719-relationships,colony-panticapaeum,src-pleiades-854719,relationships,1
es-colony-phanagoria-pleiades-854724-chronology,colony-phanagoria,src-pleiades-854724,chronology,1
es-colony-phanagoria-pleiades-854724-classification,colony-phanagoria,src-pleiades-854724,classification,1
es-colony-phanagoria-pleiades-854724-description,colony-phanagoria,src-pleiades-854724,description,1
es-colony-phanagoria-pleiades-854724-geometry,colony-phanagoria,src-pleiades-854724,geometry,1
es-colony-phanagoria-pleiades-854724-identity,colony-phanagoria,src-pleiades-854724,identity,1
es-colony-phanagoria-pleiades-854724-names,colony-phanagoria,src-pleiades-854724,names,1
es-colony-phanagoria-pleiades-854724-relationships,colony-phanagoria,src-pleiades-854724,relationships,1
es-colony-pharos-hvar-pleiades-197433-chronology,colony-pharos-hvar,src-pleiades-197433,chronology,1
es-colony-pharos-hvar-pleiades-197433-classification,colony-pharos-hvar,src-pleiades-197433,classification,1
es-colony-pharos-hvar-pleiades-197433-description,colony-pharos-hvar,src-pleiades-197433,description,1
es-colony-pharos-hvar-pleiades-197433-geometry,colony-pharos-hvar,src-pleiades-197433,geometry,1
es-colony-pharos-hvar-pleiades-197433-identity,colony-pharos-hvar,src-pleiades-197433,identity,1
es-colony-pharos-hvar-pleiades-197433-names,colony-pharos-hvar,src-pleiades-197433,names,1
es-colony-pharos-hvar-pleiades-197433-relationships,colony-pharos-hvar,src-pleiades-197433,relationships,1
es-colony-phaselis-pleiades-639051-chronology,colony-phaselis,src-pleiades-639051,chronology,1
es-colony-phaselis-pleiades-639051-classification,colony-phaselis,src-pleiades-639051,classification,1
es-colony-phaselis-pleiades-639051-description,colony-phaselis,src-pleiades-639051,description,1
es-colony-phaselis-pleiades-639051-geometry,colony-phaselis,src-pleiades-639051,geometry,1
es-colony-phaselis-pleiades-639051-identity,colony-phaselis,src-pleiades-639051,identity,1
es-colony-phaselis-pleiades-639051-names,colony-phaselis,src-pleiades-639051,names,1
es-colony-phaselis-pleiades-639051-relationships,colony-phaselis,src-pleiades-639051,relationships,1
es-colony-phasis-city-pleiades-857275-chronology,colony-phasis-city,src-pleiades-857275,chronology,1
es-colony-phasis-city-pleiades-857275-classification,colony-phasis-city,src-pleiades-857275,classification,1
es-colony-phasis-city-pleiades-857275-description,colony-phasis-city,src-pleiades-857275,description,1
es-colony-phasis-city-pleiades-857275-geometry,colony-phasis-city,src-pleiades-857275,geometry,1
es-colony-phasis-city-pleiades-857275-identity,colony-phasis-city,src-pleiades-857275,identity,1
es-colony-phasis-city-pleiades-857275-names,colony-phasis-city,src-pleiades-857275,names,1
es-colony-phasis-city-pleiades-857275-relationships,colony-phasis-city,src-pleiades-857275,relationships,1
es-colony-philippi-pleiades-501482-chronology,colony-philippi,src-pleiades-501482,chronology,1
es-colony-philippi-pleiades-501482-classification,colony-philippi,src-pleiades-501482,classification,1
es-colony-philippi-pleiades-501482-description,colony-philippi,src-pleiades-501482,description,1
es-colony-philippi-pleiades-501482-geometry,colony-philippi,src-pleiades-501482,geometry,1
es-colony-philippi-pleiades-501482-identity,colony-philippi,src-pleiades-501482,identity,1
es-colony-philippi-pleiades-501482-names,colony-philippi,src-pleiades-501482,names,1
es-colony-philippi-pleiades-501482-relationships,colony-philippi,src-pleiades-501482,relationships,1
es-colony-phocaea-pleiades-550823-chronology,colony-phocaea,src-pleiades-550823,chronology,1
es-colony-phocaea-pleiades-550823-classification,colony-phocaea,src-pleiades-550823,classification,1
es-colony-phocaea-pleiades-550823-description,colony-phocaea,src-pleiades-550823,description,1
es-colony-phocaea-pleiades-550823-geometry,colony-phocaea,src-pleiades-550823,geometry,1
es-colony-phocaea-pleiades-550823-identity,colony-phocaea,src-pleiades-550823,identity,1
es-colony-phocaea-pleiades-550823-names,colony-phocaea,src-pleiades-550823,names,1
es-colony-phocaea-pleiades-550823-relationships,colony-phocaea,src-pleiades-550823,relationships,1
es-colony-poseidonia-pleiades-442733-chronology,colony-poseidonia,src-pleiades-442733,chronology,1
es-colony-poseidonia-pleiades-442733-classification,colony-poseidonia,src-pleiades-442733,classification,1
es-colony-poseidonia-pleiades-442733-description,colony-poseidonia,src-pleiades-442733,description,1
es-colony-poseidonia-pleiades-442733-geometry,colony-poseidonia,src-pleiades-442733,geometry,1
es-colony-poseidonia-pleiades-442733-identity,colony-poseidonia,src-pleiades-442733,identity,1
es-colony-poseidonia-pleiades-442733-names,colony-poseidonia,src-pleiades-442733,names,1
es-colony-poseidonia-pleiades-442733-relationships,colony-poseidonia,src-pleiades-442733,relationships,1
es-colony-priene-pleiades-599905-chronology,colony-priene,src-pleiades-599905,chronology,1
es-colony-priene-pleiades-599905-classification,colony-priene,src-pleiades-599905,classification,1
es-colony-priene-pleiades-599905-description,colony-priene,src-pleiades-599905,description,1
es-colony-priene-pleiades-599905-geometry,colony-priene,src-pleiades-599905,geometry,1
es-colony-priene-pleiades-599905-identity,colony-priene,src-pleiades-599905,identity,1
es-colony-priene-pleiades-599905-names,colony-priene,src-pleiades-599905,names,1
es-colony-priene-pleiades-599905-relationships,colony-priene,src-pleiades-599905,relationships,1
es-colony-rhegion-pleiades-452416-chronology,colony-rhegion,src-pleiades-452416,chronology,1
es-colony-rhegion-pleiades-452416-classification,colony-rhegion,src-pleiades-452416,classification,1
es-colony-rhegion-pleiades-452416-description,colony-rhegion,src-pleiades-452416,description,1
es-colony-rhegion-pleiades-452416-geometry,colony-rhegion,src-pleiades-452416,geometry,1
es-colony-rhegion-pleiades-452416-identity,colony-rhegion,src-pleiades-452416,identity,1
es-colony-rhegion-pleiades-452416-names,colony-rhegion,src-pleiades-452416,names,1
es-colony-rhegion-pleiades-452416-relationships,colony-rhegion,src-pleiades-452416,relationships,1
es-colony-selinus-pleiades-462489-chronology,colony-selinus,src-pleiades-462489,chronology,1
es-colony-selinus-pleiades-462489-classification,colony-selinus,src-pleiades-462489,classification,1
es-colony-selinus-pleiades-462489-description,colony-selinus,src-pleiades-462489,description,1
es-colony-selinus-pleiades-462489-geometry,colony-selinus,src-pleiades-462489,geometry,1
es-colony-selinus-pleiades-462489-identity,colony-selinus,src-pleiades-462489,identity,1
es-colony-selinus-pleiades-462489-names,colony-selinus,src-pleiades-462489,names,1
es-colony-selinus-pleiades-462489-relationships,colony-selinus,src-pleiades-462489,relationships,1
es-colony-sinope-pleiades-857321-chronology,colony-sinope,src-pleiades-857321,chronology,1
es-colony-sinope-pleiades-857321-classification,colony-sinope,src-pleiades-857321,classification,1
es-colony-sinope-pleiades-857321-description,colony-sinope,src-pleiades-857321,description,1
es-colony-sinope-pleiades-857321-geometry,colony-sinope,src-pleiades-857321,geometry,1
es-colony-sinope-pleiades-857321-identity,colony-sinope,src-pleiades-857321,identity,1
es-colony-sinope-pleiades-857321-names,colony-sinope,src-pleiades-857321,names,1
es-colony-sinope-pleiades-857321-relationships,colony-sinope,src-pleiades-857321,relationships,1
es-colony-sybaris-pleiades-452457-chronology,colony-sybaris,src-pleiades-452457,chronology,1
es-colony-sybaris-pleiades-452457-classification,colony-sybaris,src-pleiades-452457,classification,1
es-colony-sybaris-pleiades-452457-description,colony-sybaris,src-pleiades-452457,description,1
es-colony-sybaris-pleiades-452457-geometry,colony-sybaris,src-pleiades-452457,geometry,1
es-colony-sybaris-pleiades-452457-identity,colony-sybaris,src-pleiades-452457,identity,1
es-colony-sybaris-pleiades-452457-names,colony-sybaris,src-pleiades-452457,names,1
es-colony-sybaris-pleiades-452457-relationships,colony-sybaris,src-pleiades-452457,relationships,1
es-colony-syracuse-pleiades-462503-chronology,colony-syracuse,src-pleiades-462503,chronology,1
es-colony-syracuse-pleiades-462503-classification,colony-syracuse,src-pleiades-462503,classification,1
es-colony-syracuse-pleiades-462503-description,colony-syracuse,src-pleiades-462503,description,1
es-colony-syracuse-pleiades-462503-geometry,colony-syracuse,src-pleiades-462503,geometry,1
es-colony-syracuse-pleiades-462503-identity,colony-syracuse,src-pleiades-462503,identity,1
es-colony-syracuse-pleiades-462503-names,colony-syracuse,src-pleiades-462503,names,1
es-colony-syracuse-pleiades-462503-relationships,colony-syracuse,src-pleiades-462503,relationships,1
es-colony-tanais-pleiades-825397-chronology,colony-tanais,src-pleiades-825397,chronology,1
es-colony-tanais-pleiades-825397-classification,colony-tanais,src-pleiades-825397,classification,1
es-colony-tanais-pleiades-825397-description,colony-tanais,src-pleiades-825397,description,1
es-colony-tanais-pleiades-825397-geometry,colony-tanais,src-pleiades-825397,geometry,1
es-colony-tanais-pleiades-825397-identity,colony-tanais,src-pleiades-825397,identity,1
es-colony-tanais-pleiades-825397-names,colony-tanais,src-pleiades-825397,names,1
es-colony-tanais-pleiades-825397-relationships,colony-tanais,src-pleiades-825397,relationships,1
es-colony-taras-pleiades-442810-chronology,colony-taras,src-pleiades-442810,chronology,1
es-colony-taras-pleiades-442810-classification,colony-taras,src-pleiades-442810,classification,1
es-colony-taras-pleiades-442810-description,colony-taras,src-pleiades-442810,description,1
es-colony-taras-pleiades-442810-geometry,colony-taras,src-pleiades-442810,geometry,1
es-colony-taras-pleiades-442810-identity,colony-taras,src-pleiades-442810,identity,1
es-colony-taras-pleiades-442810-names,colony-taras,src-pleiades-442810,names,1
es-colony-taras-pleiades-442810-relationships,colony-taras,src-pleiades-442810,relationships,1
es-colony-taucheira-pleiades-373736-chronology,colony-taucheira,src-pleiades-373736,chronology,1
es-colony-taucheira-pleiades-373736-classification,colony-taucheira,src-pleiades-373736,classification,1
es-colony-taucheira-pleiades-373736-description,colony-taucheira,src-pleiades-373736,description,1
es-colony-taucheira-pleiades-373736-geometry,colony-taucheira,src-pleiades-373736,geometry,1
es-colony-taucheira-pleiades-373736-identity,colony-taucheira,src-pleiades-373736,identity,1
es-colony-taucheira-pleiades-373736-names,colony-taucheira,src-pleiades-373736,names,1
es-colony-taucheira-pleiades-373736-relationships,colony-taucheira,src-pleiades-373736,relationships,1
es-colony-teos-pleiades-550913-chronology,colony-teos,src-pleiades-550913,chronology,1
es-colony-teos-pleiades-550913-classification,colony-teos,src-pleiades-550913,classification,1
es-colony-teos-pleiades-550913-description,colony-teos,src-pleiades-550913,description,1
es-colony-teos-pleiades-550913-geometry,colony-teos,src-pleiades-550913,geometry,1
es-colony-teos-pleiades-550913-identity,colony-teos,src-pleiades-550913,identity,1
es-colony-teos-pleiades-550913-names,colony-teos,src-pleiades-550913,names,1
es-colony-teos-pleiades-550913-relationships,colony-teos,src-pleiades-550913,relationships,1
es-colony-theodosia-crimea-pleiades-854743-chronology,colony-theodosia-crimea,src-pleiades-854743,chronology,1
es-colony-theodosia-crimea-pleiades-854743-classification,colony-theodosia-crimea,src-pleiades-854743,classification,1
es-colony-theodosia-crimea-pleiades-854743-description,colony-theodosia-crimea,src-pleiades-854743,description,1
es-colony-theodosia-crimea-pleiades-854743-geometry,colony-theodosia-crimea,src-pleiades-854743,geometry,1
es-colony-theodosia-crimea-pleiades-854743-identity,colony-theodosia-crimea,src-pleiades-854743,identity,1
es-colony-theodosia-crimea-pleiades-854743-names,colony-theodosia-crimea,src-pleiades-854743,names,1
es-colony-theodosia-crimea-pleiades-854743-relationships,colony-theodosia-crimea,src-pleiades-854743,relationships,1
es-colony-tomis-pleiades-217016-chronology,colony-tomis,src-pleiades-217016,chronology,1
es-colony-tomis-pleiades-217016-classification,colony-tomis,src-pleiades-217016,classification,1
es-colony-tomis-pleiades-217016-description,colony-tomis,src-pleiades-217016,description,1
es-colony-tomis-pleiades-217016-geometry,colony-tomis,src-pleiades-217016,geometry,1
es-colony-tomis-pleiades-217016-identity,colony-tomis,src-pleiades-217016,identity,1
es-colony-tomis-pleiades-217016-names,colony-tomis,src-pleiades-217016,names,1
es-colony-tomis-pleiades-217016-relationships,colony-tomis,src-pleiades-217016,relationships,1
es-colony-tragurion-pleiades-197555-chronology,colony-tragurion,src-pleiades-197555,chronology,1
es-colony-tragurion-pleiades-197555-classification,colony-tragurion,src-pleiades-197555,classification,1
es-colony-tragurion-pleiades-197555-description,colony-tragurion,src-pleiades-197555,description,1
es-colony-tragurion-pleiades-197555-geometry,colony-tragurion,src-pleiades-197555,geometry,1
es-colony-tragurion-pleiades-197555-identity,colony-tragurion,src-pleiades-197555,identity,1
es-colony-tragurion-pleiades-197555-names,colony-tragurion,src-pleiades-197555,names,1
es-colony-tragurion-pleiades-197555-relationships,colony-tragurion,src-pleiades-197555,relationships,1
es-colony-trapezus-pleiades-857359-chronology,colony-trapezus,src-pleiades-857359,chronology,1
es-colony-trapezus-pleiades-857359-classification,colony-trapezus,src-pleiades-857359,classification,1
es-colony-trapezus-pleiades-857359-description,colony-trapezus,src-pleiades-857359,description,1
es-colony-trapezus-pleiades-857359-geometry,colony-trapezus,src-pleiades-857359,geometry,1
es-colony-trapezus-pleiades-857359-identity,colony-trapezus,src-pleiades-857359,identity,1
es-colony-trapezus-pleiades-857359-names,colony-trapezus,src-pleiades-857359,names,1
es-colony-trapezus-pleiades-857359-relationships,colony-trapezus,src-pleiades-857359,relationships,1
es-colony-tyras-pleiades-226800-chronology,colony-tyras,src-pleiades-226800,chronology,1
es-colony-tyras-pleiades-226800-classification,colony-tyras,src-pleiades-226800,classification,1
es-colony-tyras-pleiades-226800-description,colony-tyras,src-pleiades-226800,description,1
es-colony-tyras-pleiades-226800-geometry,colony-tyras,src-pleiades-226800,geometry,1
es-colony-tyras-pleiades-226800-identity,colony-tyras,src-pleiades-226800,identity,1
es-colony-tyras-pleiades-226800-names,colony-tyras,src-pleiades-226800,names,1
es-colony-tyras-pleiades-226800-relationships,colony-tyras,src-pleiades-226800,relationships,1
es-colony-zancle-messana-pleiades-462538-chronology,colony-zancle-messana,src-pleiades-462538,chronology,1
es-colony-zancle-messana-pleiades-462538-classification,colony-zancle-messana,src-pleiades-462538,classification,1
es-colony-zancle-messana-pleiades-462538-description,colony-zancle-messana,src-pleiades-462538,description,1
es-colony-zancle-messana-pleiades-462538-geometry,colony-zancle-messana,src-pleiades-462538,geometry,1
es-colony-zancle-messana-pleiades-462538-identity,colony-zancle-messana,src-pleiades-462538,identity,1
es-colony-zancle-messana-pleiades-462538-names,colony-zancle-messana,src-pleiades-462538,names,1
es-colony-zancle-messana-pleiades-462538-relationships,colony-zancle-messana,src-pleiades-462538,relationships,1
es-kingdom-alexander-empire-metmuseum-89019924e8c3-chronology,kingdom-alexander-empire,src-metmuseum-89019924e8c3,chronology,1
es-kingdom-alexander-empire-metmuseum-89019924e8c3-classification,kingdom-alexander-empire,src-metmuseum-89019924e8c3,classification,1
es-kingdom-alexander-empire-metmuseum-89019924e8c3-description,kingdom-alexander-empire,src-metmuseum-89019924e8c3,description,1
es-kingdom-alexander-empire-metmuseum-89019924e8c3-geometry,kingdom-alexander-empire,src-metmuseum-89019924e8c3,geometry,1
es-kingdom-alexander-empire-metmuseum-89019924e8c3-identity,kingdom-alexander-empire,src-metmuseum-89019924e8c3,identity,1
es-kingdom-alexander-empire-metmuseum-89019924e8c3-names,kingdom-alexander-empire,src-metmuseum-89019924e8c3,names,1
es-kingdom-alexander-empire-metmuseum-89019924e8c3-relationships,kingdom-alexander-empire,src-metmuseum-89019924e8c3,relationships,1
es-kingdom-athens-mycenaean-whc-99e8b681505e-chronology,kingdom-athens-mycenaean,src-whc-99e8b681505e,chronology,1
es-kingdom-athens-mycenaean-whc-99e8b681505e-classification,kingdom-athens-mycenaean,src-whc-99e8b681505e,classification,1
es-kingdom-athens-mycenaean-whc-99e8b681505e-description,kingdom-athens-mycenaean,src-whc-99e8b681505e,description,1
es-kingdom-athens-mycenaean-whc-99e8b681505e-geometry,kingdom-athens-mycenaean,src-whc-99e8b681505e,geometry,1
es-kingdom-athens-mycenaean-whc-99e8b681505e-identity,kingdom-athens-mycenaean,src-whc-99e8b681505e,identity,1
es-kingdom-athens-mycenaean-whc-99e8b681505e-names,kingdom-athens-mycenaean,src-whc-99e8b681505e,names,1
es-kingdom-athens-mycenaean-whc-99e8b681505e-relationships,kingdom-athens-mycenaean,src-whc-99e8b681505e,relationships,1
es-kingdom-attalid-pergamon-metmuseum-50fe20dc493f-chronology,kingdom-attalid-pergamon,src-metmuseum-50fe20dc493f,chronology,1
es-kingdom-attalid-pergamon-metmuseum-50fe20dc493f-classification,kingdom-attalid-pergamon,src-metmuseum-50fe20dc493f,classification,1
es-kingdom-attalid-pergamon-metmuseum-50fe20dc493f-description,kingdom-attalid-pergamon,src-metmuseum-50fe20dc493f,description,1
es-kingdom-attalid-pergamon-metmuseum-50fe20dc493f-geometry,kingdom-attalid-pergamon,src-metmuseum-50fe20dc493f,geometry,1
es-kingdom-attalid-pergamon-metmuseum-50fe20dc493f-identity,kingdom-attalid-pergamon,src-metmuseum-50fe20dc493f,identity,1
es-kingdom-attalid-pergamon-metmuseum-50fe20dc493f-names,kingdom-attalid-pergamon,src-metmuseum-50fe20dc493f,names,1
es-kingdom-attalid-pergamon-metmuseum-50fe20dc493f-relationships,kingdom-attalid-pergamon,src-metmuseum-50fe20dc493f,relationships,1
es-kingdom-bithynia-attalus-1b40f4436114-chronology,kingdom-bithynia,src-attalus-1b40f4436114,chronology,1
es-kingdom-bithynia-attalus-1b40f4436114-classification,kingdom-bithynia,src-attalus-1b40f4436114,classification,1
es-kingdom-bithynia-attalus-1b40f4436114-description,kingdom-bithynia,src-attalus-1b40f4436114,description,1
es-kingdom-bithynia-attalus-1b40f4436114-geometry,kingdom-bithynia,src-attalus-1b40f4436114,geometry,1
es-kingdom-bithynia-attalus-1b40f4436114-identity,kingdom-bithynia,src-attalus-1b40f4436114,identity,1
es-kingdom-bithynia-attalus-1b40f4436114-names,kingdom-bithynia,src-attalus-1b40f4436114,names,1
es-kingdom-bithynia-attalus-1b40f4436114-relationships,kingdom-bithynia,src-attalus-1b40f4436114,relationships,1
es-kingdom-bosporus-archaeanactid-iranicaonline-0f32c4ee76cf-chronology,kingdom-bosporus-archaeanactid,src-iranicaonline-0f32c4ee76cf,chronology,1
es-kingdom-bosporus-archaeanactid-iranicaonline-0f32c4ee76cf-classification,kingdom-bosporus-archaeanactid,src-iranicaonline-0f32c4ee76cf,classification,1
es-kingdom-bosporus-archaeanactid-iranicaonline-0f32c4ee76cf-description,kingdom-bosporus-archaeanactid,src-iranicaonline-0f32c4ee76cf,description,1
es-kingdom-bosporus-archaeanactid-iranicaonline-0f32c4ee76cf-geometry,kingdom-bosporus-archaeanactid,src-iranicaonline-0f32c4ee76cf,geometry,1
es-kingdom-bosporus-archaeanactid-iranicaonline-0f32c4ee76cf-identity,kingdom-bosporus-archaeanactid,src-iranicaonline-0f32c4ee76cf,identity,1
es-kingdom-bosporus-archaeanactid-iranicaonline-0f32c4ee76cf-names,kingdom-bosporus-archaeanactid,src-iranicaonline-0f32c4ee76cf,names,1
es-kingdom-bosporus-archaeanactid-iranicaonline-0f32c4ee76cf-relationships,kingdom-bosporus-archaeanactid,src-iranicaonline-0f32c4ee76cf,relationships,1
es-kingdom-bosporus-mithridatic-iranicaonline-0f32c4ee76cf-chronology,kingdom-bosporus-mithridatic,src-iranicaonline-0f32c4ee76cf,chronology,1
es-kingdom-bosporus-mithridatic-iranicaonline-0f32c4ee76cf-classification,kingdom-bosporus-mithridatic,src-iranicaonline-0f32c4ee76cf,classification,1
es-kingdom-bosporus-mithridatic-iranicaonline-0f32c4ee76cf-description,kingdom-bosporus-mithridatic,src-iranicaonline-0f32c4ee76cf,description,1
es-kingdom-bosporus-mithridatic-iranicaonline-0f32c4ee76cf-geometry,kingdom-bosporus-mithridatic,src-iranicaonline-0f32c4ee76cf,geometry,1
es-kingdom-bosporus-mithridatic-iranicaonline-0f32c4ee76cf-identity,kingdom-bosporus-mithridatic,src-iranicaonline-0f32c4ee76cf,identity,1
es-kingdom-bosporus-mithridatic-iranicaonline-0f32c4ee76cf-names,kingdom-bosporus-mithridatic,src-iranicaonline-0f32c4ee76cf,names,1
es-kingdom-bosporus-mithridatic-iranicaonline-0f32c4ee76cf-relationships,kingdom-bosporus-mithridatic,src-iranicaonline-0f32c4ee76cf,relationships,1
es-kingdom-bosporus-spartocid-encyclopediaofukraine-237e86aa1350-chronology,kingdom-bosporus-spartocid,src-encyclopediaofukraine-237e86aa1350,chronology,1
es-kingdom-bosporus-spartocid-encyclopediaofukraine-237e86aa1350-classification,kingdom-bosporus-spartocid,src-encyclopediaofukraine-237e86aa1350,classification,1
es-kingdom-bosporus-spartocid-encyclopediaofukraine-237e86aa1350-description,kingdom-bosporus-spartocid,src-encyclopediaofukraine-237e86aa1350,description,1
es-kingdom-bosporus-spartocid-encyclopediaofukraine-237e86aa1350-geometry,kingdom-bosporus-spartocid,src-encyclopediaofukraine-237e86aa1350,geometry,1
es-kingdom-bosporus-spartocid-encyclopediaofukraine-237e86aa1350-identity,kingdom-bosporus-spartocid,src-encyclopediaofukraine-237e86aa1350,identity,1
es-kingdom-bosporus-spartocid-encyclopediaofukraine-237e86aa1350-names,kingdom-bosporus-spartocid,src-encyclopediaofukraine-237e86aa1350,names,1
es-kingdom-bosporus-spartocid-encyclopediaofukraine-237e86aa1350-relationships,kingdom-bosporus-spartocid,src-encyclopediaofukraine-237e86aa1350,relationships,1
es-kingdom-cappadocia-ariarathid-iranicaonline-efe1d8ddd34e-chronology,kingdom-cappadocia-ariarathid,src-iranicaonline-efe1d8ddd34e,chronology,1
es-kingdom-cappadocia-ariarathid-iranicaonline-efe1d8ddd34e-classification,kingdom-cappadocia-ariarathid,src-iranicaonline-efe1d8ddd34e,classification,1
es-kingdom-cappadocia-ariarathid-iranicaonline-efe1d8ddd34e-description,kingdom-cappadocia-ariarathid,src-iranicaonline-efe1d8ddd34e,description,1
es-kingdom-cappadocia-ariarathid-iranicaonline-efe1d8ddd34e-geometry,kingdom-cappadocia-ariarathid,src-iranicaonline-efe1d8ddd34e,geometry,1
es-kingdom-cappadocia-ariarathid-iranicaonline-efe1d8ddd34e-identity,kingdom-cappadocia-ariarathid,src-iranicaonline-efe1d8ddd34e,identity,1
es-kingdom-cappadocia-ariarathid-iranicaonline-efe1d8ddd34e-names,kingdom-cappadocia-ariarathid,src-iranicaonline-efe1d8ddd34e,names,1
es-kingdom-cappadocia-ariarathid-iranicaonline-efe1d8ddd34e-relationships,kingdom-cappadocia-ariarathid,src-iranicaonline-efe1d8ddd34e,relationships,1
es-kingdom-cappadocia-late-client-iranicaonline-efe1d8ddd34e-chronology,kingdom-cappadocia-late-client,src-iranicaonline-efe1d8ddd34e,chronology,1
es-kingdom-cappadocia-late-client-iranicaonline-efe1d8ddd34e-classification,kingdom-cappadocia-late-client,src-iranicaonline-efe1d8ddd34e,classification,1
es-kingdom-cappadocia-late-client-iranicaonline-efe1d8ddd34e-description,kingdom-cappadocia-late-client,src-iranicaonline-efe1d8ddd34e,description,1
es-kingdom-cappadocia-late-client-iranicaonline-efe1d8ddd34e-geometry,kingdom-cappadocia-late-client,src-iranicaonline-efe1d8ddd34e,geometry,1
es-kingdom-cappadocia-late-client-iranicaonline-efe1d8ddd34e-identity,kingdom-cappadocia-late-client,src-iranicaonline-efe1d8ddd34e,identity,1
es-kingdom-cappadocia-late-client-iranicaonline-efe1d8ddd34e-names,kingdom-cappadocia-late-client,src-iranicaonline-efe1d8ddd34e,names,1
es-kingdom-cappadocia-late-client-iranicaonline-efe1d8ddd34e-relationships,kingdom-cappadocia-late-client,src-iranicaonline-efe1d8ddd34e,relationships,1
es-kingdom-commagene-whc-9d3804ad2081-chronology,kingdom-commagene,src-whc-9d3804ad2081,chronology,1
es-kingdom-commagene-whc-9d3804ad2081-classification,kingdom-commagene,src-whc-9d3804ad2081,classification,1
es-kingdom-commagene-whc-9d3804ad2081-description,kingdom-commagene,src-whc-9d3804ad2081,description,1
es-kingdom-commagene-whc-9d3804ad2081-geometry,kingdom-commagene,src-whc-9d3804ad2081,geometry,1
es-kingdom-commagene-whc-9d3804ad2081-identity,kingdom-commagene,src-whc-9d3804ad2081,identity,1
es-kingdom-commagene-whc-9d3804ad2081-names,kingdom-commagene,src-whc-9d3804ad2081,names,1
es-kingdom-commagene-whc-9d3804ad2081-relationships,kingdom-commagene,src-whc-9d3804ad2081,relationships,1
es-kingdom-cyrene-battiad-whc-36affcfbdbb0-chronology,kingdom-cyrene-battiad,src-whc-36affcfbdbb0,chronology,1
es-kingdom-cyrene-battiad-whc-36affcfbdbb0-classification,kingdom-cyrene-battiad,src-whc-36affcfbdbb0,classification,1
es-kingdom-cyrene-battiad-whc-36affcfbdbb0-description,kingdom-cyrene-battiad,src-whc-36affcfbdbb0,description,1
es-kingdom-cyrene-battiad-whc-36affcfbdbb0-geometry,kingdom-cyrene-battiad,src-whc-36affcfbdbb0,geometry,1
es-kingdom-cyrene-battiad-whc-36affcfbdbb0-identity,kingdom-cyrene-battiad,src-whc-36affcfbdbb0,identity,1
es-kingdom-cyrene-battiad-whc-36affcfbdbb0-names,kingdom-cyrene-battiad,src-whc-36affcfbdbb0,names,1
es-kingdom-cyrene-battiad-whc-36affcfbdbb0-relationships,kingdom-cyrene-battiad,src-whc-36affcfbdbb0,relationships,1
es-kingdom-cyrene-magas-discovery-dd8bc12f19e5-chronology,kingdom-cyrene-magas,src-discovery-dd8bc12f19e5,chronology,1
es-kingdom-cyrene-magas-discovery-dd8bc12f19e5-classification,kingdom-cyrene-magas,src-discovery-dd8bc12f19e5,classification,1
es-kingdom-cyrene-magas-discovery-dd8bc12f19e5-description,kingdom-cyrene-magas,src-discovery-dd8bc12f19e5,description,1
es-kingdom-cyrene-magas-discovery-dd8bc12f19e5-geometry,kingdom-cyrene-magas,src-discovery-dd8bc12f19e5,geometry,1
es-kingdom-cyrene-magas-discovery-dd8bc12f19e5-identity,kingdom-cyrene-magas,src-discovery-dd8bc12f19e5,identity,1
es-kingdom-cyrene-magas-discovery-dd8bc12f19e5-names,kingdom-cyrene-magas,src-discovery-dd8bc12f19e5,names,1
es-kingdom-cyrene-magas-discovery-dd8bc12f19e5-relationships,kingdom-cyrene-magas,src-discovery-dd8bc12f19e5,relationships,1
es-kingdom-epirus-aeacid-cambridge-96106a304cc6-chronology,kingdom-epirus-aeacid,src-cambridge-96106a304cc6,chronology,1
es-kingdom-epirus-aeacid-cambridge-96106a304cc6-classification,kingdom-epirus-aeacid,src-cambridge-96106a304cc6,classification,1
es-kingdom-epirus-aeacid-cambridge-96106a304cc6-description,kingdom-epirus-aeacid,src-cambridge-96106a304cc6,description,1
es-kingdom-epirus-aeacid-cambridge-96106a304cc6-geometry,kingdom-epirus-aeacid,src-cambridge-96106a304cc6,geometry,1
es-kingdom-epirus-aeacid-cambridge-96106a304cc6-identity,kingdom-epirus-aeacid,src-cambridge-96106a304cc6,identity,1
es-kingdom-epirus-aeacid-cambridge-96106a304cc6-names,kingdom-epirus-aeacid,src-cambridge-96106a304cc6,names,1
es-kingdom-epirus-aeacid-cambridge-96106a304cc6-relationships,kingdom-epirus-aeacid,src-cambridge-96106a304cc6,relationships,1
es-kingdom-greco-bactrian-diodotid-metmuseum-50fe20dc493f-chronology,kingdom-greco-bactrian-diodotid,src-metmuseum-50fe20dc493f,chronology,1
es-kingdom-greco-bactrian-diodotid-metmuseum-50fe20dc493f-classification,kingdom-greco-bactrian-diodotid,src-metmuseum-50fe20dc493f,classification,1
es-kingdom-greco-bactrian-diodotid-metmuseum-50fe20dc493f-description,kingdom-greco-bactrian-diodotid,src-metmuseum-50fe20dc493f,description,1
es-kingdom-greco-bactrian-diodotid-metmuseum-50fe20dc493f-geometry,kingdom-greco-bactrian-diodotid,src-metmuseum-50fe20dc493f,geometry,1
es-kingdom-greco-bactrian-diodotid-metmuseum-50fe20dc493f-identity,kingdom-greco-bactrian-diodotid,src-metmuseum-50fe20dc493f,identity,1
es-kingdom-greco-bactrian-diodotid-metmuseum-50fe20dc493f-names,kingdom-greco-bactrian-diodotid,src-metmuseum-50fe20dc493f,names,1
es-kingdom-greco-bactrian-diodotid-metmuseum-50fe20dc493f-relationships,kingdom-greco-bactrian-diodotid,src-metmuseum-50fe20dc493f,relationships,1
es-kingdom-greco-bactrian-eucratid-iranicaonline-12958b1a4563-chronology,kingdom-greco-bactrian-eucratid,src-iranicaonline-12958b1a4563,chronology,1
es-kingdom-greco-bactrian-eucratid-iranicaonline-12958b1a4563-classification,kingdom-greco-bactrian-eucratid,src-iranicaonline-12958b1a4563,classification,1
es-kingdom-greco-bactrian-eucratid-iranicaonline-12958b1a4563-description,kingdom-greco-bactrian-eucratid,src-iranicaonline-12958b1a4563,description,1
es-kingdom-greco-bactrian-eucratid-iranicaonline-12958b1a4563-geometry,kingdom-greco-bactrian-eucratid,src-iranicaonline-12958b1a4563,geometry,1
es-kingdom-greco-bactrian-eucratid-iranicaonline-12958b1a4563-identity,kingdom-greco-bactrian-eucratid,src-iranicaonline-12958b1a4563,identity,1
es-kingdom-greco-bactrian-eucratid-iranicaonline-12958b1a4563-names,kingdom-greco-bactrian-eucratid,src-iranicaonline-12958b1a4563,names,1
es-kingdom-greco-bactrian-eucratid-iranicaonline-12958b1a4563-relationships,kingdom-greco-bactrian-eucratid,src-iranicaonline-12958b1a4563,relationships,1
es-kingdom-greco-bactrian-euthydemid-iranicaonline-5997875976eb-chronology,kingdom-greco-bactrian-euthydemid,src-iranicaonline-5997875976eb,chronology,1
es-kingdom-greco-bactrian-euthydemid-iranicaonline-5997875976eb-classification,kingdom-greco-bactrian-euthydemid,src-iranicaonline-5997875976eb,classification,1
es-kingdom-greco-bactrian-euthydemid-iranicaonline-5997875976eb-description,kingdom-greco-bactrian-euthydemid,src-iranicaonline-5997875976eb,description,1
es-kingdom-greco-bactrian-euthydemid-iranicaonline-5997875976eb-geometry,kingdom-greco-bactrian-euthydemid,src-iranicaonline-5997875976eb,geometry,1
es-kingdom-greco-bactrian-euthydemid-iranicaonline-5997875976eb-identity,kingdom-greco-bactrian-euthydemid,src-iranicaonline-5997875976eb,identity,1
es-kingdom-greco-bactrian-euthydemid-iranicaonline-5997875976eb-names,kingdom-greco-bactrian-euthydemid,src-iranicaonline-5997875976eb,names,1
es-kingdom-greco-bactrian-euthydemid-iranicaonline-5997875976eb-relationships,kingdom-greco-bactrian-euthydemid,src-iranicaonline-5997875976eb,relationships,1
es-kingdom-indo-greek-early-iranicaonline-2d20b536f2f7-chronology,kingdom-indo-greek-early,src-iranicaonline-2d20b536f2f7,chronology,1
es-kingdom-indo-greek-early-iranicaonline-2d20b536f2f7-classification,kingdom-indo-greek-early,src-iranicaonline-2d20b536f2f7,classification,1
es-kingdom-indo-greek-early-iranicaonline-2d20b536f2f7-description,kingdom-indo-greek-early,src-iranicaonline-2d20b536f2f7,description,1
es-kingdom-indo-greek-early-iranicaonline-2d20b536f2f7-geometry,kingdom-indo-greek-early,src-iranicaonline-2d20b536f2f7,geometry,1
es-kingdom-indo-greek-early-iranicaonline-2d20b536f2f7-identity,kingdom-indo-greek-early,src-iranicaonline-2d20b536f2f7,identity,1
es-kingdom-indo-greek-early-iranicaonline-2d20b536f2f7-names,kingdom-indo-greek-early,src-iranicaonline-2d20b536f2f7,names,1
es-kingdom-indo-greek-early-iranicaonline-2d20b536f2f7-relationships,kingdom-indo-greek-early,src-iranicaonline-2d20b536f2f7,relationships,1
es-kingdom-indo-greek-late-iranicaonline-2d20b536f2f7-chronology,kingdom-indo-greek-late,src-iranicaonline-2d20b536f2f7,chronology,1
es-kingdom-indo-greek-late-iranicaonline-2d20b536f2f7-classification,kingdom-indo-greek-late,src-iranicaonline-2d20b536f2f7,classification,1
es-kingdom-indo-greek-late-iranicaonline-2d20b536f2f7-description,kingdom-indo-greek-late,src-iranicaonline-2d20b536f2f7,description,1
es-kingdom-indo-greek-late-iranicaonline-2d20b536f2f7-geometry,kingdom-indo-greek-late,src-iranicaonline-2d20b536f2f7,geometry,1
es-kingdom-indo-greek-late-iranicaonline-2d20b536f2f7-identity,kingdom-indo-greek-late,src-iranicaonline-2d20b536f2f7,identity,1
es-kingdom-indo-greek-late-iranicaonline-2d20b536f2f7-names,kingdom-indo-greek-late,src-iranicaonline-2d20b536f2f7,names,1
es-kingdom-indo-greek-late-iranicaonline-2d20b536f2f7-relationships,kingdom-indo-greek-late,src-iranicaonline-2d20b536f2f7,relationships,1
es-kingdom-indo-greek-menandrid-iranicaonline-2d20b536f2f7-chronology,kingdom-indo-greek-menandrid,src-iranicaonline-2d20b536f2f7,chronology,1
es-kingdom-indo-greek-menandrid-iranicaonline-2d20b536f2f7-classification,kingdom-indo-greek-menandrid,src-iranicaonline-2d20b536f2f7,classification,1
es-kingdom-indo-greek-menandrid-iranicaonline-2d20b536f2f7-description,kingdom-indo-greek-menandrid,src-iranicaonline-2d20b536f2f7,description,1
es-kingdom-indo-greek-menandrid-iranicaonline-2d20b536f2f7-geometry,kingdom-indo-greek-menandrid,src-iranicaonline-2d20b536f2f7,geometry,1
es-kingdom-indo-greek-menandrid-iranicaonline-2d20b536f2f7-identity,kingdom-indo-greek-menandrid,src-iranicaonline-2d20b536f2f7,identity,1
es-kingdom-indo-greek-menandrid-iranicaonline-2d20b536f2f7-names,kingdom-indo-greek-menandrid,src-iranicaonline-2d20b536f2f7,names,1
es-kingdom-indo-greek-menandrid-iranicaonline-2d20b536f2f7-relationships,kingdom-indo-greek-menandrid,src-iranicaonline-2d20b536f2f7,relationships,1
es-kingdom-iolcos-palatial-odysseus-589898851f92-chronology,kingdom-iolcos-palatial,src-odysseus-589898851f92,chronology,1
es-kingdom-iolcos-palatial-odysseus-589898851f92-classification,kingdom-iolcos-palatial,src-odysseus-589898851f92,classification,1
es-kingdom-iolcos-palatial-odysseus-589898851f92-description,kingdom-iolcos-palatial,src-odysseus-589898851f92,description,1
es-kingdom-iolcos-palatial-odysseus-589898851f92-geometry,kingdom-iolcos-palatial,src-odysseus-589898851f92,geometry,1
es-kingdom-iolcos-palatial-odysseus-589898851f92-identity,kingdom-iolcos-palatial,src-odysseus-589898851f92,identity,1
es-kingdom-iolcos-palatial-odysseus-589898851f92-names,kingdom-iolcos-palatial,src-odysseus-589898851f92,names,1
es-kingdom-iolcos-palatial-odysseus-589898851f92-relationships,kingdom-iolcos-palatial,src-odysseus-589898851f92,relationships,1
es-kingdom-knossos-mycenaean-odysseus-9e3ae0cba911-chronology,kingdom-knossos-mycenaean,src-odysseus-9e3ae0cba911,chronology,1
es-kingdom-knossos-mycenaean-odysseus-9e3ae0cba911-classification,kingdom-knossos-mycenaean,src-odysseus-9e3ae0cba911,classification,1
es-kingdom-knossos-mycenaean-odysseus-9e3ae0cba911-description,kingdom-knossos-mycenaean,src-odysseus-9e3ae0cba911,description,1
es-kingdom-knossos-mycenaean-odysseus-9e3ae0cba911-geometry,kingdom-knossos-mycenaean,src-odysseus-9e3ae0cba911,geometry,1
es-kingdom-knossos-mycenaean-odysseus-9e3ae0cba911-identity,kingdom-knossos-mycenaean,src-odysseus-9e3ae0cba911,identity,1
es-kingdom-knossos-mycenaean-odysseus-9e3ae0cba911-names,kingdom-knossos-mycenaean,src-odysseus-9e3ae0cba911,names,1
es-kingdom-knossos-mycenaean-odysseus-9e3ae0cba911-relationships,kingdom-knossos-mycenaean,src-odysseus-9e3ae0cba911,relationships,1
es-kingdom-lysimachid-pleiades-501458-chronology,kingdom-lysimachid,src-pleiades-501458,chronology,1
es-kingdom-lysimachid-pleiades-501458-classification,kingdom-lysimachid,src-pleiades-501458,classification,1
es-kingdom-lysimachid-pleiades-501458-description,kingdom-lysimachid,src-pleiades-501458,description,1
es-kingdom-lysimachid-pleiades-501458-geometry,kingdom-lysimachid,src-pleiades-501458,geometry,1
es-kingdom-lysimachid-pleiades-501458-identity,kingdom-lysimachid,src-pleiades-501458,identity,1
es-kingdom-lysimachid-pleiades-501458-names,kingdom-lysimachid,src-pleiades-501458,names,1
es-kingdom-lysimachid-pleiades-501458-relationships,kingdom-lysimachid,src-pleiades-501458,relationships,1
es-kingdom-macedon-antigonid-metmuseum-50fe20dc493f-chronology,kingdom-macedon-antigonid,src-metmuseum-50fe20dc493f,chronology,1
es-kingdom-macedon-antigonid-metmuseum-50fe20dc493f-classification,kingdom-macedon-antigonid,src-metmuseum-50fe20dc493f,classification,1
es-kingdom-macedon-antigonid-metmuseum-50fe20dc493f-description,kingdom-macedon-antigonid,src-metmuseum-50fe20dc493f,description,1
es-kingdom-macedon-antigonid-metmuseum-50fe20dc493f-geometry,kingdom-macedon-antigonid,src-metmuseum-50fe20dc493f,geometry,1
es-kingdom-macedon-antigonid-metmuseum-50fe20dc493f-identity,kingdom-macedon-antigonid,src-metmuseum-50fe20dc493f,identity,1
es-kingdom-macedon-antigonid-metmuseum-50fe20dc493f-names,kingdom-macedon-antigonid,src-metmuseum-50fe20dc493f,names,1
es-kingdom-macedon-antigonid-metmuseum-50fe20dc493f-relationships,kingdom-macedon-antigonid,src-metmuseum-50fe20dc493f,relationships,1
es-kingdom-macedon-argead-whc-0aeb662441d4-chronology,kingdom-macedon-argead,src-whc-0aeb662441d4,chronology,1
es-kingdom-macedon-argead-whc-0aeb662441d4-classification,kingdom-macedon-argead,src-whc-0aeb662441d4,classification,1
es-kingdom-macedon-argead-whc-0aeb662441d4-description,kingdom-macedon-argead,src-whc-0aeb662441d4,description,1
es-kingdom-macedon-argead-whc-0aeb662441d4-geometry,kingdom-macedon-argead,src-whc-0aeb662441d4,geometry,1
es-kingdom-macedon-argead-whc-0aeb662441d4-identity,kingdom-macedon-argead,src-whc-0aeb662441d4,identity,1
es-kingdom-macedon-argead-whc-0aeb662441d4-names,kingdom-macedon-argead,src-whc-0aeb662441d4,names,1
es-kingdom-macedon-argead-whc-0aeb662441d4-relationships,kingdom-macedon-argead,src-whc-0aeb662441d4,relationships,1
es-kingdom-macedon-kassandrid-metmuseum-50fe20dc493f-chronology,kingdom-macedon-kassandrid,src-metmuseum-50fe20dc493f,chronology,1
es-kingdom-macedon-kassandrid-metmuseum-50fe20dc493f-classification,kingdom-macedon-kassandrid,src-metmuseum-50fe20dc493f,classification,1
es-kingdom-macedon-kassandrid-metmuseum-50fe20dc493f-description,kingdom-macedon-kassandrid,src-metmuseum-50fe20dc493f,description,1
es-kingdom-macedon-kassandrid-metmuseum-50fe20dc493f-geometry,kingdom-macedon-kassandrid,src-metmuseum-50fe20dc493f,geometry,1
es-kingdom-macedon-kassandrid-metmuseum-50fe20dc493f-identity,kingdom-macedon-kassandrid,src-metmuseum-50fe20dc493f,identity,1
es-kingdom-macedon-kassandrid-metmuseum-50fe20dc493f-names,kingdom-macedon-kassandrid,src-metmuseum-50fe20dc493f,names,1
es-kingdom-macedon-kassandrid-metmuseum-50fe20dc493f-relationships,kingdom-macedon-kassandrid,src-metmuseum-50fe20dc493f,relationships,1
es-kingdom-mycenae-palatial-whc-20fbbfc3302f-chronology,kingdom-mycenae-palatial,src-whc-20fbbfc3302f,chronology,1
es-kingdom-mycenae-palatial-whc-20fbbfc3302f-classification,kingdom-mycenae-palatial,src-whc-20fbbfc3302f,classification,1
es-kingdom-mycenae-palatial-whc-20fbbfc3302f-description,kingdom-mycenae-palatial,src-whc-20fbbfc3302f,description,1
es-kingdom-mycenae-palatial-whc-20fbbfc3302f-geometry,kingdom-mycenae-palatial,src-whc-20fbbfc3302f,geometry,1
es-kingdom-mycenae-palatial-whc-20fbbfc3302f-identity,kingdom-mycenae-palatial,src-whc-20fbbfc3302f,identity,1
es-kingdom-mycenae-palatial-whc-20fbbfc3302f-names,kingdom-mycenae-palatial,src-whc-20fbbfc3302f,names,1
es-kingdom-mycenae-palatial-whc-20fbbfc3302f-relationships,kingdom-mycenae-palatial,src-whc-20fbbfc3302f,relationships,1
es-kingdom-orchomenos-palatial-mthv-3f5f755ed462-chronology,kingdom-orchomenos-palatial,src-mthv-3f5f755ed462,chronology,1
es-kingdom-orchomenos-palatial-mthv-3f5f755ed462-classification,kingdom-orchomenos-palatial,src-mthv-3f5f755ed462,classification,1
es-kingdom-orchomenos-palatial-mthv-3f5f755ed462-description,kingdom-orchomenos-palatial,src-mthv-3f5f755ed462,description,1
es-kingdom-orchomenos-palatial-mthv-3f5f755ed462-geometry,kingdom-orchomenos-palatial,src-mthv-3f5f755ed462,geometry,1
es-kingdom-orchomenos-palatial-mthv-3f5f755ed462-identity,kingdom-orchomenos-palatial,src-mthv-3f5f755ed462,identity,1
es-kingdom-orchomenos-palatial-mthv-3f5f755ed462-names,kingdom-orchomenos-palatial,src-mthv-3f5f755ed462,names,1
es-kingdom-orchomenos-palatial-mthv-3f5f755ed462-relationships,kingdom-orchomenos-palatial,src-mthv-3f5f755ed462,relationships,1
es-kingdom-paphos-cyprus-websites-d5246844b076-chronology,kingdom-paphos-cyprus,src-websites-d5246844b076,chronology,1
es-kingdom-paphos-cyprus-websites-d5246844b076-classification,kingdom-paphos-cyprus,src-websites-d5246844b076,classification,1
es-kingdom-paphos-cyprus-websites-d5246844b076-description,kingdom-paphos-cyprus,src-websites-d5246844b076,description,1
es-kingdom-paphos-cyprus-websites-d5246844b076-geometry,kingdom-paphos-cyprus,src-websites-d5246844b076,geometry,1
es-kingdom-paphos-cyprus-websites-d5246844b076-identity,kingdom-paphos-cyprus,src-websites-d5246844b076,identity,1
es-kingdom-paphos-cyprus-websites-d5246844b076-names,kingdom-paphos-cyprus,src-websites-d5246844b076,names,1
es-kingdom-paphos-cyprus-websites-d5246844b076-relationships,kingdom-paphos-cyprus,src-websites-d5246844b076,relationships,1
es-kingdom-pontus-mithridatid-metmuseum-50fe20dc493f-chronology,kingdom-pontus-mithridatid,src-metmuseum-50fe20dc493f,chronology,1
es-kingdom-pontus-mithridatid-metmuseum-50fe20dc493f-classification,kingdom-pontus-mithridatid,src-metmuseum-50fe20dc493f,classification,1
es-kingdom-pontus-mithridatid-metmuseum-50fe20dc493f-description,kingdom-pontus-mithridatid,src-metmuseum-50fe20dc493f,description,1
es-kingdom-pontus-mithridatid-metmuseum-50fe20dc493f-geometry,kingdom-pontus-mithridatid,src-metmuseum-50fe20dc493f,geometry,1
es-kingdom-pontus-mithridatid-metmuseum-50fe20dc493f-identity,kingdom-pontus-mithridatid,src-metmuseum-50fe20dc493f,identity,1
es-kingdom-pontus-mithridatid-metmuseum-50fe20dc493f-names,kingdom-pontus-mithridatid,src-metmuseum-50fe20dc493f,names,1
es-kingdom-pontus-mithridatid-metmuseum-50fe20dc493f-relationships,kingdom-pontus-mithridatid,src-metmuseum-50fe20dc493f,relationships,1
es-kingdom-ptolemaic-egypt-metmuseum-9200258a95cb-chronology,kingdom-ptolemaic-egypt,src-metmuseum-9200258a95cb,chronology,1
es-kingdom-ptolemaic-egypt-metmuseum-9200258a95cb-classification,kingdom-ptolemaic-egypt,src-metmuseum-9200258a95cb,classification,1
es-kingdom-ptolemaic-egypt-metmuseum-9200258a95cb-description,kingdom-ptolemaic-egypt,src-metmuseum-9200258a95cb,description,1
es-kingdom-ptolemaic-egypt-metmuseum-9200258a95cb-geometry,kingdom-ptolemaic-egypt,src-metmuseum-9200258a95cb,geometry,1
es-kingdom-ptolemaic-egypt-metmuseum-9200258a95cb-identity,kingdom-ptolemaic-egypt,src-metmuseum-9200258a95cb,identity,1
es-kingdom-ptolemaic-egypt-metmuseum-9200258a95cb-names,kingdom-ptolemaic-egypt,src-metmuseum-9200258a95cb,names,1
es-kingdom-ptolemaic-egypt-metmuseum-9200258a95cb-relationships,kingdom-ptolemaic-egypt,src-metmuseum-9200258a95cb,relationships,1
es-kingdom-pylos-palatial-odysseus-00e2d87ae4a8-chronology,kingdom-pylos-palatial,src-odysseus-00e2d87ae4a8,chronology,1
es-kingdom-pylos-palatial-odysseus-00e2d87ae4a8-classification,kingdom-pylos-palatial,src-odysseus-00e2d87ae4a8,classification,1
es-kingdom-pylos-palatial-odysseus-00e2d87ae4a8-description,kingdom-pylos-palatial,src-odysseus-00e2d87ae4a8,description,1
es-kingdom-pylos-palatial-odysseus-00e2d87ae4a8-geometry,kingdom-pylos-palatial,src-odysseus-00e2d87ae4a8,geometry,1
es-kingdom-pylos-palatial-odysseus-00e2d87ae4a8-identity,kingdom-pylos-palatial,src-odysseus-00e2d87ae4a8,identity,1
es-kingdom-pylos-palatial-odysseus-00e2d87ae4a8-names,kingdom-pylos-palatial,src-odysseus-00e2d87ae4a8,names,1
es-kingdom-pylos-palatial-odysseus-00e2d87ae4a8-relationships,kingdom-pylos-palatial,src-odysseus-00e2d87ae4a8,relationships,1
es-kingdom-salamis-cyprus-uni-muenster-0a0030be4d2a-chronology,kingdom-salamis-cyprus,src-uni-muenster-0a0030be4d2a,chronology,1
es-kingdom-salamis-cyprus-uni-muenster-0a0030be4d2a-classification,kingdom-salamis-cyprus,src-uni-muenster-0a0030be4d2a,classification,1
es-kingdom-salamis-cyprus-uni-muenster-0a0030be4d2a-description,kingdom-salamis-cyprus,src-uni-muenster-0a0030be4d2a,description,1
es-kingdom-salamis-cyprus-uni-muenster-0a0030be4d2a-geometry,kingdom-salamis-cyprus,src-uni-muenster-0a0030be4d2a,geometry,1
es-kingdom-salamis-cyprus-uni-muenster-0a0030be4d2a-identity,kingdom-salamis-cyprus,src-uni-muenster-0a0030be4d2a,identity,1
es-kingdom-salamis-cyprus-uni-muenster-0a0030be4d2a-names,kingdom-salamis-cyprus,src-uni-muenster-0a0030be4d2a,names,1
es-kingdom-salamis-cyprus-uni-muenster-0a0030be4d2a-relationships,kingdom-salamis-cyprus,src-uni-muenster-0a0030be4d2a,relationships,1
es-kingdom-seleucid-metmuseum-31540f5687cf-chronology,kingdom-seleucid,src-metmuseum-31540f5687cf,chronology,1
es-kingdom-seleucid-metmuseum-31540f5687cf-classification,kingdom-seleucid,src-metmuseum-31540f5687cf,classification,1
es-kingdom-seleucid-metmuseum-31540f5687cf-description,kingdom-seleucid,src-metmuseum-31540f5687cf,description,1
es-kingdom-seleucid-metmuseum-31540f5687cf-geometry,kingdom-seleucid,src-metmuseum-31540f5687cf,geometry,1
es-kingdom-seleucid-metmuseum-31540f5687cf-identity,kingdom-seleucid,src-metmuseum-31540f5687cf,identity,1
es-kingdom-seleucid-metmuseum-31540f5687cf-names,kingdom-seleucid,src-metmuseum-31540f5687cf,names,1
es-kingdom-seleucid-metmuseum-31540f5687cf-relationships,kingdom-seleucid,src-metmuseum-31540f5687cf,relationships,1
es-kingdom-syracuse-agathocles-britishmuseum-073d3f0a8ae4-chronology,kingdom-syracuse-agathocles,src-britishmuseum-073d3f0a8ae4,chronology,1
es-kingdom-syracuse-agathocles-britishmuseum-073d3f0a8ae4-classification,kingdom-syracuse-agathocles,src-britishmuseum-073d3f0a8ae4,classification,1
es-kingdom-syracuse-agathocles-britishmuseum-073d3f0a8ae4-description,kingdom-syracuse-agathocles,src-britishmuseum-073d3f0a8ae4,description,1
es-kingdom-syracuse-agathocles-britishmuseum-073d3f0a8ae4-geometry,kingdom-syracuse-agathocles,src-britishmuseum-073d3f0a8ae4,geometry,1
es-kingdom-syracuse-agathocles-britishmuseum-073d3f0a8ae4-identity,kingdom-syracuse-agathocles,src-britishmuseum-073d3f0a8ae4,identity,1
es-kingdom-syracuse-agathocles-britishmuseum-073d3f0a8ae4-names,kingdom-syracuse-agathocles,src-britishmuseum-073d3f0a8ae4,names,1
es-kingdom-syracuse-agathocles-britishmuseum-073d3f0a8ae4-relationships,kingdom-syracuse-agathocles,src-britishmuseum-073d3f0a8ae4,relationships,1
es-kingdom-syracuse-hieron-ii-britishmuseum-d101eb623c92-chronology,kingdom-syracuse-hieron-ii,src-britishmuseum-d101eb623c92,chronology,1
es-kingdom-syracuse-hieron-ii-britishmuseum-d101eb623c92-classification,kingdom-syracuse-hieron-ii,src-britishmuseum-d101eb623c92,classification,1
es-kingdom-syracuse-hieron-ii-britishmuseum-d101eb623c92-description,kingdom-syracuse-hieron-ii,src-britishmuseum-d101eb623c92,description,1
es-kingdom-syracuse-hieron-ii-britishmuseum-d101eb623c92-geometry,kingdom-syracuse-hieron-ii,src-britishmuseum-d101eb623c92,geometry,1
es-kingdom-syracuse-hieron-ii-britishmuseum-d101eb623c92-identity,kingdom-syracuse-hieron-ii,src-britishmuseum-d101eb623c92,identity,1
es-kingdom-syracuse-hieron-ii-britishmuseum-d101eb623c92-names,kingdom-syracuse-hieron-ii,src-britishmuseum-d101eb623c92,names,1
es-kingdom-syracuse-hieron-ii-britishmuseum-d101eb623c92-relationships,kingdom-syracuse-hieron-ii,src-britishmuseum-d101eb623c92,relationships,1
es-kingdom-thebes-palatial-mthv-3f5f755ed462-chronology,kingdom-thebes-palatial,src-mthv-3f5f755ed462,chronology,1
es-kingdom-thebes-palatial-mthv-3f5f755ed462-classification,kingdom-thebes-palatial,src-mthv-3f5f755ed462,classification,1
es-kingdom-thebes-palatial-mthv-3f5f755ed462-description,kingdom-thebes-palatial,src-mthv-3f5f755ed462,description,1
es-kingdom-thebes-palatial-mthv-3f5f755ed462-geometry,kingdom-thebes-palatial,src-mthv-3f5f755ed462,geometry,1
es-kingdom-thebes-palatial-mthv-3f5f755ed462-identity,kingdom-thebes-palatial,src-mthv-3f5f755ed462,identity,1
es-kingdom-thebes-palatial-mthv-3f5f755ed462-names,kingdom-thebes-palatial,src-mthv-3f5f755ed462,names,1
es-kingdom-thebes-palatial-mthv-3f5f755ed462-relationships,kingdom-thebes-palatial,src-mthv-3f5f755ed462,relationships,1
es-kingdom-tiryns-palatial-whc-20fbbfc3302f-chronology,kingdom-tiryns-palatial,src-whc-20fbbfc3302f,chronology,1
es-kingdom-tiryns-palatial-whc-20fbbfc3302f-classification,kingdom-tiryns-palatial,src-whc-20fbbfc3302f,classification,1
es-kingdom-tiryns-palatial-whc-20fbbfc3302f-description,kingdom-tiryns-palatial,src-whc-20fbbfc3302f,description,1
es-kingdom-tiryns-palatial-whc-20fbbfc3302f-geometry,kingdom-tiryns-palatial,src-whc-20fbbfc3302f,geometry,1
es-kingdom-tiryns-palatial-whc-20fbbfc3302f-identity,kingdom-tiryns-palatial,src-whc-20fbbfc3302f,identity,1
es-kingdom-tiryns-palatial-whc-20fbbfc3302f-names,kingdom-tiryns-palatial,src-whc-20fbbfc3302f,names,1
es-kingdom-tiryns-palatial-whc-20fbbfc3302f-relationships,kingdom-tiryns-palatial,src-whc-20fbbfc3302f,relationships,1
es-sanctuary-aegina-aphaia-sanctuary-pleiades-579872-chronology,sanctuary-aegina-aphaia-sanctuary,src-pleiades-579872,chronology,1
es-sanctuary-aegina-aphaia-sanctuary-pleiades-579872-classification,sanctuary-aegina-aphaia-sanctuary,src-pleiades-579872,classification,1
es-sanctuary-aegina-aphaia-sanctuary-pleiades-579872-description,sanctuary-aegina-aphaia-sanctuary,src-pleiades-579872,description,1
es-sanctuary-aegina-aphaia-sanctuary-pleiades-579872-geometry,sanctuary-aegina-aphaia-sanctuary,src-pleiades-579872,geometry,1
es-sanctuary-aegina-aphaia-sanctuary-pleiades-579872-identity,sanctuary-aegina-aphaia-sanctuary,src-pleiades-579872,identity,1
es-sanctuary-aegina-aphaia-sanctuary-pleiades-579872-names,sanctuary-aegina-aphaia-sanctuary,src-pleiades-579872,names,1
es-sanctuary-aegina-aphaia-sanctuary-pleiades-579872-relationships,sanctuary-aegina-aphaia-sanctuary,src-pleiades-579872,relationships,1
es-sanctuary-akragas-concordia-temple-sanctuary-pleiades-943504072-chronology,sanctuary-akragas-concordia-temple-sanctuary,src-pleiades-943504072,chronology,1
es-sanctuary-akragas-concordia-temple-sanctuary-pleiades-943504072-classification,sanctuary-akragas-concordia-temple-sanctuary,src-pleiades-943504072,classification,1
es-sanctuary-akragas-concordia-temple-sanctuary-pleiades-943504072-description,sanctuary-akragas-concordia-temple-sanctuary,src-pleiades-943504072,description,1
es-sanctuary-akragas-concordia-temple-sanctuary-pleiades-943504072-geometry,sanctuary-akragas-concordia-temple-sanctuary,src-pleiades-943504072,geometry,1
es-sanctuary-akragas-concordia-temple-sanctuary-pleiades-943504072-identity,sanctuary-akragas-concordia-temple-sanctuary,src-pleiades-943504072,identity,1
es-sanctuary-akragas-concordia-temple-sanctuary-pleiades-943504072-names,sanctuary-akragas-concordia-temple-sanctuary,src-pleiades-943504072,names,1
es-sanctuary-akragas-concordia-temple-sanctuary-pleiades-943504072-relationships,sanctuary-akragas-concordia-temple-sanctuary,src-pleiades-943504072,relationships,1
es-sanctuary-alexandria-serapeum-pleiades-182618516-chronology,sanctuary-alexandria-serapeum,src-pleiades-182618516,chronology,1
es-sanctuary-alexandria-serapeum-pleiades-182618516-classification,sanctuary-alexandria-serapeum,src-pleiades-182618516,classification,1
es-sanctuary-alexandria-serapeum-pleiades-182618516-description,sanctuary-alexandria-serapeum,src-pleiades-182618516,description,1
es-sanctuary-alexandria-serapeum-pleiades-182618516-geometry,sanctuary-alexandria-serapeum,src-pleiades-182618516,geometry,1
es-sanctuary-alexandria-serapeum-pleiades-182618516-identity,sanctuary-alexandria-serapeum,src-pleiades-182618516,identity,1
es-sanctuary-alexandria-serapeum-pleiades-182618516-names,sanctuary-alexandria-serapeum,src-pleiades-182618516,names,1
es-sanctuary-alexandria-serapeum-pleiades-182618516-relationships,sanctuary-alexandria-serapeum,src-pleiades-182618516,relationships,1
es-sanctuary-amyklaion-apollo-sanctuary-pleiades-73644851-chronology,sanctuary-amyklaion-apollo-sanctuary,src-pleiades-73644851,chronology,1
es-sanctuary-amyklaion-apollo-sanctuary-pleiades-73644851-classification,sanctuary-amyklaion-apollo-sanctuary,src-pleiades-73644851,classification,1
es-sanctuary-amyklaion-apollo-sanctuary-pleiades-73644851-description,sanctuary-amyklaion-apollo-sanctuary,src-pleiades-73644851,description,1
es-sanctuary-amyklaion-apollo-sanctuary-pleiades-73644851-geometry,sanctuary-amyklaion-apollo-sanctuary,src-pleiades-73644851,geometry,1
es-sanctuary-amyklaion-apollo-sanctuary-pleiades-73644851-identity,sanctuary-amyklaion-apollo-sanctuary,src-pleiades-73644851,identity,1
es-sanctuary-amyklaion-apollo-sanctuary-pleiades-73644851-names,sanctuary-amyklaion-apollo-sanctuary,src-pleiades-73644851,names,1
es-sanctuary-amyklaion-apollo-sanctuary-pleiades-73644851-relationships,sanctuary-amyklaion-apollo-sanctuary,src-pleiades-73644851,relationships,1
es-sanctuary-aphrodisias-aphrodite-sanctuary-aphrodisias-excavations-c69862729c7d-chronology,sanctuary-aphrodisias-aphrodite-sanctuary,src-aphrodisias-excavations-c69862729c7d,chronology,1
es-sanctuary-aphrodisias-aphrodite-sanctuary-aphrodisias-excavations-c69862729c7d-classification,sanctuary-aphrodisias-aphrodite-sanctuary,src-aphrodisias-excavations-c69862729c7d,classification,1
es-sanctuary-aphrodisias-aphrodite-sanctuary-aphrodisias-excavations-c69862729c7d-description,sanctuary-aphrodisias-aphrodite-sanctuary,src-aphrodisias-excavations-c69862729c7d,description,1
es-sanctuary-aphrodisias-aphrodite-sanctuary-aphrodisias-excavations-c69862729c7d-geometry,sanctuary-aphrodisias-aphrodite-sanctuary,src-aphrodisias-excavations-c69862729c7d,geometry,1
es-sanctuary-aphrodisias-aphrodite-sanctuary-aphrodisias-excavations-c69862729c7d-identity,sanctuary-aphrodisias-aphrodite-sanctuary,src-aphrodisias-excavations-c69862729c7d,identity,1
es-sanctuary-aphrodisias-aphrodite-sanctuary-aphrodisias-excavations-c69862729c7d-names,sanctuary-aphrodisias-aphrodite-sanctuary,src-aphrodisias-excavations-c69862729c7d,names,1
es-sanctuary-aphrodisias-aphrodite-sanctuary-aphrodisias-excavations-c69862729c7d-relationships,sanctuary-aphrodisias-aphrodite-sanctuary,src-aphrodisias-excavations-c69862729c7d,relationships,1
es-sanctuary-apollonia-pontica-apollo-ietros-sanctuary-pleiades-216706-chronology,sanctuary-apollonia-pontica-apollo-ietros-sanctuary,src-pleiades-216706,chronology,1
es-sanctuary-apollonia-pontica-apollo-ietros-sanctuary-pleiades-216706-classification,sanctuary-apollonia-pontica-apollo-ietros-sanctuary,src-pleiades-216706,classification,1
es-sanctuary-apollonia-pontica-apollo-ietros-sanctuary-pleiades-216706-description,sanctuary-apollonia-pontica-apollo-ietros-sanctuary,src-pleiades-216706,description,1
es-sanctuary-apollonia-pontica-apollo-ietros-sanctuary-pleiades-216706-geometry,sanctuary-apollonia-pontica-apollo-ietros-sanctuary,src-pleiades-216706,geometry,1
es-sanctuary-apollonia-pontica-apollo-ietros-sanctuary-pleiades-216706-identity,sanctuary-apollonia-pontica-apollo-ietros-sanctuary,src-pleiades-216706,identity,1
es-sanctuary-apollonia-pontica-apollo-ietros-sanctuary-pleiades-216706-names,sanctuary-apollonia-pontica-apollo-ietros-sanctuary,src-pleiades-216706,names,1
es-sanctuary-apollonia-pontica-apollo-ietros-sanctuary-pleiades-216706-relationships,sanctuary-apollonia-pontica-apollo-ietros-sanctuary,src-pleiades-216706,relationships,1
es-sanctuary-argive-heraion-pleiades-570289-chronology,sanctuary-argive-heraion,src-pleiades-570289,chronology,1
es-sanctuary-argive-heraion-pleiades-570289-classification,sanctuary-argive-heraion,src-pleiades-570289,classification,1
es-sanctuary-argive-heraion-pleiades-570289-description,sanctuary-argive-heraion,src-pleiades-570289,description,1
es-sanctuary-argive-heraion-pleiades-570289-geometry,sanctuary-argive-heraion,src-pleiades-570289,geometry,1
es-sanctuary-argive-heraion-pleiades-570289-identity,sanctuary-argive-heraion,src-pleiades-570289,identity,1
es-sanctuary-argive-heraion-pleiades-570289-names,sanctuary-argive-heraion,src-pleiades-570289,names,1
es-sanctuary-argive-heraion-pleiades-570289-relationships,sanctuary-argive-heraion,src-pleiades-570289,relationships,1
es-sanctuary-athens-acropolis-sacred-center-pleiades-638356144-chronology,sanctuary-athens-acropolis-sacred-center,src-pleiades-638356144,chronology,1
es-sanctuary-athens-acropolis-sacred-center-pleiades-638356144-classification,sanctuary-athens-acropolis-sacred-center,src-pleiades-638356144,classification,1
es-sanctuary-athens-acropolis-sacred-center-pleiades-638356144-description,sanctuary-athens-acropolis-sacred-center,src-pleiades-638356144,description,1
es-sanctuary-athens-acropolis-sacred-center-pleiades-638356144-geometry,sanctuary-athens-acropolis-sacred-center,src-pleiades-638356144,geometry,1
es-sanctuary-athens-acropolis-sacred-center-pleiades-638356144-identity,sanctuary-athens-acropolis-sacred-center,src-pleiades-638356144,identity,1
es-sanctuary-athens-acropolis-sacred-center-pleiades-638356144-names,sanctuary-athens-acropolis-sacred-center,src-pleiades-638356144,names,1
es-sanctuary-athens-acropolis-sacred-center-pleiades-638356144-relationships,sanctuary-athens-acropolis-sacred-center,src-pleiades-638356144,relationships,1
es-sanctuary-bassae-apollo-epikourios-pleiades-570148-chronology,sanctuary-bassae-apollo-epikourios,src-pleiades-570148,chronology,1
es-sanctuary-bassae-apollo-epikourios-pleiades-570148-classification,sanctuary-bassae-apollo-epikourios,src-pleiades-570148,classification,1
es-sanctuary-bassae-apollo-epikourios-pleiades-570148-description,sanctuary-bassae-apollo-epikourios,src-pleiades-570148,description,1
es-sanctuary-bassae-apollo-epikourios-pleiades-570148-geometry,sanctuary-bassae-apollo-epikourios,src-pleiades-570148,geometry,1
es-sanctuary-bassae-apollo-epikourios-pleiades-570148-identity,sanctuary-bassae-apollo-epikourios,src-pleiades-570148,identity,1
es-sanctuary-bassae-apollo-epikourios-pleiades-570148-names,sanctuary-bassae-apollo-epikourios,src-pleiades-570148,names,1
es-sanctuary-bassae-apollo-epikourios-pleiades-570148-relationships,sanctuary-bassae-apollo-epikourios,src-pleiades-570148,relationships,1
es-sanctuary-brauron-artemis-sanctuary-pleiades-579879-chronology,sanctuary-brauron-artemis-sanctuary,src-pleiades-579879,chronology,1
es-sanctuary-brauron-artemis-sanctuary-pleiades-579879-classification,sanctuary-brauron-artemis-sanctuary,src-pleiades-579879,classification,1
es-sanctuary-brauron-artemis-sanctuary-pleiades-579879-description,sanctuary-brauron-artemis-sanctuary,src-pleiades-579879,description,1
es-sanctuary-brauron-artemis-sanctuary-pleiades-579879-geometry,sanctuary-brauron-artemis-sanctuary,src-pleiades-579879,geometry,1
es-sanctuary-brauron-artemis-sanctuary-pleiades-579879-identity,sanctuary-brauron-artemis-sanctuary,src-pleiades-579879,identity,1
es-sanctuary-brauron-artemis-sanctuary-pleiades-579879-names,sanctuary-brauron-artemis-sanctuary,src-pleiades-579879,names,1
es-sanctuary-brauron-artemis-sanctuary-pleiades-579879-relationships,sanctuary-brauron-artemis-sanctuary,src-pleiades-579879,relationships,1
es-sanctuary-chersonesos-parthenos-sanctuary-whc-9f55cde04df6-chronology,sanctuary-chersonesos-parthenos-sanctuary,src-whc-9f55cde04df6,chronology,1
es-sanctuary-chersonesos-parthenos-sanctuary-whc-9f55cde04df6-classification,sanctuary-chersonesos-parthenos-sanctuary,src-whc-9f55cde04df6,classification,1
es-sanctuary-chersonesos-parthenos-sanctuary-whc-9f55cde04df6-description,sanctuary-chersonesos-parthenos-sanctuary,src-whc-9f55cde04df6,description,1
es-sanctuary-chersonesos-parthenos-sanctuary-whc-9f55cde04df6-geometry,sanctuary-chersonesos-parthenos-sanctuary,src-whc-9f55cde04df6,geometry,1
es-sanctuary-chersonesos-parthenos-sanctuary-whc-9f55cde04df6-identity,sanctuary-chersonesos-parthenos-sanctuary,src-whc-9f55cde04df6,identity,1
es-sanctuary-chersonesos-parthenos-sanctuary-whc-9f55cde04df6-names,sanctuary-chersonesos-parthenos-sanctuary,src-whc-9f55cde04df6,names,1
es-sanctuary-chersonesos-parthenos-sanctuary-whc-9f55cde04df6-relationships,sanctuary-chersonesos-parthenos-sanctuary,src-whc-9f55cde04df6,relationships,1
es-sanctuary-claros-apollo-oracle-pleiades-599719-chronology,sanctuary-claros-apollo-oracle,src-pleiades-599719,chronology,1
es-sanctuary-claros-apollo-oracle-pleiades-599719-classification,sanctuary-claros-apollo-oracle,src-pleiades-599719,classification,1
es-sanctuary-claros-apollo-oracle-pleiades-599719-description,sanctuary-claros-apollo-oracle,src-pleiades-599719,description,1
es-sanctuary-claros-apollo-oracle-pleiades-599719-geometry,sanctuary-claros-apollo-oracle,src-pleiades-599719,geometry,1
es-sanctuary-claros-apollo-oracle-pleiades-599719-identity,sanctuary-claros-apollo-oracle,src-pleiades-599719,identity,1
es-sanctuary-claros-apollo-oracle-pleiades-599719-names,sanctuary-claros-apollo-oracle,src-pleiades-599719,names,1
es-sanctuary-claros-apollo-oracle-pleiades-599719-relationships,sanctuary-claros-apollo-oracle,src-pleiades-599719,relationships,1
es-sanctuary-crete-idaion-antron-pleiades-589817-chronology,sanctuary-crete-idaion-antron,src-pleiades-589817,chronology,1
es-sanctuary-crete-idaion-antron-pleiades-589817-classification,sanctuary-crete-idaion-antron,src-pleiades-589817,classification,1
es-sanctuary-crete-idaion-antron-pleiades-589817-description,sanctuary-crete-idaion-antron,src-pleiades-589817,description,1
es-sanctuary-crete-idaion-antron-pleiades-589817-geometry,sanctuary-crete-idaion-antron,src-pleiades-589817,geometry,1
es-sanctuary-crete-idaion-antron-pleiades-589817-identity,sanctuary-crete-idaion-antron,src-pleiades-589817,identity,1
es-sanctuary-crete-idaion-antron-pleiades-589817-names,sanctuary-crete-idaion-antron,src-pleiades-589817,names,1
es-sanctuary-crete-idaion-antron-pleiades-589817-relationships,sanctuary-crete-idaion-antron,src-pleiades-589817,relationships,1
es-sanctuary-crete-iuktas-peak-sanctuary-pleiades-559217802-chronology,sanctuary-crete-iuktas-peak-sanctuary,src-pleiades-559217802,chronology,1
es-sanctuary-crete-iuktas-peak-sanctuary-pleiades-559217802-classification,sanctuary-crete-iuktas-peak-sanctuary,src-pleiades-559217802,classification,1
es-sanctuary-crete-iuktas-peak-sanctuary-pleiades-559217802-description,sanctuary-crete-iuktas-peak-sanctuary,src-pleiades-559217802,description,1
es-sanctuary-crete-iuktas-peak-sanctuary-pleiades-559217802-geometry,sanctuary-crete-iuktas-peak-sanctuary,src-pleiades-559217802,geometry,1
es-sanctuary-crete-iuktas-peak-sanctuary-pleiades-559217802-identity,sanctuary-crete-iuktas-peak-sanctuary,src-pleiades-559217802,identity,1
es-sanctuary-crete-iuktas-peak-sanctuary-pleiades-559217802-names,sanctuary-crete-iuktas-peak-sanctuary,src-pleiades-559217802,names,1
es-sanctuary-crete-iuktas-peak-sanctuary-pleiades-559217802-relationships,sanctuary-crete-iuktas-peak-sanctuary,src-pleiades-559217802,relationships,1
es-sanctuary-croton-hera-lacinia-sanctuary-pleiades-452332-chronology,sanctuary-croton-hera-lacinia-sanctuary,src-pleiades-452332,chronology,1
es-sanctuary-croton-hera-lacinia-sanctuary-pleiades-452332-classification,sanctuary-croton-hera-lacinia-sanctuary,src-pleiades-452332,classification,1
es-sanctuary-croton-hera-lacinia-sanctuary-pleiades-452332-description,sanctuary-croton-hera-lacinia-sanctuary,src-pleiades-452332,description,1
es-sanctuary-croton-hera-lacinia-sanctuary-pleiades-452332-geometry,sanctuary-croton-hera-lacinia-sanctuary,src-pleiades-452332,geometry,1
es-sanctuary-croton-hera-lacinia-sanctuary-pleiades-452332-identity,sanctuary-croton-hera-lacinia-sanctuary,src-pleiades-452332,identity,1
es-sanctuary-croton-hera-lacinia-sanctuary-pleiades-452332-names,sanctuary-croton-hera-lacinia-sanctuary,src-pleiades-452332,names,1
es-sanctuary-croton-hera-lacinia-sanctuary-pleiades-452332-relationships,sanctuary-croton-hera-lacinia-sanctuary,src-pleiades-452332,relationships,1
es-sanctuary-cyrene-apollo-sanctuary-pleiades-464482220-chronology,sanctuary-cyrene-apollo-sanctuary,src-pleiades-464482220,chronology,1
es-sanctuary-cyrene-apollo-sanctuary-pleiades-464482220-classification,sanctuary-cyrene-apollo-sanctuary,src-pleiades-464482220,classification,1
es-sanctuary-cyrene-apollo-sanctuary-pleiades-464482220-description,sanctuary-cyrene-apollo-sanctuary,src-pleiades-464482220,description,1
es-sanctuary-cyrene-apollo-sanctuary-pleiades-464482220-geometry,sanctuary-cyrene-apollo-sanctuary,src-pleiades-464482220,geometry,1
es-sanctuary-cyrene-apollo-sanctuary-pleiades-464482220-identity,sanctuary-cyrene-apollo-sanctuary,src-pleiades-464482220,identity,1
es-sanctuary-cyrene-apollo-sanctuary-pleiades-464482220-names,sanctuary-cyrene-apollo-sanctuary,src-pleiades-464482220,names,1
es-sanctuary-cyrene-apollo-sanctuary-pleiades-464482220-relationships,sanctuary-cyrene-apollo-sanctuary,src-pleiades-464482220,relationships,1
es-sanctuary-cyrene-zeus-sanctuary-pleiades-103565779-chronology,sanctuary-cyrene-zeus-sanctuary,src-pleiades-103565779,chronology,1
es-sanctuary-cyrene-zeus-sanctuary-pleiades-103565779-classification,sanctuary-cyrene-zeus-sanctuary,src-pleiades-103565779,classification,1
es-sanctuary-cyrene-zeus-sanctuary-pleiades-103565779-description,sanctuary-cyrene-zeus-sanctuary,src-pleiades-103565779,description,1
es-sanctuary-cyrene-zeus-sanctuary-pleiades-103565779-geometry,sanctuary-cyrene-zeus-sanctuary,src-pleiades-103565779,geometry,1
es-sanctuary-cyrene-zeus-sanctuary-pleiades-103565779-identity,sanctuary-cyrene-zeus-sanctuary,src-pleiades-103565779,identity,1
es-sanctuary-cyrene-zeus-sanctuary-pleiades-103565779-names,sanctuary-cyrene-zeus-sanctuary,src-pleiades-103565779,names,1
es-sanctuary-cyrene-zeus-sanctuary-pleiades-103565779-relationships,sanctuary-cyrene-zeus-sanctuary,src-pleiades-103565779,relationships,1
es-sanctuary-delos-apollo-sanctuary-pleiades-599506-chronology,sanctuary-delos-apollo-sanctuary,src-pleiades-599506,chronology,1
es-sanctuary-delos-apollo-sanctuary-pleiades-599506-classification,sanctuary-delos-apollo-sanctuary,src-pleiades-599506,classification,1
es-sanctuary-delos-apollo-sanctuary-pleiades-599506-description,sanctuary-delos-apollo-sanctuary,src-pleiades-599506,description,1
es-sanctuary-delos-apollo-sanctuary-pleiades-599506-geometry,sanctuary-delos-apollo-sanctuary,src-pleiades-599506,geometry,1
es-sanctuary-delos-apollo-sanctuary-pleiades-599506-identity,sanctuary-delos-apollo-sanctuary,src-pleiades-599506,identity,1
es-sanctuary-delos-apollo-sanctuary-pleiades-599506-names,sanctuary-delos-apollo-sanctuary,src-pleiades-599506,names,1
es-sanctuary-delos-apollo-sanctuary-pleiades-599506-relationships,sanctuary-delos-apollo-sanctuary,src-pleiades-599506,relationships,1
es-sanctuary-delphi-apollo-sanctuary-pleiades-540726-chronology,sanctuary-delphi-apollo-sanctuary,src-pleiades-540726,chronology,1
es-sanctuary-delphi-apollo-sanctuary-pleiades-540726-classification,sanctuary-delphi-apollo-sanctuary,src-pleiades-540726,classification,1
es-sanctuary-delphi-apollo-sanctuary-pleiades-540726-description,sanctuary-delphi-apollo-sanctuary,src-pleiades-540726,description,1
es-sanctuary-delphi-apollo-sanctuary-pleiades-540726-geometry,sanctuary-delphi-apollo-sanctuary,src-pleiades-540726,geometry,1
es-sanctuary-delphi-apollo-sanctuary-pleiades-540726-identity,sanctuary-delphi-apollo-sanctuary,src-pleiades-540726,identity,1
es-sanctuary-delphi-apollo-sanctuary-pleiades-540726-names,sanctuary-delphi-apollo-sanctuary,src-pleiades-540726,names,1
es-sanctuary-delphi-apollo-sanctuary-pleiades-540726-relationships,sanctuary-delphi-apollo-sanctuary,src-pleiades-540726,relationships,1
es-sanctuary-delphi-athena-pronaia-sanctuary-pleiades-513711610-chronology,sanctuary-delphi-athena-pronaia-sanctuary,src-pleiades-513711610,chronology,1
es-sanctuary-delphi-athena-pronaia-sanctuary-pleiades-513711610-classification,sanctuary-delphi-athena-pronaia-sanctuary,src-pleiades-513711610,classification,1
es-sanctuary-delphi-athena-pronaia-sanctuary-pleiades-513711610-description,sanctuary-delphi-athena-pronaia-sanctuary,src-pleiades-513711610,description,1
es-sanctuary-delphi-athena-pronaia-sanctuary-pleiades-513711610-geometry,sanctuary-delphi-athena-pronaia-sanctuary,src-pleiades-513711610,geometry,1
es-sanctuary-delphi-athena-pronaia-sanctuary-pleiades-513711610-identity,sanctuary-delphi-athena-pronaia-sanctuary,src-pleiades-513711610,identity,1
es-sanctuary-delphi-athena-pronaia-sanctuary-pleiades-513711610-names,sanctuary-delphi-athena-pronaia-sanctuary,src-pleiades-513711610,names,1
es-sanctuary-delphi-athena-pronaia-sanctuary-pleiades-513711610-relationships,sanctuary-delphi-athena-pronaia-sanctuary,src-pleiades-513711610,relationships,1
es-sanctuary-despotiko-apollo-sanctuary-pleiades-854812387-chronology,sanctuary-despotiko-apollo-sanctuary,src-pleiades-854812387,chronology,1
es-sanctuary-despotiko-apollo-sanctuary-pleiades-854812387-classification,sanctuary-despotiko-apollo-sanctuary,src-pleiades-854812387,classification,1
es-sanctuary-despotiko-apollo-sanctuary-pleiades-854812387-description,sanctuary-despotiko-apollo-sanctuary,src-pleiades-854812387,description,1
es-sanctuary-despotiko-apollo-sanctuary-pleiades-854812387-geometry,sanctuary-despotiko-apollo-sanctuary,src-pleiades-854812387,geometry,1
es-sanctuary-despotiko-apollo-sanctuary-pleiades-854812387-identity,sanctuary-despotiko-apollo-sanctuary,src-pleiades-854812387,identity,1
es-sanctuary-despotiko-apollo-sanctuary-pleiades-854812387-names,sanctuary-despotiko-apollo-sanctuary,src-pleiades-854812387,names,1
es-sanctuary-despotiko-apollo-sanctuary-pleiades-854812387-relationships,sanctuary-despotiko-apollo-sanctuary,src-pleiades-854812387,relationships,1
es-sanctuary-didyma-apollo-oracle-pleiades-599593-chronology,sanctuary-didyma-apollo-oracle,src-pleiades-599593,chronology,1
es-sanctuary-didyma-apollo-oracle-pleiades-599593-classification,sanctuary-didyma-apollo-oracle,src-pleiades-599593,classification,1
es-sanctuary-didyma-apollo-oracle-pleiades-599593-description,sanctuary-didyma-apollo-oracle,src-pleiades-599593,description,1
es-sanctuary-didyma-apollo-oracle-pleiades-599593-geometry,sanctuary-didyma-apollo-oracle,src-pleiades-599593,geometry,1
es-sanctuary-didyma-apollo-oracle-pleiades-599593-identity,sanctuary-didyma-apollo-oracle,src-pleiades-599593,identity,1
es-sanctuary-didyma-apollo-oracle-pleiades-599593-names,sanctuary-didyma-apollo-oracle,src-pleiades-599593,names,1
es-sanctuary-didyma-apollo-oracle-pleiades-599593-relationships,sanctuary-didyma-apollo-oracle,src-pleiades-599593,relationships,1
es-sanctuary-dodona-zeus-oracle-pleiades-530843-chronology,sanctuary-dodona-zeus-oracle,src-pleiades-530843,chronology,1
es-sanctuary-dodona-zeus-oracle-pleiades-530843-classification,sanctuary-dodona-zeus-oracle,src-pleiades-530843,classification,1
es-sanctuary-dodona-zeus-oracle-pleiades-530843-description,sanctuary-dodona-zeus-oracle,src-pleiades-530843,description,1
es-sanctuary-dodona-zeus-oracle-pleiades-530843-geometry,sanctuary-dodona-zeus-oracle,src-pleiades-530843,geometry,1
es-sanctuary-dodona-zeus-oracle-pleiades-530843-identity,sanctuary-dodona-zeus-oracle,src-pleiades-530843,identity,1
es-sanctuary-dodona-zeus-oracle-pleiades-530843-names,sanctuary-dodona-zeus-oracle,src-pleiades-530843,names,1
es-sanctuary-dodona-zeus-oracle-pleiades-530843-relationships,sanctuary-dodona-zeus-oracle,src-pleiades-530843,relationships,1
es-sanctuary-eleusis-demeter-sanctuary-pleiades-579910-chronology,sanctuary-eleusis-demeter-sanctuary,src-pleiades-579910,chronology,1
es-sanctuary-eleusis-demeter-sanctuary-pleiades-579910-classification,sanctuary-eleusis-demeter-sanctuary,src-pleiades-579910,classification,1
es-sanctuary-eleusis-demeter-sanctuary-pleiades-579910-description,sanctuary-eleusis-demeter-sanctuary,src-pleiades-579910,description,1
es-sanctuary-eleusis-demeter-sanctuary-pleiades-579910-geometry,sanctuary-eleusis-demeter-sanctuary,src-pleiades-579910,geometry,1
es-sanctuary-eleusis-demeter-sanctuary-pleiades-579910-identity,sanctuary-eleusis-demeter-sanctuary,src-pleiades-579910,identity,1
es-sanctuary-eleusis-demeter-sanctuary-pleiades-579910-names,sanctuary-eleusis-demeter-sanctuary,src-pleiades-579910,names,1
es-sanctuary-eleusis-demeter-sanctuary-pleiades-579910-relationships,sanctuary-eleusis-demeter-sanctuary,src-pleiades-579910,relationships,1
es-sanctuary-ephesus-artemis-sanctuary-pleiades-873985034-chronology,sanctuary-ephesus-artemis-sanctuary,src-pleiades-873985034,chronology,1
es-sanctuary-ephesus-artemis-sanctuary-pleiades-873985034-classification,sanctuary-ephesus-artemis-sanctuary,src-pleiades-873985034,classification,1
es-sanctuary-ephesus-artemis-sanctuary-pleiades-873985034-description,sanctuary-ephesus-artemis-sanctuary,src-pleiades-873985034,description,1
es-sanctuary-ephesus-artemis-sanctuary-pleiades-873985034-geometry,sanctuary-ephesus-artemis-sanctuary,src-pleiades-873985034,geometry,1
es-sanctuary-ephesus-artemis-sanctuary-pleiades-873985034-identity,sanctuary-ephesus-artemis-sanctuary,src-pleiades-873985034,identity,1
es-sanctuary-ephesus-artemis-sanctuary-pleiades-873985034-names,sanctuary-ephesus-artemis-sanctuary,src-pleiades-873985034,names,1
es-sanctuary-ephesus-artemis-sanctuary-pleiades-873985034-relationships,sanctuary-ephesus-artemis-sanctuary,src-pleiades-873985034,relationships,1
es-sanctuary-epidauros-asklepios-sanctuary-pleiades-570127-chronology,sanctuary-epidauros-asklepios-sanctuary,src-pleiades-570127,chronology,1
es-sanctuary-epidauros-asklepios-sanctuary-pleiades-570127-classification,sanctuary-epidauros-asklepios-sanctuary,src-pleiades-570127,classification,1
es-sanctuary-epidauros-asklepios-sanctuary-pleiades-570127-description,sanctuary-epidauros-asklepios-sanctuary,src-pleiades-570127,description,1
es-sanctuary-epidauros-asklepios-sanctuary-pleiades-570127-geometry,sanctuary-epidauros-asklepios-sanctuary,src-pleiades-570127,geometry,1
es-sanctuary-epidauros-asklepios-sanctuary-pleiades-570127-identity,sanctuary-epidauros-asklepios-sanctuary,src-pleiades-570127,identity,1
es-sanctuary-epidauros-asklepios-sanctuary-pleiades-570127-names,sanctuary-epidauros-asklepios-sanctuary,src-pleiades-570127,names,1
es-sanctuary-epidauros-asklepios-sanctuary-pleiades-570127-relationships,sanctuary-epidauros-asklepios-sanctuary,src-pleiades-570127,relationships,1
es-sanctuary-foce-del-sele-heraion-pleiades-442610-chronology,sanctuary-foce-del-sele-heraion,src-pleiades-442610,chronology,1
es-sanctuary-foce-del-sele-heraion-pleiades-442610-classification,sanctuary-foce-del-sele-heraion,src-pleiades-442610,classification,1
es-sanctuary-foce-del-sele-heraion-pleiades-442610-description,sanctuary-foce-del-sele-heraion,src-pleiades-442610,description,1
es-sanctuary-foce-del-sele-heraion-pleiades-442610-geometry,sanctuary-foce-del-sele-heraion,src-pleiades-442610,geometry,1
es-sanctuary-foce-del-sele-heraion-pleiades-442610-identity,sanctuary-foce-del-sele-heraion,src-pleiades-442610,identity,1
es-sanctuary-foce-del-sele-heraion-pleiades-442610-names,sanctuary-foce-del-sele-heraion,src-pleiades-442610,names,1
es-sanctuary-foce-del-sele-heraion-pleiades-442610-relationships,sanctuary-foce-del-sele-heraion,src-pleiades-442610,relationships,1
es-sanctuary-golgoi-aphrodite-sanctuary-pleiades-707470-chronology,sanctuary-golgoi-aphrodite-sanctuary,src-pleiades-707470,chronology,1
es-sanctuary-golgoi-aphrodite-sanctuary-pleiades-707470-classification,sanctuary-golgoi-aphrodite-sanctuary,src-pleiades-707470,classification,1
es-sanctuary-golgoi-aphrodite-sanctuary-pleiades-707470-description,sanctuary-golgoi-aphrodite-sanctuary,src-pleiades-707470,description,1
es-sanctuary-golgoi-aphrodite-sanctuary-pleiades-707470-geometry,sanctuary-golgoi-aphrodite-sanctuary,src-pleiades-707470,geometry,1
es-sanctuary-golgoi-aphrodite-sanctuary-pleiades-707470-identity,sanctuary-golgoi-aphrodite-sanctuary,src-pleiades-707470,identity,1
es-sanctuary-golgoi-aphrodite-sanctuary-pleiades-707470-names,sanctuary-golgoi-aphrodite-sanctuary,src-pleiades-707470,names,1
es-sanctuary-golgoi-aphrodite-sanctuary-pleiades-707470-relationships,sanctuary-golgoi-aphrodite-sanctuary,src-pleiades-707470,relationships,1
es-sanctuary-gyroulas-demeter-sanctuary-pleiades-599631-chronology,sanctuary-gyroulas-demeter-sanctuary,src-pleiades-599631,chronology,1
es-sanctuary-gyroulas-demeter-sanctuary-pleiades-599631-classification,sanctuary-gyroulas-demeter-sanctuary,src-pleiades-599631,classification,1
es-sanctuary-gyroulas-demeter-sanctuary-pleiades-599631-description,sanctuary-gyroulas-demeter-sanctuary,src-pleiades-599631,description,1
es-sanctuary-gyroulas-demeter-sanctuary-pleiades-599631-geometry,sanctuary-gyroulas-demeter-sanctuary,src-pleiades-599631,geometry,1
es-sanctuary-gyroulas-demeter-sanctuary-pleiades-599631-identity,sanctuary-gyroulas-demeter-sanctuary,src-pleiades-599631,identity,1
es-sanctuary-gyroulas-demeter-sanctuary-pleiades-599631-names,sanctuary-gyroulas-demeter-sanctuary,src-pleiades-599631,names,1
es-sanctuary-gyroulas-demeter-sanctuary-pleiades-599631-relationships,sanctuary-gyroulas-demeter-sanctuary,src-pleiades-599631,relationships,1
es-sanctuary-hierapolis-ploutonion-pleiades-232079424-chronology,sanctuary-hierapolis-ploutonion,src-pleiades-232079424,chronology,1
es-sanctuary-hierapolis-ploutonion-pleiades-232079424-classification,sanctuary-hierapolis-ploutonion,src-pleiades-232079424,classification,1
es-sanctuary-hierapolis-ploutonion-pleiades-232079424-description,sanctuary-hierapolis-ploutonion,src-pleiades-232079424,description,1
es-sanctuary-hierapolis-ploutonion-pleiades-232079424-geometry,sanctuary-hierapolis-ploutonion,src-pleiades-232079424,geometry,1
es-sanctuary-hierapolis-ploutonion-pleiades-232079424-identity,sanctuary-hierapolis-ploutonion,src-pleiades-232079424,identity,1
es-sanctuary-hierapolis-ploutonion-pleiades-232079424-names,sanctuary-hierapolis-ploutonion,src-pleiades-232079424,names,1
es-sanctuary-hierapolis-ploutonion-pleiades-232079424-relationships,sanctuary-hierapolis-ploutonion,src-pleiades-232079424,relationships,1
es-sanctuary-histria-sacred-zone-pleiades-216839-chronology,sanctuary-histria-sacred-zone,src-pleiades-216839,chronology,1
es-sanctuary-histria-sacred-zone-pleiades-216839-classification,sanctuary-histria-sacred-zone,src-pleiades-216839,classification,1
es-sanctuary-histria-sacred-zone-pleiades-216839-description,sanctuary-histria-sacred-zone,src-pleiades-216839,description,1
es-sanctuary-histria-sacred-zone-pleiades-216839-geometry,sanctuary-histria-sacred-zone,src-pleiades-216839,geometry,1
es-sanctuary-histria-sacred-zone-pleiades-216839-identity,sanctuary-histria-sacred-zone,src-pleiades-216839,identity,1
es-sanctuary-histria-sacred-zone-pleiades-216839-names,sanctuary-histria-sacred-zone,src-pleiades-216839,names,1
es-sanctuary-histria-sacred-zone-pleiades-216839-relationships,sanctuary-histria-sacred-zone,src-pleiades-216839,relationships,1
es-sanctuary-hyria-dionysos-sanctuary-pleiades-599661-chronology,sanctuary-hyria-dionysos-sanctuary,src-pleiades-599661,chronology,1
es-sanctuary-hyria-dionysos-sanctuary-pleiades-599661-classification,sanctuary-hyria-dionysos-sanctuary,src-pleiades-599661,classification,1
es-sanctuary-hyria-dionysos-sanctuary-pleiades-599661-description,sanctuary-hyria-dionysos-sanctuary,src-pleiades-599661,description,1
es-sanctuary-hyria-dionysos-sanctuary-pleiades-599661-geometry,sanctuary-hyria-dionysos-sanctuary,src-pleiades-599661,geometry,1
es-sanctuary-hyria-dionysos-sanctuary-pleiades-599661-identity,sanctuary-hyria-dionysos-sanctuary,src-pleiades-599661,identity,1
es-sanctuary-hyria-dionysos-sanctuary-pleiades-599661-names,sanctuary-hyria-dionysos-sanctuary,src-pleiades-599661,names,1
es-sanctuary-hyria-dionysos-sanctuary-pleiades-599661-relationships,sanctuary-hyria-dionysos-sanctuary,src-pleiades-599661,relationships,1
es-sanctuary-isthmia-poseidon-sanctuary-pleiades-570316-chronology,sanctuary-isthmia-poseidon-sanctuary,src-pleiades-570316,chronology,1
es-sanctuary-isthmia-poseidon-sanctuary-pleiades-570316-classification,sanctuary-isthmia-poseidon-sanctuary,src-pleiades-570316,classification,1
es-sanctuary-isthmia-poseidon-sanctuary-pleiades-570316-description,sanctuary-isthmia-poseidon-sanctuary,src-pleiades-570316,description,1
es-sanctuary-isthmia-poseidon-sanctuary-pleiades-570316-geometry,sanctuary-isthmia-poseidon-sanctuary,src-pleiades-570316,geometry,1
es-sanctuary-isthmia-poseidon-sanctuary-pleiades-570316-identity,sanctuary-isthmia-poseidon-sanctuary,src-pleiades-570316,identity,1
es-sanctuary-isthmia-poseidon-sanctuary-pleiades-570316-names,sanctuary-isthmia-poseidon-sanctuary,src-pleiades-570316,names,1
es-sanctuary-isthmia-poseidon-sanctuary-pleiades-570316-relationships,sanctuary-isthmia-poseidon-sanctuary,src-pleiades-570316,relationships,1
es-sanctuary-kalapodi-artemis-apollo-sanctuary-pleiades-955675680-chronology,sanctuary-kalapodi-artemis-apollo-sanctuary,src-pleiades-955675680,chronology,1
es-sanctuary-kalapodi-artemis-apollo-sanctuary-pleiades-955675680-classification,sanctuary-kalapodi-artemis-apollo-sanctuary,src-pleiades-955675680,classification,1
es-sanctuary-kalapodi-artemis-apollo-sanctuary-pleiades-955675680-description,sanctuary-kalapodi-artemis-apollo-sanctuary,src-pleiades-955675680,description,1
es-sanctuary-kalapodi-artemis-apollo-sanctuary-pleiades-955675680-geometry,sanctuary-kalapodi-artemis-apollo-sanctuary,src-pleiades-955675680,geometry,1
es-sanctuary-kalapodi-artemis-apollo-sanctuary-pleiades-955675680-identity,sanctuary-kalapodi-artemis-apollo-sanctuary,src-pleiades-955675680,identity,1
es-sanctuary-kalapodi-artemis-apollo-sanctuary-pleiades-955675680-names,sanctuary-kalapodi-artemis-apollo-sanctuary,src-pleiades-955675680,names,1
es-sanctuary-kalapodi-artemis-apollo-sanctuary-pleiades-955675680-relationships,sanctuary-kalapodi-artemis-apollo-sanctuary,src-pleiades-955675680,relationships,1
es-sanctuary-kos-asklepieion-pleiades-599528-chronology,sanctuary-kos-asklepieion,src-pleiades-599528,chronology,1
es-sanctuary-kos-asklepieion-pleiades-599528-classification,sanctuary-kos-asklepieion,src-pleiades-599528,classification,1
es-sanctuary-kos-asklepieion-pleiades-599528-description,sanctuary-kos-asklepieion,src-pleiades-599528,description,1
es-sanctuary-kos-asklepieion-pleiades-599528-geometry,sanctuary-kos-asklepieion,src-pleiades-599528,geometry,1
es-sanctuary-kos-asklepieion-pleiades-599528-identity,sanctuary-kos-asklepieion,src-pleiades-599528,identity,1
es-sanctuary-kos-asklepieion-pleiades-599528-names,sanctuary-kos-asklepieion,src-pleiades-599528,names,1
es-sanctuary-kos-asklepieion-pleiades-599528-relationships,sanctuary-kos-asklepieion,src-pleiades-599528,relationships,1
es-sanctuary-kourion-apollo-hylates-sanctuary-pleiades-707476-chronology,sanctuary-kourion-apollo-hylates-sanctuary,src-pleiades-707476,chronology,1
es-sanctuary-kourion-apollo-hylates-sanctuary-pleiades-707476-classification,sanctuary-kourion-apollo-hylates-sanctuary,src-pleiades-707476,classification,1
es-sanctuary-kourion-apollo-hylates-sanctuary-pleiades-707476-description,sanctuary-kourion-apollo-hylates-sanctuary,src-pleiades-707476,description,1
es-sanctuary-kourion-apollo-hylates-sanctuary-pleiades-707476-geometry,sanctuary-kourion-apollo-hylates-sanctuary,src-pleiades-707476,geometry,1
es-sanctuary-kourion-apollo-hylates-sanctuary-pleiades-707476-identity,sanctuary-kourion-apollo-hylates-sanctuary,src-pleiades-707476,identity,1
es-sanctuary-kourion-apollo-hylates-sanctuary-pleiades-707476-names,sanctuary-kourion-apollo-hylates-sanctuary,src-pleiades-707476,names,1
es-sanctuary-kourion-apollo-hylates-sanctuary-pleiades-707476-relationships,sanctuary-kourion-apollo-hylates-sanctuary,src-pleiades-707476,relationships,1
es-sanctuary-labraunda-zeus-sanctuary-pleiades-599745-chronology,sanctuary-labraunda-zeus-sanctuary,src-pleiades-599745,chronology,1
es-sanctuary-labraunda-zeus-sanctuary-pleiades-599745-classification,sanctuary-labraunda-zeus-sanctuary,src-pleiades-599745,classification,1
es-sanctuary-labraunda-zeus-sanctuary-pleiades-599745-description,sanctuary-labraunda-zeus-sanctuary,src-pleiades-599745,description,1
es-sanctuary-labraunda-zeus-sanctuary-pleiades-599745-geometry,sanctuary-labraunda-zeus-sanctuary,src-pleiades-599745,geometry,1
es-sanctuary-labraunda-zeus-sanctuary-pleiades-599745-identity,sanctuary-labraunda-zeus-sanctuary,src-pleiades-599745,identity,1
es-sanctuary-labraunda-zeus-sanctuary-pleiades-599745-names,sanctuary-labraunda-zeus-sanctuary,src-pleiades-599745,names,1
es-sanctuary-labraunda-zeus-sanctuary-pleiades-599745-relationships,sanctuary-labraunda-zeus-sanctuary,src-pleiades-599745,relationships,1
es-sanctuary-lagina-hekate-sanctuary-pleiades-376215160-chronology,sanctuary-lagina-hekate-sanctuary,src-pleiades-376215160,chronology,1
es-sanctuary-lagina-hekate-sanctuary-pleiades-376215160-classification,sanctuary-lagina-hekate-sanctuary,src-pleiades-376215160,classification,1
es-sanctuary-lagina-hekate-sanctuary-pleiades-376215160-description,sanctuary-lagina-hekate-sanctuary,src-pleiades-376215160,description,1
es-sanctuary-lagina-hekate-sanctuary-pleiades-376215160-geometry,sanctuary-lagina-hekate-sanctuary,src-pleiades-376215160,geometry,1
es-sanctuary-lagina-hekate-sanctuary-pleiades-376215160-identity,sanctuary-lagina-hekate-sanctuary,src-pleiades-376215160,identity,1
es-sanctuary-lagina-hekate-sanctuary-pleiades-376215160-names,sanctuary-lagina-hekate-sanctuary,src-pleiades-376215160,names,1
es-sanctuary-lagina-hekate-sanctuary-pleiades-376215160-relationships,sanctuary-lagina-hekate-sanctuary,src-pleiades-376215160,relationships,1
es-sanctuary-lemnos-kabeirion-pleiades-550604-chronology,sanctuary-lemnos-kabeirion,src-pleiades-550604,chronology,1
es-sanctuary-lemnos-kabeirion-pleiades-550604-classification,sanctuary-lemnos-kabeirion,src-pleiades-550604,classification,1
es-sanctuary-lemnos-kabeirion-pleiades-550604-description,sanctuary-lemnos-kabeirion,src-pleiades-550604,description,1
es-sanctuary-lemnos-kabeirion-pleiades-550604-geometry,sanctuary-lemnos-kabeirion,src-pleiades-550604,geometry,1
es-sanctuary-lemnos-kabeirion-pleiades-550604-identity,sanctuary-lemnos-kabeirion,src-pleiades-550604,identity,1
es-sanctuary-lemnos-kabeirion-pleiades-550604-names,sanctuary-lemnos-kabeirion,src-pleiades-550604,names,1
es-sanctuary-lemnos-kabeirion-pleiades-550604-relationships,sanctuary-lemnos-kabeirion,src-pleiades-550604,relationships,1
es-sanctuary-letoon-lycian-sanctuary-pleiades-638958-chronology,sanctuary-letoon-lycian-sanctuary,src-pleiades-638958,chronology,1
es-sanctuary-letoon-lycian-sanctuary-pleiades-638958-classification,sanctuary-letoon-lycian-sanctuary,src-pleiades-638958,classification,1
es-sanctuary-letoon-lycian-sanctuary-pleiades-638958-description,sanctuary-letoon-lycian-sanctuary,src-pleiades-638958,description,1
es-sanctuary-letoon-lycian-sanctuary-pleiades-638958-geometry,sanctuary-letoon-lycian-sanctuary,src-pleiades-638958,geometry,1
es-sanctuary-letoon-lycian-sanctuary-pleiades-638958-identity,sanctuary-letoon-lycian-sanctuary,src-pleiades-638958,identity,1
es-sanctuary-letoon-lycian-sanctuary-pleiades-638958-names,sanctuary-letoon-lycian-sanctuary,src-pleiades-638958,names,1
es-sanctuary-letoon-lycian-sanctuary-pleiades-638958-relationships,sanctuary-letoon-lycian-sanctuary,src-pleiades-638958,relationships,1
es-sanctuary-lindos-athena-sanctuary-pleiades-414067217-chronology,sanctuary-lindos-athena-sanctuary,src-pleiades-414067217,chronology,1
es-sanctuary-lindos-athena-sanctuary-pleiades-414067217-classification,sanctuary-lindos-athena-sanctuary,src-pleiades-414067217,classification,1
es-sanctuary-lindos-athena-sanctuary-pleiades-414067217-description,sanctuary-lindos-athena-sanctuary,src-pleiades-414067217,description,1
es-sanctuary-lindos-athena-sanctuary-pleiades-414067217-geometry,sanctuary-lindos-athena-sanctuary,src-pleiades-414067217,geometry,1
es-sanctuary-lindos-athena-sanctuary-pleiades-414067217-identity,sanctuary-lindos-athena-sanctuary,src-pleiades-414067217,identity,1
es-sanctuary-lindos-athena-sanctuary-pleiades-414067217-names,sanctuary-lindos-athena-sanctuary,src-pleiades-414067217,names,1
es-sanctuary-lindos-athena-sanctuary-pleiades-414067217-relationships,sanctuary-lindos-athena-sanctuary,src-pleiades-414067217,relationships,1
es-sanctuary-locri-mannella-persephone-sanctuary-museoarcheologicoreggiocalabria-b6e43e041088-chronology,sanctuary-locri-mannella-persephone-sanctuary,src-museoarcheologicoreggiocalabria-b6e43e041088,chronology,1
es-sanctuary-locri-mannella-persephone-sanctuary-museoarcheologicoreggiocalabria-b6e43e041088-classification,sanctuary-locri-mannella-persephone-sanctuary,src-museoarcheologicoreggiocalabria-b6e43e041088,classification,1
es-sanctuary-locri-mannella-persephone-sanctuary-museoarcheologicoreggiocalabria-b6e43e041088-description,sanctuary-locri-mannella-persephone-sanctuary,src-museoarcheologicoreggiocalabria-b6e43e041088,description,1
es-sanctuary-locri-mannella-persephone-sanctuary-museoarcheologicoreggiocalabria-b6e43e041088-geometry,sanctuary-locri-mannella-persephone-sanctuary,src-museoarcheologicoreggiocalabria-b6e43e041088,geometry,1
es-sanctuary-locri-mannella-persephone-sanctuary-museoarcheologicoreggiocalabria-b6e43e041088-identity,sanctuary-locri-mannella-persephone-sanctuary,src-museoarcheologicoreggiocalabria-b6e43e041088,identity,1
es-sanctuary-locri-mannella-persephone-sanctuary-museoarcheologicoreggiocalabria-b6e43e041088-names,sanctuary-locri-mannella-persephone-sanctuary,src-museoarcheologicoreggiocalabria-b6e43e041088,names,1
es-sanctuary-locri-mannella-persephone-sanctuary-museoarcheologicoreggiocalabria-b6e43e041088-relationships,sanctuary-locri-mannella-persephone-sanctuary,src-museoarcheologicoreggiocalabria-b6e43e041088,relationships,1
es-sanctuary-magnesia-artemis-leukophryene-pleiades-599778-chronology,sanctuary-magnesia-artemis-leukophryene,src-pleiades-599778,chronology,1
es-sanctuary-magnesia-artemis-leukophryene-pleiades-599778-classification,sanctuary-magnesia-artemis-leukophryene,src-pleiades-599778,classification,1
es-sanctuary-magnesia-artemis-leukophryene-pleiades-599778-description,sanctuary-magnesia-artemis-leukophryene,src-pleiades-599778,description,1
es-sanctuary-magnesia-artemis-leukophryene-pleiades-599778-geometry,sanctuary-magnesia-artemis-leukophryene,src-pleiades-599778,geometry,1
es-sanctuary-magnesia-artemis-leukophryene-pleiades-599778-identity,sanctuary-magnesia-artemis-leukophryene,src-pleiades-599778,identity,1
es-sanctuary-magnesia-artemis-leukophryene-pleiades-599778-names,sanctuary-magnesia-artemis-leukophryene,src-pleiades-599778,names,1
es-sanctuary-magnesia-artemis-leukophryene-pleiades-599778-relationships,sanctuary-magnesia-artemis-leukophryene,src-pleiades-599778,relationships,1
es-sanctuary-menelaion-sparta-pleiades-570477-chronology,sanctuary-menelaion-sparta,src-pleiades-570477,chronology,1
es-sanctuary-menelaion-sparta-pleiades-570477-classification,sanctuary-menelaion-sparta,src-pleiades-570477,classification,1
es-sanctuary-menelaion-sparta-pleiades-570477-description,sanctuary-menelaion-sparta,src-pleiades-570477,description,1
es-sanctuary-menelaion-sparta-pleiades-570477-geometry,sanctuary-menelaion-sparta,src-pleiades-570477,geometry,1
es-sanctuary-menelaion-sparta-pleiades-570477-identity,sanctuary-menelaion-sparta,src-pleiades-570477,identity,1
es-sanctuary-menelaion-sparta-pleiades-570477-names,sanctuary-menelaion-sparta,src-pleiades-570477,names,1
es-sanctuary-menelaion-sparta-pleiades-570477-relationships,sanctuary-menelaion-sparta,src-pleiades-570477,relationships,1
es-sanctuary-metapontum-tavole-palatine-heraion-pleiades-442611-chronology,sanctuary-metapontum-tavole-palatine-heraion,src-pleiades-442611,chronology,1
es-sanctuary-metapontum-tavole-palatine-heraion-pleiades-442611-classification,sanctuary-metapontum-tavole-palatine-heraion,src-pleiades-442611,classification,1
es-sanctuary-metapontum-tavole-palatine-heraion-pleiades-442611-description,sanctuary-metapontum-tavole-palatine-heraion,src-pleiades-442611,description,1
es-sanctuary-metapontum-tavole-palatine-heraion-pleiades-442611-geometry,sanctuary-metapontum-tavole-palatine-heraion,src-pleiades-442611,geometry,1
es-sanctuary-metapontum-tavole-palatine-heraion-pleiades-442611-identity,sanctuary-metapontum-tavole-palatine-heraion,src-pleiades-442611,identity,1
es-sanctuary-metapontum-tavole-palatine-heraion-pleiades-442611-names,sanctuary-metapontum-tavole-palatine-heraion,src-pleiades-442611,names,1
es-sanctuary-metapontum-tavole-palatine-heraion-pleiades-442611-relationships,sanctuary-metapontum-tavole-palatine-heraion,src-pleiades-442611,relationships,1
es-sanctuary-mount-lykaion-zeus-sanctuary-pleiades-570764-chronology,sanctuary-mount-lykaion-zeus-sanctuary,src-pleiades-570764,chronology,1
es-sanctuary-mount-lykaion-zeus-sanctuary-pleiades-570764-classification,sanctuary-mount-lykaion-zeus-sanctuary,src-pleiades-570764,classification,1
es-sanctuary-mount-lykaion-zeus-sanctuary-pleiades-570764-description,sanctuary-mount-lykaion-zeus-sanctuary,src-pleiades-570764,description,1
es-sanctuary-mount-lykaion-zeus-sanctuary-pleiades-570764-geometry,sanctuary-mount-lykaion-zeus-sanctuary,src-pleiades-570764,geometry,1
es-sanctuary-mount-lykaion-zeus-sanctuary-pleiades-570764-identity,sanctuary-mount-lykaion-zeus-sanctuary,src-pleiades-570764,identity,1
es-sanctuary-mount-lykaion-zeus-sanctuary-pleiades-570764-names,sanctuary-mount-lykaion-zeus-sanctuary,src-pleiades-570764,names,1
es-sanctuary-mount-lykaion-zeus-sanctuary-pleiades-570764-relationships,sanctuary-mount-lykaion-zeus-sanctuary,src-pleiades-570764,relationships,1
es-sanctuary-naukratis-hellenion-britishmuseum-4626abd5cbdd-chronology,sanctuary-naukratis-hellenion,src-britishmuseum-4626abd5cbdd,chronology,1
es-sanctuary-naukratis-hellenion-britishmuseum-4626abd5cbdd-classification,sanctuary-naukratis-hellenion,src-britishmuseum-4626abd5cbdd,classification,1
es-sanctuary-naukratis-hellenion-britishmuseum-4626abd5cbdd-description,sanctuary-naukratis-hellenion,src-britishmuseum-4626abd5cbdd,description,1
es-sanctuary-naukratis-hellenion-britishmuseum-4626abd5cbdd-geometry,sanctuary-naukratis-hellenion,src-britishmuseum-4626abd5cbdd,geometry,1
es-sanctuary-naukratis-hellenion-britishmuseum-4626abd5cbdd-identity,sanctuary-naukratis-hellenion,src-britishmuseum-4626abd5cbdd,identity,1
es-sanctuary-naukratis-hellenion-britishmuseum-4626abd5cbdd-names,sanctuary-naukratis-hellenion,src-britishmuseum-4626abd5cbdd,names,1
es-sanctuary-naukratis-hellenion-britishmuseum-4626abd5cbdd-relationships,sanctuary-naukratis-hellenion,src-britishmuseum-4626abd5cbdd,relationships,1
es-sanctuary-nemea-zeus-sanctuary-pleiades-570504-chronology,sanctuary-nemea-zeus-sanctuary,src-pleiades-570504,chronology,1
es-sanctuary-nemea-zeus-sanctuary-pleiades-570504-classification,sanctuary-nemea-zeus-sanctuary,src-pleiades-570504,classification,1
es-sanctuary-nemea-zeus-sanctuary-pleiades-570504-description,sanctuary-nemea-zeus-sanctuary,src-pleiades-570504,description,1
es-sanctuary-nemea-zeus-sanctuary-pleiades-570504-geometry,sanctuary-nemea-zeus-sanctuary,src-pleiades-570504,geometry,1
es-sanctuary-nemea-zeus-sanctuary-pleiades-570504-identity,sanctuary-nemea-zeus-sanctuary,src-pleiades-570504,identity,1
es-sanctuary-nemea-zeus-sanctuary-pleiades-570504-names,sanctuary-nemea-zeus-sanctuary,src-pleiades-570504,names,1
es-sanctuary-nemea-zeus-sanctuary-pleiades-570504-relationships,sanctuary-nemea-zeus-sanctuary,src-pleiades-570504,relationships,1
es-sanctuary-olbia-apollo-delphinios-sanctuary-penn-fb29e85fcab7-chronology,sanctuary-olbia-apollo-delphinios-sanctuary,src-penn-fb29e85fcab7,chronology,1
es-sanctuary-olbia-apollo-delphinios-sanctuary-penn-fb29e85fcab7-classification,sanctuary-olbia-apollo-delphinios-sanctuary,src-penn-fb29e85fcab7,classification,1
es-sanctuary-olbia-apollo-delphinios-sanctuary-penn-fb29e85fcab7-description,sanctuary-olbia-apollo-delphinios-sanctuary,src-penn-fb29e85fcab7,description,1
es-sanctuary-olbia-apollo-delphinios-sanctuary-penn-fb29e85fcab7-geometry,sanctuary-olbia-apollo-delphinios-sanctuary,src-penn-fb29e85fcab7,geometry,1
es-sanctuary-olbia-apollo-delphinios-sanctuary-penn-fb29e85fcab7-identity,sanctuary-olbia-apollo-delphinios-sanctuary,src-penn-fb29e85fcab7,identity,1
es-sanctuary-olbia-apollo-delphinios-sanctuary-penn-fb29e85fcab7-names,sanctuary-olbia-apollo-delphinios-sanctuary,src-penn-fb29e85fcab7,names,1
es-sanctuary-olbia-apollo-delphinios-sanctuary-penn-fb29e85fcab7-relationships,sanctuary-olbia-apollo-delphinios-sanctuary,src-penn-fb29e85fcab7,relationships,1
es-sanctuary-olympia-zeus-sanctuary-pleiades-570531-chronology,sanctuary-olympia-zeus-sanctuary,src-pleiades-570531,chronology,1
es-sanctuary-olympia-zeus-sanctuary-pleiades-570531-classification,sanctuary-olympia-zeus-sanctuary,src-pleiades-570531,classification,1
es-sanctuary-olympia-zeus-sanctuary-pleiades-570531-description,sanctuary-olympia-zeus-sanctuary,src-pleiades-570531,description,1
es-sanctuary-olympia-zeus-sanctuary-pleiades-570531-geometry,sanctuary-olympia-zeus-sanctuary,src-pleiades-570531,geometry,1
es-sanctuary-olympia-zeus-sanctuary-pleiades-570531-identity,sanctuary-olympia-zeus-sanctuary,src-pleiades-570531,identity,1
es-sanctuary-olympia-zeus-sanctuary-pleiades-570531-names,sanctuary-olympia-zeus-sanctuary,src-pleiades-570531,names,1
es-sanctuary-olympia-zeus-sanctuary-pleiades-570531-relationships,sanctuary-olympia-zeus-sanctuary,src-pleiades-570531,relationships,1
es-sanctuary-oropos-amphiareion-pleiades-540628-chronology,sanctuary-oropos-amphiareion,src-pleiades-540628,chronology,1
es-sanctuary-oropos-amphiareion-pleiades-540628-classification,sanctuary-oropos-amphiareion,src-pleiades-540628,classification,1
es-sanctuary-oropos-amphiareion-pleiades-540628-description,sanctuary-oropos-amphiareion,src-pleiades-540628,description,1
es-sanctuary-oropos-amphiareion-pleiades-540628-geometry,sanctuary-oropos-amphiareion,src-pleiades-540628,geometry,1
es-sanctuary-oropos-amphiareion-pleiades-540628-identity,sanctuary-oropos-amphiareion,src-pleiades-540628,identity,1
es-sanctuary-oropos-amphiareion-pleiades-540628-names,sanctuary-oropos-amphiareion,src-pleiades-540628,names,1
es-sanctuary-oropos-amphiareion-pleiades-540628-relationships,sanctuary-oropos-amphiareion,src-pleiades-540628,relationships,1
es-sanctuary-palaepaphos-aphrodite-sanctuary-pleiades-828989863-chronology,sanctuary-palaepaphos-aphrodite-sanctuary,src-pleiades-828989863,chronology,1
es-sanctuary-palaepaphos-aphrodite-sanctuary-pleiades-828989863-classification,sanctuary-palaepaphos-aphrodite-sanctuary,src-pleiades-828989863,classification,1
es-sanctuary-palaepaphos-aphrodite-sanctuary-pleiades-828989863-description,sanctuary-palaepaphos-aphrodite-sanctuary,src-pleiades-828989863,description,1
es-sanctuary-palaepaphos-aphrodite-sanctuary-pleiades-828989863-geometry,sanctuary-palaepaphos-aphrodite-sanctuary,src-pleiades-828989863,geometry,1
es-sanctuary-palaepaphos-aphrodite-sanctuary-pleiades-828989863-identity,sanctuary-palaepaphos-aphrodite-sanctuary,src-pleiades-828989863,identity,1
es-sanctuary-palaepaphos-aphrodite-sanctuary-pleiades-828989863-names,sanctuary-palaepaphos-aphrodite-sanctuary,src-pleiades-828989863,names,1
es-sanctuary-palaepaphos-aphrodite-sanctuary-pleiades-828989863-relationships,sanctuary-palaepaphos-aphrodite-sanctuary,src-pleiades-828989863,relationships,1
es-sanctuary-panionion-poseidon-sanctuary-pleiades-599855-chronology,sanctuary-panionion-poseidon-sanctuary,src-pleiades-599855,chronology,1
es-sanctuary-panionion-poseidon-sanctuary-pleiades-599855-classification,sanctuary-panionion-poseidon-sanctuary,src-pleiades-599855,classification,1
es-sanctuary-panionion-poseidon-sanctuary-pleiades-599855-description,sanctuary-panionion-poseidon-sanctuary,src-pleiades-599855,description,1
es-sanctuary-panionion-poseidon-sanctuary-pleiades-599855-geometry,sanctuary-panionion-poseidon-sanctuary,src-pleiades-599855,geometry,1
es-sanctuary-panionion-poseidon-sanctuary-pleiades-599855-identity,sanctuary-panionion-poseidon-sanctuary,src-pleiades-599855,identity,1
es-sanctuary-panionion-poseidon-sanctuary-pleiades-599855-names,sanctuary-panionion-poseidon-sanctuary,src-pleiades-599855,names,1
es-sanctuary-panionion-poseidon-sanctuary-pleiades-599855-relationships,sanctuary-panionion-poseidon-sanctuary,src-pleiades-599855,relationships,1
es-sanctuary-pantikapaion-apollo-ietros-sanctuary-pleiades-854719-chronology,sanctuary-pantikapaion-apollo-ietros-sanctuary,src-pleiades-854719,chronology,1
es-sanctuary-pantikapaion-apollo-ietros-sanctuary-pleiades-854719-classification,sanctuary-pantikapaion-apollo-ietros-sanctuary,src-pleiades-854719,classification,1
es-sanctuary-pantikapaion-apollo-ietros-sanctuary-pleiades-854719-description,sanctuary-pantikapaion-apollo-ietros-sanctuary,src-pleiades-854719,description,1
es-sanctuary-pantikapaion-apollo-ietros-sanctuary-pleiades-854719-geometry,sanctuary-pantikapaion-apollo-ietros-sanctuary,src-pleiades-854719,geometry,1
es-sanctuary-pantikapaion-apollo-ietros-sanctuary-pleiades-854719-identity,sanctuary-pantikapaion-apollo-ietros-sanctuary,src-pleiades-854719,identity,1
es-sanctuary-pantikapaion-apollo-ietros-sanctuary-pleiades-854719-names,sanctuary-pantikapaion-apollo-ietros-sanctuary,src-pleiades-854719,names,1
es-sanctuary-pantikapaion-apollo-ietros-sanctuary-pleiades-854719-relationships,sanctuary-pantikapaion-apollo-ietros-sanctuary,src-pleiades-854719,relationships,1
es-sanctuary-perachora-heraion-pleiades-570288-chronology,sanctuary-perachora-heraion,src-pleiades-570288,chronology,1
es-sanctuary-perachora-heraion-pleiades-570288-classification,sanctuary-perachora-heraion,src-pleiades-570288,classification,1
es-sanctuary-perachora-heraion-pleiades-570288-description,sanctuary-perachora-heraion,src-pleiades-570288,description,1
es-sanctuary-perachora-heraion-pleiades-570288-geometry,sanctuary-perachora-heraion,src-pleiades-570288,geometry,1
es-sanctuary-perachora-heraion-pleiades-570288-identity,sanctuary-perachora-heraion,src-pleiades-570288,identity,1
es-sanctuary-perachora-heraion-pleiades-570288-names,sanctuary-perachora-heraion,src-pleiades-570288,names,1
es-sanctuary-perachora-heraion-pleiades-570288-relationships,sanctuary-perachora-heraion,src-pleiades-570288,relationships,1
es-sanctuary-pergamon-asklepieion-pleiades-550459-chronology,sanctuary-pergamon-asklepieion,src-pleiades-550459,chronology,1
es-sanctuary-pergamon-asklepieion-pleiades-550459-classification,sanctuary-pergamon-asklepieion,src-pleiades-550459,classification,1
es-sanctuary-pergamon-asklepieion-pleiades-550459-description,sanctuary-pergamon-asklepieion,src-pleiades-550459,description,1
es-sanctuary-pergamon-asklepieion-pleiades-550459-geometry,sanctuary-pergamon-asklepieion,src-pleiades-550459,geometry,1
es-sanctuary-pergamon-asklepieion-pleiades-550459-identity,sanctuary-pergamon-asklepieion,src-pleiades-550459,identity,1
es-sanctuary-pergamon-asklepieion-pleiades-550459-names,sanctuary-pergamon-asklepieion,src-pleiades-550459,names,1
es-sanctuary-pergamon-asklepieion-pleiades-550459-relationships,sanctuary-pergamon-asklepieion,src-pleiades-550459,relationships,1
es-sanctuary-priene-athena-polias-sanctuary-pleiades-298577312-chronology,sanctuary-priene-athena-polias-sanctuary,src-pleiades-298577312,chronology,1
es-sanctuary-priene-athena-polias-sanctuary-pleiades-298577312-classification,sanctuary-priene-athena-polias-sanctuary,src-pleiades-298577312,classification,1
es-sanctuary-priene-athena-polias-sanctuary-pleiades-298577312-description,sanctuary-priene-athena-polias-sanctuary,src-pleiades-298577312,description,1
es-sanctuary-priene-athena-polias-sanctuary-pleiades-298577312-geometry,sanctuary-priene-athena-polias-sanctuary,src-pleiades-298577312,geometry,1
es-sanctuary-priene-athena-polias-sanctuary-pleiades-298577312-identity,sanctuary-priene-athena-polias-sanctuary,src-pleiades-298577312,identity,1
es-sanctuary-priene-athena-polias-sanctuary-pleiades-298577312-names,sanctuary-priene-athena-polias-sanctuary,src-pleiades-298577312,names,1
es-sanctuary-priene-athena-polias-sanctuary-pleiades-298577312-relationships,sanctuary-priene-athena-polias-sanctuary,src-pleiades-298577312,relationships,1
es-sanctuary-rhodes-zeus-atabyrios-sanctuary-pleiades-590099-chronology,sanctuary-rhodes-zeus-atabyrios-sanctuary,src-pleiades-590099,chronology,1
es-sanctuary-rhodes-zeus-atabyrios-sanctuary-pleiades-590099-classification,sanctuary-rhodes-zeus-atabyrios-sanctuary,src-pleiades-590099,classification,1
es-sanctuary-rhodes-zeus-atabyrios-sanctuary-pleiades-590099-description,sanctuary-rhodes-zeus-atabyrios-sanctuary,src-pleiades-590099,description,1
es-sanctuary-rhodes-zeus-atabyrios-sanctuary-pleiades-590099-geometry,sanctuary-rhodes-zeus-atabyrios-sanctuary,src-pleiades-590099,geometry,1
es-sanctuary-rhodes-zeus-atabyrios-sanctuary-pleiades-590099-identity,sanctuary-rhodes-zeus-atabyrios-sanctuary,src-pleiades-590099,identity,1
es-sanctuary-rhodes-zeus-atabyrios-sanctuary-pleiades-590099-names,sanctuary-rhodes-zeus-atabyrios-sanctuary,src-pleiades-590099,names,1
es-sanctuary-rhodes-zeus-atabyrios-sanctuary-pleiades-590099-relationships,sanctuary-rhodes-zeus-atabyrios-sanctuary,src-pleiades-590099,relationships,1
es-sanctuary-samos-heraion-pleiades-599641-chronology,sanctuary-samos-heraion,src-pleiades-599641,chronology,1
es-sanctuary-samos-heraion-pleiades-599641-classification,sanctuary-samos-heraion,src-pleiades-599641,classification,1
es-sanctuary-samos-heraion-pleiades-599641-description,sanctuary-samos-heraion,src-pleiades-599641,description,1
es-sanctuary-samos-heraion-pleiades-599641-geometry,sanctuary-samos-heraion,src-pleiades-599641,geometry,1
es-sanctuary-samos-heraion-pleiades-599641-identity,sanctuary-samos-heraion,src-pleiades-599641,identity,1
es-sanctuary-samos-heraion-pleiades-599641-names,sanctuary-samos-heraion,src-pleiades-599641,names,1
es-sanctuary-samos-heraion-pleiades-599641-relationships,sanctuary-samos-heraion,src-pleiades-599641,relationships,1
es-sanctuary-samothrace-great-gods-sanctuary-pleiades-501511-chronology,sanctuary-samothrace-great-gods-sanctuary,src-pleiades-501511,chronology,1
es-sanctuary-samothrace-great-gods-sanctuary-pleiades-501511-classification,sanctuary-samothrace-great-gods-sanctuary,src-pleiades-501511,classification,1
es-sanctuary-samothrace-great-gods-sanctuary-pleiades-501511-description,sanctuary-samothrace-great-gods-sanctuary,src-pleiades-501511,description,1
es-sanctuary-samothrace-great-gods-sanctuary-pleiades-501511-geometry,sanctuary-samothrace-great-gods-sanctuary,src-pleiades-501511,geometry,1
es-sanctuary-samothrace-great-gods-sanctuary-pleiades-501511-identity,sanctuary-samothrace-great-gods-sanctuary,src-pleiades-501511,identity,1
es-sanctuary-samothrace-great-gods-sanctuary-pleiades-501511-names,sanctuary-samothrace-great-gods-sanctuary,src-pleiades-501511,names,1
es-sanctuary-samothrace-great-gods-sanctuary-pleiades-501511-relationships,sanctuary-samothrace-great-gods-sanctuary,src-pleiades-501511,relationships,1
es-sanctuary-sardis-artemis-sanctuary-pleiades-66376536-chronology,sanctuary-sardis-artemis-sanctuary,src-pleiades-66376536,chronology,1
es-sanctuary-sardis-artemis-sanctuary-pleiades-66376536-classification,sanctuary-sardis-artemis-sanctuary,src-pleiades-66376536,classification,1
es-sanctuary-sardis-artemis-sanctuary-pleiades-66376536-description,sanctuary-sardis-artemis-sanctuary,src-pleiades-66376536,description,1
es-sanctuary-sardis-artemis-sanctuary-pleiades-66376536-geometry,sanctuary-sardis-artemis-sanctuary,src-pleiades-66376536,geometry,1
es-sanctuary-sardis-artemis-sanctuary-pleiades-66376536-identity,sanctuary-sardis-artemis-sanctuary,src-pleiades-66376536,identity,1
es-sanctuary-sardis-artemis-sanctuary-pleiades-66376536-names,sanctuary-sardis-artemis-sanctuary,src-pleiades-66376536,names,1
es-sanctuary-sardis-artemis-sanctuary-pleiades-66376536-relationships,sanctuary-sardis-artemis-sanctuary,src-pleiades-66376536,relationships,1
es-sanctuary-segesta-doric-temple-sanctuary-pleiades-963441586-chronology,sanctuary-segesta-doric-temple-sanctuary,src-pleiades-963441586,chronology,1
es-sanctuary-segesta-doric-temple-sanctuary-pleiades-963441586-classification,sanctuary-segesta-doric-temple-sanctuary,src-pleiades-963441586,classification,1
es-sanctuary-segesta-doric-temple-sanctuary-pleiades-963441586-description,sanctuary-segesta-doric-temple-sanctuary,src-pleiades-963441586,description,1
es-sanctuary-segesta-doric-temple-sanctuary-pleiades-963441586-geometry,sanctuary-segesta-doric-temple-sanctuary,src-pleiades-963441586,geometry,1
es-sanctuary-segesta-doric-temple-sanctuary-pleiades-963441586-identity,sanctuary-segesta-doric-temple-sanctuary,src-pleiades-963441586,identity,1
es-sanctuary-segesta-doric-temple-sanctuary-pleiades-963441586-names,sanctuary-segesta-doric-temple-sanctuary,src-pleiades-963441586,names,1
es-sanctuary-segesta-doric-temple-sanctuary-pleiades-963441586-relationships,sanctuary-segesta-doric-temple-sanctuary,src-pleiades-963441586,relationships,1
es-sanctuary-selinous-demeter-malophoros-sanctuary-pleiades-502577471-chronology,sanctuary-selinous-demeter-malophoros-sanctuary,src-pleiades-502577471,chronology,1
es-sanctuary-selinous-demeter-malophoros-sanctuary-pleiades-502577471-classification,sanctuary-selinous-demeter-malophoros-sanctuary,src-pleiades-502577471,classification,1
es-sanctuary-selinous-demeter-malophoros-sanctuary-pleiades-502577471-description,sanctuary-selinous-demeter-malophoros-sanctuary,src-pleiades-502577471,description,1
es-sanctuary-selinous-demeter-malophoros-sanctuary-pleiades-502577471-geometry,sanctuary-selinous-demeter-malophoros-sanctuary,src-pleiades-502577471,geometry,1
es-sanctuary-selinous-demeter-malophoros-sanctuary-pleiades-502577471-identity,sanctuary-selinous-demeter-malophoros-sanctuary,src-pleiades-502577471,identity,1
es-sanctuary-selinous-demeter-malophoros-sanctuary-pleiades-502577471-names,sanctuary-selinous-demeter-malophoros-sanctuary,src-pleiades-502577471,names,1
es-sanctuary-selinous-demeter-malophoros-sanctuary-pleiades-502577471-relationships,sanctuary-selinous-demeter-malophoros-sanctuary,src-pleiades-502577471,relationships,1
es-sanctuary-siwa-amun-zeus-oracle-pleiades-716520-chronology,sanctuary-siwa-amun-zeus-oracle,src-pleiades-716520,chronology,1
es-sanctuary-siwa-amun-zeus-oracle-pleiades-716520-classification,sanctuary-siwa-amun-zeus-oracle,src-pleiades-716520,classification,1
es-sanctuary-siwa-amun-zeus-oracle-pleiades-716520-description,sanctuary-siwa-amun-zeus-oracle,src-pleiades-716520,description,1
es-sanctuary-siwa-amun-zeus-oracle-pleiades-716520-geometry,sanctuary-siwa-amun-zeus-oracle,src-pleiades-716520,geometry,1
es-sanctuary-siwa-amun-zeus-oracle-pleiades-716520-identity,sanctuary-siwa-amun-zeus-oracle,src-pleiades-716520,identity,1
es-sanctuary-siwa-amun-zeus-oracle-pleiades-716520-names,sanctuary-siwa-amun-zeus-oracle,src-pleiades-716520,names,1
es-sanctuary-siwa-amun-zeus-oracle-pleiades-716520-relationships,sanctuary-siwa-amun-zeus-oracle,src-pleiades-716520,relationships,1
es-sanctuary-smintheion-apollo-sanctuary-pleiades-550892-chronology,sanctuary-smintheion-apollo-sanctuary,src-pleiades-550892,chronology,1
es-sanctuary-smintheion-apollo-sanctuary-pleiades-550892-classification,sanctuary-smintheion-apollo-sanctuary,src-pleiades-550892,classification,1
es-sanctuary-smintheion-apollo-sanctuary-pleiades-550892-description,sanctuary-smintheion-apollo-sanctuary,src-pleiades-550892,description,1
es-sanctuary-smintheion-apollo-sanctuary-pleiades-550892-geometry,sanctuary-smintheion-apollo-sanctuary,src-pleiades-550892,geometry,1
es-sanctuary-smintheion-apollo-sanctuary-pleiades-550892-identity,sanctuary-smintheion-apollo-sanctuary,src-pleiades-550892,identity,1
es-sanctuary-smintheion-apollo-sanctuary-pleiades-550892-names,sanctuary-smintheion-apollo-sanctuary,src-pleiades-550892,names,1
es-sanctuary-smintheion-apollo-sanctuary-pleiades-550892-relationships,sanctuary-smintheion-apollo-sanctuary,src-pleiades-550892,relationships,1
es-sanctuary-sounion-poseidon-sanctuary-pleiades-580086-chronology,sanctuary-sounion-poseidon-sanctuary,src-pleiades-580086,chronology,1
es-sanctuary-sounion-poseidon-sanctuary-pleiades-580086-classification,sanctuary-sounion-poseidon-sanctuary,src-pleiades-580086,classification,1
es-sanctuary-sounion-poseidon-sanctuary-pleiades-580086-description,sanctuary-sounion-poseidon-sanctuary,src-pleiades-580086,description,1
es-sanctuary-sounion-poseidon-sanctuary-pleiades-580086-geometry,sanctuary-sounion-poseidon-sanctuary,src-pleiades-580086,geometry,1
es-sanctuary-sounion-poseidon-sanctuary-pleiades-580086-identity,sanctuary-sounion-poseidon-sanctuary,src-pleiades-580086,identity,1
es-sanctuary-sounion-poseidon-sanctuary-pleiades-580086-names,sanctuary-sounion-poseidon-sanctuary,src-pleiades-580086,names,1
es-sanctuary-sounion-poseidon-sanctuary-pleiades-580086-relationships,sanctuary-sounion-poseidon-sanctuary,src-pleiades-580086,relationships,1
es-sanctuary-syracuse-apollo-sanctuary-pleiades-418729933-chronology,sanctuary-syracuse-apollo-sanctuary,src-pleiades-418729933,chronology,1
es-sanctuary-syracuse-apollo-sanctuary-pleiades-418729933-classification,sanctuary-syracuse-apollo-sanctuary,src-pleiades-418729933,classification,1
es-sanctuary-syracuse-apollo-sanctuary-pleiades-418729933-description,sanctuary-syracuse-apollo-sanctuary,src-pleiades-418729933,description,1
es-sanctuary-syracuse-apollo-sanctuary-pleiades-418729933-geometry,sanctuary-syracuse-apollo-sanctuary,src-pleiades-418729933,geometry,1
es-sanctuary-syracuse-apollo-sanctuary-pleiades-418729933-identity,sanctuary-syracuse-apollo-sanctuary,src-pleiades-418729933,identity,1
es-sanctuary-syracuse-apollo-sanctuary-pleiades-418729933-names,sanctuary-syracuse-apollo-sanctuary,src-pleiades-418729933,names,1
es-sanctuary-syracuse-apollo-sanctuary-pleiades-418729933-relationships,sanctuary-syracuse-apollo-sanctuary,src-pleiades-418729933,relationships,1
es-sanctuary-tegea-athena-alea-sanctuary-pleiades-372843530-chronology,sanctuary-tegea-athena-alea-sanctuary,src-pleiades-372843530,chronology,1
es-sanctuary-tegea-athena-alea-sanctuary-pleiades-372843530-classification,sanctuary-tegea-athena-alea-sanctuary,src-pleiades-372843530,classification,1
es-sanctuary-tegea-athena-alea-sanctuary-pleiades-372843530-description,sanctuary-tegea-athena-alea-sanctuary,src-pleiades-372843530,description,1
es-sanctuary-tegea-athena-alea-sanctuary-pleiades-372843530-geometry,sanctuary-tegea-athena-alea-sanctuary,src-pleiades-372843530,geometry,1
es-sanctuary-tegea-athena-alea-sanctuary-pleiades-372843530-identity,sanctuary-tegea-athena-alea-sanctuary,src-pleiades-372843530,identity,1
es-sanctuary-tegea-athena-alea-sanctuary-pleiades-372843530-names,sanctuary-tegea-athena-alea-sanctuary,src-pleiades-372843530,names,1
es-sanctuary-tegea-athena-alea-sanctuary-pleiades-372843530-relationships,sanctuary-tegea-athena-alea-sanctuary,src-pleiades-372843530,relationships,1
es-sanctuary-thermon-apollo-sanctuary-pleiades-728329645-chronology,sanctuary-thermon-apollo-sanctuary,src-pleiades-728329645,chronology,1
es-sanctuary-thermon-apollo-sanctuary-pleiades-728329645-classification,sanctuary-thermon-apollo-sanctuary,src-pleiades-728329645,classification,1
es-sanctuary-thermon-apollo-sanctuary-pleiades-728329645-description,sanctuary-thermon-apollo-sanctuary,src-pleiades-728329645,description,1
es-sanctuary-thermon-apollo-sanctuary-pleiades-728329645-geometry,sanctuary-thermon-apollo-sanctuary,src-pleiades-728329645,geometry,1
es-sanctuary-thermon-apollo-sanctuary-pleiades-728329645-identity,sanctuary-thermon-apollo-sanctuary,src-pleiades-728329645,identity,1
es-sanctuary-thermon-apollo-sanctuary-pleiades-728329645-names,sanctuary-thermon-apollo-sanctuary,src-pleiades-728329645,names,1
es-sanctuary-thermon-apollo-sanctuary-pleiades-728329645-relationships,sanctuary-thermon-apollo-sanctuary,src-pleiades-728329645,relationships,1
es-sanctuary-tinos-poseidon-amphitrite-sanctuary-pleiades-590006-chronology,sanctuary-tinos-poseidon-amphitrite-sanctuary,src-pleiades-590006,chronology,1
es-sanctuary-tinos-poseidon-amphitrite-sanctuary-pleiades-590006-classification,sanctuary-tinos-poseidon-amphitrite-sanctuary,src-pleiades-590006,classification,1
es-sanctuary-tinos-poseidon-amphitrite-sanctuary-pleiades-590006-description,sanctuary-tinos-poseidon-amphitrite-sanctuary,src-pleiades-590006,description,1
es-sanctuary-tinos-poseidon-amphitrite-sanctuary-pleiades-590006-geometry,sanctuary-tinos-poseidon-amphitrite-sanctuary,src-pleiades-590006,geometry,1
es-sanctuary-tinos-poseidon-amphitrite-sanctuary-pleiades-590006-identity,sanctuary-tinos-poseidon-amphitrite-sanctuary,src-pleiades-590006,identity,1
es-sanctuary-tinos-poseidon-amphitrite-sanctuary-pleiades-590006-names,sanctuary-tinos-poseidon-amphitrite-sanctuary,src-pleiades-590006,names,1
es-sanctuary-tinos-poseidon-amphitrite-sanctuary-pleiades-590006-relationships,sanctuary-tinos-poseidon-amphitrite-sanctuary,src-pleiades-590006,relationships,1
