entity_id,legacy_id,entity_class,entity_subtype,legacy_subtype,collections,preferred_name_el,preferred_name_en,ancient_name_grc,description_el,description_en,sanctuary_scope,sanctuary_setting,sanctuary_function_tags,ancient_region_authority_id,temporal_precision,location_certainty,record_confidence,review_state,translation_status,data_version,source_origin,last_reviewed,reviewer
city-aegina-city,city-aegina-city,settlement,polis,polis,city,Αίγινα,Aegina,Αἴγινα,Νησιωτική εμπορική και ναυτική δύναμη του Σαρωνικού με πρώιμη νομισματοκοπία.,Saronic island trading and naval power with early coinage.,,,,region-saronikos,approximate,high,high,reviewed,machine_assisted_reviewed,1.0.0,archaios_ellinikos_kosmos_entities_v0_1.csv,2026-08-14,Codex-assisted normalization of user research
city-aigai-macedonia,city-aigai-macedonia,settlement,polis,polis,city,Αιγές,Aigai,Αἰγαί,Πρώτη πρωτεύουσα και βασιλική νεκρόπολη των αρχαίων Μακεδόνων.,First capital and royal necropolis of the ancient Macedonians.,,,,region-makedonia,approximate,high,high,reviewed,machine_assisted_reviewed,1.0.0,archaios_ellinikos_kosmos_entities_v0_1.csv,2026-08-14,Codex-assisted normalization of user research
city-alexandria-egypt,city-alexandria-egypt,settlement,polis,polis,city,Αλεξάνδρεια,Alexandria,Ἀλεξάνδρεια,"Πόλη που ίδρυσε ο Αλέξανδρος και πρωτεύουσα των Πτολεμαίων, με κορυφαίο λιμάνι και πνευματικά ιδρύματα.","City founded by Alexander and capital of the Ptolemies, with a leading port and intellectual institutions.",,,,region-aigyptos,approximate,high,high,reviewed,machine_assisted_reviewed,1.0.0,archaios_ellinikos_kosmos_entities_v0_1.csv,2026-08-14,Codex-assisted normalization of user research
city-antioch-orontes,city-antioch-orontes,settlement,polis,polis,city,Αντιόχεια επί Ορόντου,Antioch on the Orontes,Ἀντιόχεια ἡ ἐπὶ Ὀρόντου,Σελευκιδική πρωτεύουσα και μία από τις μεγαλύτερες ελληνιστικές και ρωμαϊκές πόλεις της ανατολικής Μεσογείου.,Seleucid capital and one of the largest Hellenistic and Roman cities in the eastern Mediterranean.,,,,region-syria-seleykida,approximate,high,high,reviewed,machine_assisted_reviewed,1.0.0,archaios_ellinikos_kosmos_entities_v0_1.csv,2026-08-14,Codex-assisted normalization of user research
city-argos,city-argos,settlement,polis,polis,city,Άργος,Argos,Ἄργος,Μία από τις μακροβιότερες πόλεις της Πελοποννήσου και σημαντικό κέντρο της Αργολίδας.,One of the oldest cities in the Peloponnese and an important center of Argolis.,,,,region-argolida,approximate,high,high,reviewed,machine_assisted_reviewed,1.0.0,archaios_ellinikos_kosmos_entities_v0_1.csv,2026-08-14,Codex-assisted normalization of user research
city-athens-attica,city-athens-attica,settlement,polis,polis,city,Αθήνα,Athens,Ἀθῆναι,"Κεντρική πόλη της Αττικής και κορυφαία ναυτική, πολιτική και πνευματική δύναμη της κλασικής εποχής.","Central city of Attica and leading naval, political and intellectual power of the classical era.",,,,region-attike,approximate,high,high,reviewed,machine_assisted_reviewed,1.0.0,archaios_ellinikos_kosmos_entities_v0_1.csv,2026-08-14,Codex-assisted normalization of user research
city-chalcis-euboea,city-chalcis-euboea,settlement,polis,polis,city,Χαλκίδα,Chalcis,Χαλκίς,Κύριο ευβοϊκό κέντρο στον Εύριπο και μία από τις πρωτοπόρες πόλεις του ελληνικού αποικισμού.,Main Euboean center in Euripos and one of the pioneering cities of Greek colonization.,,,,region-eyboia,approximate,high,high,reviewed,machine_assisted_reviewed,1.0.0,archaios_ellinikos_kosmos_entities_v0_1.csv,2026-08-14,Codex-assisted normalization of user research
city-chios-city,city-chios-city,settlement,polis,polis,city,Χίος,Chios,Χίος,"Νησιωτική πόλη με ισχυρή ναυτιλία, εμπόριο οίνου και συμμετοχή στην Ιωνική Δωδεκάπολη.","Island city with strong shipping, wine trade and participation in the Ionian Dodecapolis.",,,,region-ionia-chios,approximate,high,high,reviewed,machine_assisted_reviewed,1.0.0,archaios_ellinikos_kosmos_entities_v0_1.csv,2026-08-14,Codex-assisted normalization of user research
city-corinth,city-corinth,settlement,polis,polis,city,Κόρινθος,Corinth,Κόρινθος,Ισχυρή εμπορική πόλη στον Ισθμό· καταστράφηκε το 146 π.Χ. και επανιδρύθηκε ως ρωμαϊκή αποικία το 44 π.Χ.,A major commercial city on the Isthmus; it was destroyed in 146 BCE and refounded as a Roman colony in 44 BCE.,,,,region-korinthia,approximate,high,high,reviewed,machine_assisted_reviewed,1.0.0,archaios_ellinikos_kosmos_entities_v0_1.csv,2026-08-14,Codex-assisted normalization of user research
city-demetrias,city-demetrias,settlement,polis,polis,city,Δημητριάδα,Demetrias,Δημητριάς,Ελληνιστική πόλη που ίδρυσε ο Δημήτριος Πολιορκητής με συνοικισμό παραλιακών οικισμών.,A Hellenistic city founded by Demetrios Poliorketes through the synoecism of coastal settlements.,,,,region-magnesia,approximate,high,high,reviewed,machine_assisted_reviewed,1.0.0,archaios_ellinikos_kosmos_entities_v0_1.csv,2026-08-14,Codex-assisted normalization of user research
city-dion,city-dion,settlement,polis,polis,city,Δίον,Dion,Δῖον,Ιερή και αστική έδρα των Μακεδόνων στους πρόποδες του Ολύμπου.,Sacred and civil seat of the Macedonians at the foot of Mount Olympus.,,,,region-makedonia,approximate,high,high,reviewed,machine_assisted_reviewed,1.0.0,archaios_ellinikos_kosmos_entities_v0_1.csv,2026-08-14,Codex-assisted normalization of user research
city-epidaurus-city,city-epidaurus-city,settlement,polis,polis,city,Επίδαυρος,Epidaurus,Ἐπίδαυρος,"Παράκτια πόλη της Αργολίδας, πολιτικό κέντρο της επικράτειας όπου βρισκόταν και το Ασκληπιείο.",A coastal city of Argolis and the political centre of the territory that also contained the sanctuary of Asclepius.,,,,region-argolida,approximate,high,high,reviewed,machine_assisted_reviewed,1.0.0,archaios_ellinikos_kosmos_entities_v0_1.csv,2026-08-14,Codex-assisted normalization of user research
city-eretria-euboea,city-eretria-euboea,settlement,polis,polis,city,Ερέτρια,Eretria,Ἐρέτρια,Ισχυρή ευβοϊκή πόλη με εμπορικά δίκτυα και αποικίες στο Αιγαίο και τη Δύση.,Powerful Euboean city with trade networks and colonies in the Aegean and the West.,,,,region-eyboia,approximate,high,high,reviewed,machine_assisted_reviewed,1.0.0,archaios_ellinikos_kosmos_entities_v0_1.csv,2026-08-14,Codex-assisted normalization of user research
city-gortyn,city-gortyn,settlement,polis,polis,city,Γόρτυνα,Gortyn,Γόρτυν,"Μεγάλη κρητική πόλη, γνωστή για τον αρχαϊκό νομικό κώδικα και τη ρωμαϊκή πρωτεύουσα Κρήτης και Κυρηναϊκής.","Large Cretan city, known for its archaic legal code and the Roman capital of Crete and Cyrenaica.",,,,region-krete,approximate,high,high,reviewed,machine_assisted_reviewed,1.0.0,archaios_ellinikos_kosmos_entities_v0_1.csv,2026-08-14,Codex-assisted normalization of user research
city-knossos,city-knossos,settlement,polis,polis,city,Κνωσός,Knossos,Κνωσός,"Πολυπερίοδη πόλη γύρω από το μινωικό ανακτορικό κέντρο, με συνεχή σημασία και στους ιστορικούς χρόνους.","Multi-period city around the Minoan palatial center, with continuous importance in historical times as well.",,,,region-krete,approximate,high,high,reviewed,machine_assisted_reviewed,1.0.0,archaios_ellinikos_kosmos_entities_v0_1.csv,2026-08-14,Codex-assisted normalization of user research
city-kos-city,city-kos-city,settlement,polis,polis,city,Κως,Kos,Κῶς,Η νέα πόλη της Κω ιδρύθηκε με συνοικισμό το 366 π.Χ. και έγινε σημαντικό εμπορικό και ιατρικό κέντρο.,The new city of Kos was founded by synoecism in 366 BCE and became an important commercial and medical centre.,,,,region-kos-dodekanesa,approximate,high,high,reviewed,machine_assisted_reviewed,1.0.0,archaios_ellinikos_kosmos_entities_v0_1.csv,2026-08-14,Codex-assisted normalization of user research
city-larissa-thessaly,city-larissa-thessaly,settlement,polis,polis,city,Λάρισα,Larissa,Λάρισα,Κεντρική θεσσαλική πόλη και έδρα της αριστοκρατικής οικογένειας των Αλευαδών.,A central Thessalian city and seat of the aristocratic Aleuadae.,,,,region-thessalia,approximate,high,high,reviewed,machine_assisted_reviewed,1.0.0,archaios_ellinikos_kosmos_entities_v0_1.csv,2026-08-14,Codex-assisted normalization of user research
city-lindos,city-lindos,settlement,polis,polis,city,Λίνδος,Lindos,Λίνδος,"Μία από τις τρεις αρχαίες πόλεις της Ρόδου, με ισχυρή ναυτική και αποικιακή παράδοση.","One of the three ancient cities of Rhodes, with a strong maritime and colonial tradition.",,,,region-rodos-dodekanesa,approximate,high,high,reviewed,machine_assisted_reviewed,1.0.0,archaios_ellinikos_kosmos_entities_v0_1.csv,2026-08-14,Codex-assisted normalization of user research
city-mantinea,city-mantinea,settlement,polis,polis,city,Μαντίνεια,Mantinea,Μαντίνεια,Αρκαδική πόλη γνωστή για τις συγκρούσεις Σπάρτης και Θήβας στην πεδιάδα της.,Arcadian city known for the clashes between Sparta and Thebes on its plain.,,,,region-arkadia,approximate,high,high,reviewed,machine_assisted_reviewed,1.0.0,archaios_ellinikos_kosmos_entities_v0_1.csv,2026-08-14,Codex-assisted normalization of user research
city-megalopolis,city-megalopolis,settlement,polis,polis,city,Μεγαλόπολη,Megalopolis,Μεγάλη Πόλις,"Ομοσπονδιακό κέντρο του Κοινού των Αρκάδων, δημιουργημένο με συνοικισμό τον 4ο αιώνα π.Χ.","Federal centre of the Arcadian League, created through synoecism in the fourth century BCE.",,,,region-arkadia,approximate,high,high,reviewed,machine_assisted_reviewed,1.0.0,archaios_ellinikos_kosmos_entities_v0_1.csv,2026-08-14,Codex-assisted normalization of user research
city-megara,city-megara,settlement,polis,polis,city,Μέγαρα,Megara,Μέγαρα,Πόλη μεταξύ Αττικής και Κορινθίας με εκτεταμένη αποικιακή δραστηριότητα.,A city between Attica and Corinth with extensive colonial activity.,,,,region-megarida,approximate,high,high,reviewed,machine_assisted_reviewed,1.0.0,archaios_ellinikos_kosmos_entities_v0_1.csv,2026-08-14,Codex-assisted normalization of user research
city-messene,city-messene,settlement,polis,polis,city,Μεσσήνη,Messene,Μεσσήνη,"Νέα πρωτεύουσα των ελεύθερων Μεσσηνίων, ιδρυμένη από τον Επαμεινώνδα το 369 π.Χ.","New capital of the free Messenians, founded by Epaminondas in 369 BC.",,,,region-messenia,approximate,high,high,reviewed,machine_assisted_reviewed,1.0.0,archaios_ellinikos_kosmos_entities_v0_1.csv,2026-08-14,Codex-assisted normalization of user research
city-mytilene,city-mytilene,settlement,polis,polis,city,Μυτιλήνη,Mytilene,Μυτιλήνη,"Κύρια πόλη της Λέσβου, σημαντικό αιολικό ναυτικό και πνευματικό κέντρο.",The principal city of Lesbos and an important Aeolian naval and intellectual centre.,,,,region-lesbos-aiolida,approximate,high,high,reviewed,machine_assisted_reviewed,1.0.0,archaios_ellinikos_kosmos_entities_v0_1.csv,2026-08-14,Codex-assisted normalization of user research
city-naxos-cyclades,city-naxos-cyclades,settlement,polis,polis,city,Νάξος,Naxos,Νάξος,Κυριότερη πόλη της Νάξου και ισχυρό κυκλαδικό κέντρο της αρχαϊκής εποχής.,Main city of Naxos and a strong Cycladic center of the Archaic era.,,,,region-kyklades,approximate,high,high,reviewed,machine_assisted_reviewed,1.0.0,archaios_ellinikos_kosmos_entities_v0_1.csv,2026-08-14,Codex-assisted normalization of user research
city-olynthus,city-olynthus,settlement,polis,polis,city,Όλυνθος,Olynthus,Ὄλυνθος,"Κύριο κέντρο του Κοινού των Χαλκιδέων, καταστραμμένο από τον Φίλιππο Β΄ το 348 π.Χ.","Principal centre of the Chalcidian League, destroyed by Philip II in 348 BCE.",,,,region-chalkidike,approximate,high,high,reviewed,machine_assisted_reviewed,1.0.0,archaios_ellinikos_kosmos_entities_v0_1.csv,2026-08-14,Codex-assisted normalization of user research
city-patrae,city-patrae,settlement,polis,polis,city,Πάτρα,Patrae,Πάτραι,Αχαϊκή πόλη που αναπτύχθηκε ιδιαίτερα ως λιμάνι και ρωμαϊκή αποικία.,Achaean city that developed especially as a port and Roman colony.,,,,region-achaia,approximate,high,high,reviewed,machine_assisted_reviewed,1.0.0,archaios_ellinikos_kosmos_entities_v0_1.csv,2026-08-14,Codex-assisted normalization of user research
city-pella,city-pella,settlement,polis,polis,city,Πέλλα,Pella,Πέλλα,Πρωτεύουσα του μακεδονικού βασιλείου από τον 4ο αιώνα π.Χ. και γενέτειρα του Αλεξάνδρου.,Capital of the Macedonian kingdom since the 4th century BC. and birthplace of Alexander.,,,,region-makedonia,approximate,high,high,reviewed,machine_assisted_reviewed,1.0.0,archaios_ellinikos_kosmos_entities_v0_1.csv,2026-08-14,Codex-assisted normalization of user research
city-pergamum,city-pergamum,settlement,polis,polis,city,Πέργαμος,Pergamum,Πέργαμον,Οχυρή ελληνιστική πρωτεύουσα των Ατταλιδών και μεγάλο διοικητικό και πολιτιστικό κέντρο.,Fortified Hellenistic capital of the Attalids and a large administrative and cultural center.,,,,region-mysia,approximate,high,high,reviewed,machine_assisted_reviewed,1.0.0,archaios_ellinikos_kosmos_entities_v0_1.csv,2026-08-14,Codex-assisted normalization of user research
city-pherae-thessaly,city-pherae-thessaly,settlement,polis,polis,city,Φερές,Pherae,Φεραί,Ισχυρή θεσσαλική πόλη που κυριάρχησε στην περιοχή υπό τον Ιάσονα των Φερών.,A powerful Thessalian city that dominated the region under Jason of Pherae.,,,,region-thessalia,approximate,high,high,reviewed,machine_assisted_reviewed,1.0.0,archaios_ellinikos_kosmos_entities_v0_1.csv,2026-08-14,Codex-assisted normalization of user research
city-piraeus,city-piraeus,settlement,polis,polis,city,Πειραιάς,Piraeus,Πειραιεύς,"Οχυρωμένο επίνειο της Αθήνας, οργανωμένο ως κύρια βάση του αθηναϊκού στόλου στις αρχές του 5ου αιώνα π.Χ.","A fortified port of Athens, organized as the main base of the Athenian fleet at the beginning of the 5th century BC.",,,,region-attike,approximate,high,high,reviewed,machine_assisted_reviewed,1.0.0,archaios_ellinikos_kosmos_entities_v0_1.csv,2026-08-14,Codex-assisted normalization of user research
city-ptolemais-cyrenaica,city-ptolemais-cyrenaica,settlement,polis,polis,city,Πτολεμαΐδα Κυρηναϊκής,Ptolemais of Cyrenaica,Πτολεμαΐς,Η ελληνιστική πόλη που αναπτύχθηκε από το λιμάνι της Βάρκης και έγινε σημαντικό κέντρο της Κυρηναϊκής.,A Hellenistic city that developed from the port of Barca and became an important centre of Cyrenaica.,,,,region-kyrenaike,approximate,medium,medium,needs_review,machine_assisted_reviewed,1.0.0,archaios_ellinikos_kosmos_entities_v0_1.csv,2026-08-14,Codex-assisted normalization of user research
city-pydna,city-pydna,settlement,polis,polis,city,Πύδνα,Pydna,Πύδνα,"Μακεδονικό λιμάνι, γνωστό και από τη ρωμαϊκή νίκη επί του Περσέα το 168 π.Χ.","Macedonian port, also known from the Roman victory over Perseus in 168 BC.",,,,region-makedonia,approximate,high,high,reviewed,machine_assisted_reviewed,1.0.0,archaios_ellinikos_kosmos_entities_v0_1.csv,2026-08-14,Codex-assisted normalization of user research
city-rhodes-city,city-rhodes-city,settlement,polis,polis,city,Ρόδος,Rhodes,Ῥόδος,"Νέα ομοσπονδιακή πρωτεύουσα του νησιού, ιδρυμένη με συνοικισμό το 408/407 π.Χ.","The island's new federal capital, founded through synoecism in 408/407 BCE.",,,,region-rodos-dodekanesa,approximate,high,high,reviewed,machine_assisted_reviewed,1.0.0,archaios_ellinikos_kosmos_entities_v0_1.csv,2026-08-14,Codex-assisted normalization of user research
city-samos-city,city-samos-city,settlement,polis,polis,city,Σάμος,Samos,Σάμος,"Ιωνική πόλη και ναυτική δύναμη, ιδιαίτερα ακμαία υπό τον Πολυκράτη τον 6ο αιώνα π.Χ.","Ionian city and naval power, particularly prosperous under Polycrates in the 6th century BC.",,,,region-ionia-samos,approximate,high,high,reviewed,machine_assisted_reviewed,1.0.0,archaios_ellinikos_kosmos_entities_v0_1.csv,2026-08-14,Codex-assisted normalization of user research
city-sicyon,city-sicyon,settlement,polis,polis,city,Σικυώνα,Sicyon,Σικυών,"Πόλη της βόρειας Πελοποννήσου, ιδιαίτερα γνωστή για τη γλυπτική και τη ζωγραφική της παράδοση.","City of the northern Peloponnese, particularly known for its sculpture and painting tradition.",,,,region-korinthia,approximate,high,high,reviewed,machine_assisted_reviewed,1.0.0,archaios_ellinikos_kosmos_entities_v0_1.csv,2026-08-14,Codex-assisted normalization of user research
city-smyrna,city-smyrna,settlement,polis,polis,city,Σμύρνη,Smyrna,Σμύρνα,"Η ελληνιστική Σμύρνη ιδρύθηκε εκ νέου κοντά στο όρος Πάγος, διαδεχόμενη την παλαιότερη πόλη στο Μπαϊρακλί.","Hellenistic Smyrna was re-founded near Mount Pagos, succeeding the older city at Bayrakli.",,,,region-ionia,approximate,high,high,reviewed,machine_assisted_reviewed,1.0.0,archaios_ellinikos_kosmos_entities_v0_1.csv,2026-08-14,Codex-assisted normalization of user research
city-sparta,city-sparta,settlement,polis,polis,city,Σπάρτη,Sparta,Σπάρτη,"Δωρική πόλη της Λακωνίας, γνωστή για το στρατιωτικό και πολιτειακό της σύστημα.","Doric city of Laconia, known for its military and political system.",,,,region-lakonia,approximate,high,high,reviewed,machine_assisted_reviewed,1.0.0,archaios_ellinikos_kosmos_entities_v0_1.csv,2026-08-14,Codex-assisted normalization of user research
city-tegea,city-tegea,settlement,polis,polis,city,Τεγέα,Tegea,Τεγέα,Σημαντική αρκαδική πόλη και μακροχρόνια αντίπαλος της Σπάρτης.,Important Arcadian city and long-time rival of Sparta.,,,,region-arkadia,approximate,high,high,reviewed,machine_assisted_reviewed,1.0.0,archaios_ellinikos_kosmos_entities_v0_1.csv,2026-08-14,Codex-assisted normalization of user research
city-thebes-boeotia,city-thebes-boeotia,settlement,polis,polis,city,Θήβα,Thebes,Θῆβαι,"Ηγετική πόλη της Βοιωτίας, με κορύφωση της ισχύος της τον 4ο αιώνα π.Χ.","A leading city of Boeotia, with the peak of its power in the 4th century BC.",,,,region-boiotia,approximate,high,high,reviewed,machine_assisted_reviewed,1.0.0,archaios_ellinikos_kosmos_entities_v0_1.csv,2026-08-14,Codex-assisted normalization of user research
city-thera-city,city-thera-city,settlement,polis,polis,city,Θήρα,Thera,Θήρα,"Δωρική πόλη στη Θήρα, μητρόπολη της Κυρήνης σύμφωνα με την αρχαία παράδοση.","A Doric city on Thera and, according to ancient tradition, the metropolis of Cyrene.",,,,region-kyklades,approximate,high,high,reviewed,machine_assisted_reviewed,1.0.0,archaios_ellinikos_kosmos_entities_v0_1.csv,2026-08-14,Codex-assisted normalization of user research
city-thessalonica,city-thessalonica,settlement,polis,polis,city,Θεσσαλονίκη,Thessalonica,Θεσσαλονίκη,Πόλη που ίδρυσε ο Κάσσανδρος με συνοικισμό και εξελίχθηκε σε μεγάλο λιμάνι της Μακεδονίας.,A city founded by Cassander through synoecism that developed into a major Macedonian port.,,,,region-makedonia,approximate,high,high,reviewed,machine_assisted_reviewed,1.0.0,archaios_ellinikos_kosmos_entities_v0_1.csv,2026-08-14,Codex-assisted normalization of user research
colony-abydos,colony-abydos,settlement,polis,apoikia,colony,Άβυδος,Abydos,Ἄβυδος,"Μιλησιακή αποικία στο στενότερο σημείο του Ελλησπόντου, απέναντι από τη Σηστό.","A Milesian colony at the narrowest point of the Hellespont, opposite Sestos.",,,,region-troada-ellespontos,approximate,high,high,reviewed,machine_assisted_reviewed,1.0.0,archaios_ellinikos_kosmos_entities_v0_1.csv,2026-08-14,Codex-assisted normalization of user research
colony-akragas,colony-akragas,settlement,polis,apoikia,colony,Ακράγαντας,Akragas,Ἀκράγας,Αποικία της Γέλας με μνημειακό πολεοδομικό και ναοδομικό τοπίο.,Colony of Gela with a monumental urban and temple landscape.,,,,region-sikelia,approximate,high,high,reviewed,machine_assisted_reviewed,1.0.0,archaios_ellinikos_kosmos_entities_v0_1.csv,2026-08-14,Codex-assisted normalization of user research
colony-ambracia,colony-ambracia,settlement,polis,apoikia,colony,Αμβρακία,Ambracia,Ἀμβρακία,Κορινθιακή αποικία στον Άραχθο και μεταγενέστερη πρωτεύουσα του Πύρρου.,Corinthian colony on Arachthos and later capital of Pyrrhus.,,,,region-epeiros,approximate,high,high,reviewed,machine_assisted_reviewed,1.0.0,archaios_ellinikos_kosmos_entities_v0_1.csv,2026-08-14,Codex-assisted normalization of user research
colony-amisus,colony-amisus,settlement,polis,apoikia,colony,Αμισός,Amisus,Ἀμισός,"Ελληνική αποικία στη νότια ακτή του Ευξείνου, σημαντικό λιμάνι του Πόντου.","Greek colony on the southern coast of the Black Sea, an important port on the Pontus.",,,,region-pontos,approximate,high,high,reviewed,machine_assisted_reviewed,1.0.0,archaios_ellinikos_kosmos_entities_v0_1.csv,2026-08-14,Codex-assisted normalization of user research
colony-amphipolis,colony-amphipolis,settlement,polis,apoikia,colony,Αμφίπολη,Amphipolis,Ἀμφίπολις,"Αθηναϊκή αποικία στον Στρυμόνα, στρατηγική για ξυλεία, μεταλλεία και τον δρόμο προς τη Θράκη.","An Athenian colony on the Strymon, strategically important for timber, mines and the route into Thrace.",,,,region-makedonia-edonida,approximate,high,high,reviewed,machine_assisted_reviewed,1.0.0,archaios_ellinikos_kosmos_entities_v0_1.csv,2026-08-14,Codex-assisted normalization of user research
colony-ancona,colony-ancona,settlement,polis,apoikia,colony,Αγκών,Ancon,Ἀγκών,Λιμάνι που ίδρυσαν Συρακούσιοι άποικοι στην καμπή της ιταλικής ακτής της Αδριατικής.,Port established by Syracusan colonists at the bend of the Italian Adriatic coast.,,,,region-pikeno,approximate,high,high,reviewed,machine_assisted_reviewed,1.0.0,archaios_ellinikos_kosmos_entities_v0_1.csv,2026-08-14,Codex-assisted normalization of user research
colony-apollonia-cyrenaica,colony-apollonia-cyrenaica,settlement,polis,apoikia,colony,Απολλωνία Κυρηναϊκής,Apollonia of Cyrenaica,Ἀπολλωνία,"Το επίνειο της Κυρήνης, που εξελίχθηκε σε αυτόνομη πόλη και μέλος της Πεντάπολης.","The port of Cyrene, which developed into an autonomous city and member of the Cyrenaican Pentapolis.",,,,region-kyrenaike,approximate,high,high,reviewed,machine_assisted_reviewed,1.0.0,archaios_ellinikos_kosmos_entities_v0_1.csv,2026-08-14,Codex-assisted normalization of user research
colony-apollonia-illyria,colony-apollonia-illyria,settlement,polis,apoikia,colony,Απολλωνία Ιλλυρίας,Apollonia,Ἀπολλωνία,"Κορινθιακή και κερκυραϊκή αποικία κοντά στον Αώο, σημαντικός σταθμός της Εγνατίας οδού.",A joint Corinthian and Corcyraean colony near the Aoos and an important station on the Via Egnatia.,,,,region-illyria,approximate,high,high,reviewed,machine_assisted_reviewed,1.0.0,archaios_ellinikos_kosmos_entities_v0_1.csv,2026-08-14,Codex-assisted normalization of user research
colony-apollonia-pontica,colony-apollonia-pontica,settlement,polis,apoikia,colony,Απολλωνία Ποντική,Apollonia Pontica,Ἀπολλωνία Ποντική,"Μεγάλη μιλησιακή αποικία της δυτικής ακτής του Ευξείνου, μεταγενέστερα γνωστή ως Σωζόπολις.","Large Milesian colony of the western coast of the Black Sea, later known as Sozopolis.",,,,region-thrake-eyxeinos-pontos,approximate,high,high,reviewed,machine_assisted_reviewed,1.0.0,archaios_ellinikos_kosmos_entities_v0_1.csv,2026-08-14,Codex-assisted normalization of user research
colony-assos,colony-assos,settlement,polis,apoikia,colony,Άσσος,Assos,Ἄσσος,Αιολική αποικία της Μήθυμνας σε οχυρό ύψωμα απέναντι από τη Λέσβο.,An Aeolian colony of Methymna on a fortified hill opposite Lesbos.,,,,region-troada,approximate,high,high,reviewed,machine_assisted_reviewed,1.0.0,archaios_ellinikos_kosmos_entities_v0_1.csv,2026-08-14,Codex-assisted normalization of user research
colony-barca-cyrenaica,colony-barca-cyrenaica,settlement,polis,apoikia,colony,Βάρκη,Barca,Βάρκη,Ελληνική αποικία της ενδοχώρας της Κυρηναϊκής με λιμάνι τη μετέπειτα Πτολεμαΐδα.,A Greek colony in the Cyrenaican interior whose port later developed into Ptolemais.,,,,region-kyrenaike,approximate,high,high,reviewed,machine_assisted_reviewed,1.0.0,archaios_ellinikos_kosmos_entities_v0_1.csv,2026-08-14,Codex-assisted normalization of user research
colony-byzantium,colony-byzantium,settlement,polis,apoikia,colony,Βυζάντιο,Byzantium,Βυζάντιον,Μεγαρική αποικία σε εξαιρετική θέση στον Βόσπορο· το 330 μ.Χ. μετασχηματίστηκε σε Κωνσταντινούπολη.,A Megarian colony in an exceptional position on the Bosporus; in 330 CE it was transformed into Constantinople.,,,,region-thrake-bosporos,approximate,high,high,reviewed,machine_assisted_reviewed,1.0.0,archaios_ellinikos_kosmos_entities_v0_1.csv,2026-08-14,Codex-assisted normalization of user research
colony-callatis,colony-callatis,settlement,polis,apoikia,colony,Κάλλατις,Callatis,Κάλλατις,"Ηρακλειώτικη αποικία στη δυτική ακτή του Ευξείνου, με δραστήρια ελληνιστική οικονομία.","A colony of Heraclea Pontica on the western Black Sea coast, with an active Hellenistic economy.",,,,region-skythia-mikra,approximate,high,high,reviewed,machine_assisted_reviewed,1.0.0,archaios_ellinikos_kosmos_entities_v0_1.csv,2026-08-14,Codex-assisted normalization of user research
colony-catana,colony-catana,settlement,polis,apoikia,colony,Κατάνη,Catana,Κατάνη,"Χαλκιδική αποικία στους πρόποδες της Αίτνας, στη θέση της σύγχρονης Κατάνιας.","A Chalcidian colony at the foot of Mount Etna, on the site of modern Catania.",,,,region-sikelia,approximate,high,high,reviewed,machine_assisted_reviewed,1.0.0,archaios_ellinikos_kosmos_entities_v0_1.csv,2026-08-14,Codex-assisted normalization of user research
colony-chalcedon,colony-chalcedon,settlement,polis,apoikia,colony,Χαλκηδόνα,Chalcedon,Χαλκηδών,"Μεγαρική αποικία στην ασιατική είσοδο του Βοσπόρου, απέναντι από το Βυζάντιο.","Megarian colony at the Asian entrance to the Bosphorus, opposite Byzantium.",,,,region-bithynia-bosporos,approximate,high,high,reviewed,machine_assisted_reviewed,1.0.0,archaios_ellinikos_kosmos_entities_v0_1.csv,2026-08-14,Codex-assisted normalization of user research
colony-chersonesus-taurica,colony-chersonesus-taurica,settlement,polis,apoikia,colony,Χερσόνησος Ταυρική,Chersonesus Taurica,Χερσόνησος,Ηρακλειώτικη αποικία στη νοτιοδυτική Κριμαία με οργανωμένη αγροτική χώρα.,"A colony of Heraclea Pontica in southwestern Crimea, distinguished by its organized agricultural chora.",,,,region-tayrike,approximate,high,high,reviewed,machine_assisted_reviewed,1.0.0,archaios_ellinikos_kosmos_entities_v0_1.csv,2026-08-14,Codex-assisted normalization of user research
colony-clazomenae,colony-clazomenae,settlement,polis,apoikia,colony,Κλαζομενές,Clazomenae,Κλαζομεναί,"Ιωνική πόλη σε νησίδα και στην απέναντι ακτή, σημαντική για την κεραμική και το εμπόριο.","Ionian city on an island and on the opposite coast, important for pottery and trade.",,,,region-ionia,approximate,high,high,reviewed,machine_assisted_reviewed,1.0.0,archaios_ellinikos_kosmos_entities_v0_1.csv,2026-08-14,Codex-assisted normalization of user research
colony-cnidus,colony-cnidus,settlement,polis,apoikia,colony,Κνίδος,Cnidus,Κνίδος,Η μνημειακή νεότερη Κνίδος στο άκρο της χερσονήσου διαδέχθηκε την αρχαιότερη δωρική εγκατάσταση στο Burgaz.,The monumental later city of Cnidus at the tip of the peninsula succeeded an earlier Doric settlement at Burgaz.,,,,region-karia,approximate,high,high,reviewed,machine_assisted_reviewed,1.0.0,archaios_ellinikos_kosmos_entities_v0_1.csv,2026-08-14,Codex-assisted normalization of user research
colony-colophon,colony-colophon,settlement,polis,apoikia,colony,Κολοφώνα,Colophon,Κολοφών,"Μία από τις δώδεκα ιωνικές πόλεις, γνωστή για το ιππικό και την πνευματική της παράδοση.","One of the twelve Ionian cities, known for its cavalry and spiritual tradition.",,,,region-ionia,approximate,high,high,reviewed,machine_assisted_reviewed,1.0.0,archaios_ellinikos_kosmos_entities_v0_1.csv,2026-08-14,Codex-assisted normalization of user research
colony-corcyra,colony-corcyra,settlement,polis,apoikia,colony,Κέρκυρα,Corcyra,Κόρκυρα,Ισχυρή κορινθιακή αποικία στο Ιόνιο και σημαντικός ναυτικός σταθμός προς τη Δύση.,A powerful Corinthian colony in the Ionian Sea and an important naval station on routes westward.,,,,region-epeiros-ionio,approximate,high,high,reviewed,machine_assisted_reviewed,1.0.0,archaios_ellinikos_kosmos_entities_v0_1.csv,2026-08-14,Codex-assisted normalization of user research
colony-croton,colony-croton,settlement,polis,apoikia,colony,Κρότων,Croton,Κρότων,"Αχαϊκή αποικία, γνωστή για τους αθλητές της και τη σχολή του Πυθαγόρα.","Achaean colony, known for its athletes and the school of Pythagoras.",,,,region-megale-ellada-brettia,approximate,high,high,reviewed,machine_assisted_reviewed,1.0.0,archaios_ellinikos_kosmos_entities_v0_1.csv,2026-08-14,Codex-assisted normalization of user research
colony-cumae-campania,colony-cumae-campania,settlement,polis,apoikia,colony,Κύμη Καμπανίας,Cumae,Κύμη,Πρώιμη ευβοϊκή αποικία στην ιταλική χερσόνησο και μητρόπολη της Νεάπολης.,Early Euboean colony on the Italian peninsula and metropolis of Naples.,,,,region-megale-ellada-kampania,approximate,high,high,reviewed,machine_assisted_reviewed,1.0.0,archaios_ellinikos_kosmos_entities_v0_1.csv,2026-08-14,Codex-assisted normalization of user research
colony-cyme-aeolis,colony-cyme-aeolis,settlement,polis,apoikia,colony,Κύμη Αιολίδας,Cyme,Κύμη,Η σημαντικότερη από τις αιολικές πόλεις της μικρασιατικής ακτής και αποικιακό κέντρο.,The most important of the Aeolian cities of the Asia Minor coast and a colonial center.,,,,region-aiolida,approximate,high,high,reviewed,machine_assisted_reviewed,1.0.0,archaios_ellinikos_kosmos_entities_v0_1.csv,2026-08-14,Codex-assisted normalization of user research
colony-cyrene,colony-cyrene,settlement,polis,apoikia,colony,Κυρήνη,Cyrene,Κυρήνη,Θηραϊκή αποικία στο οροπέδιο της Κυρηναϊκής και κέντρο της ελληνικής Πεντάπολης.,Theraic colony on the Cyrenaican plateau and center of the Greek Pentapolis.,,,,region-kyrenaike,approximate,high,high,reviewed,machine_assisted_reviewed,1.0.0,archaios_ellinikos_kosmos_entities_v0_1.csv,2026-08-14,Codex-assisted normalization of user research
colony-cyzicus,colony-cyzicus,settlement,polis,apoikia,colony,Κύζικος,Cyzicus,Κύζικος,"Μιλησιακή αποικία σε στρατηγική θέση της Προποντίδας, με ισχυρό εμπόριο και νόμισμα.","A Milesian colony in a strategic position on the Propontis, with strong trade and influential coinage.",,,,region-mysia-propontida,approximate,high,high,reviewed,machine_assisted_reviewed,1.0.0,archaios_ellinikos_kosmos_entities_v0_1.csv,2026-08-14,Codex-assisted normalization of user research
colony-dioscurias,colony-dioscurias,settlement,polis,apoikia,colony,Διοσκουριάς,Dioscurias,Διοσκουριάς,"Ελληνικό λιμάνι της Κολχίδας, κόμβος εμπορίου με τον Καύκασο.","Greek port of Colchis, trade hub with the Caucasus.",,,,region-kolchida,approximate,high,high,reviewed,machine_assisted_reviewed,1.0.0,archaios_ellinikos_kosmos_entities_v0_1.csv,2026-08-14,Codex-assisted normalization of user research
colony-elea-velia,colony-elea-velia,settlement,polis,apoikia,colony,Ελέα,Elea,Ἐλέα,Πόλη Φωκαέων προσφύγων και πατρίδα της ελεατικής φιλοσοφικής σχολής.,City of Phocaean refugees and home of the Eleatic school of philosophy.,,,,region-megale-ellada-leykania,approximate,high,high,reviewed,machine_assisted_reviewed,1.0.0,archaios_ellinikos_kosmos_entities_v0_1.csv,2026-08-14,Codex-assisted normalization of user research
colony-emporion-iberia,colony-emporion-iberia,settlement,polis,apoikia,colony,Εμπόριον,Emporion,Ἐμπόριον,Μασσαλιώτικη εμπορική εγκατάσταση που εξελίχθηκε σε κύρια ελληνική πύλη της Ιβηρικής.,A Massaliote trading settlement that developed into the principal Greek gateway to Iberia.,,,,region-iberia-katalonia,approximate,high,high,reviewed,machine_assisted_reviewed,1.0.0,archaios_ellinikos_kosmos_entities_v0_1.csv,2026-08-14,Codex-assisted normalization of user research
colony-ephesus,colony-ephesus,settlement,polis,apoikia,colony,Έφεσος,Ephesus,Ἔφεσος,"Ιωνική πόλη με μεγάλο λιμάνι και το περίφημο Αρτεμίσιο, αργότερα πρωτεύουσα της ρωμαϊκής Ασίας.","Ionian city with a large port and the famous Artemisium, later capital of Roman Asia.",,,,region-ionia,approximate,high,high,reviewed,machine_assisted_reviewed,1.0.0,archaios_ellinikos_kosmos_entities_v0_1.csv,2026-08-14,Codex-assisted normalization of user research
colony-epidamnos,colony-epidamnos,settlement,polis,apoikia,colony,Επίδαμνος,Epidamnos,Ἐπίδαμνος,"Αποικία στην αλβανική ακτή, αργότερα γνωστή ως Δυρράχιο και αφετηρία της Εγνατίας.","A colony on the Albanian coast, later known as Dyrrachium and a western terminus of the Via Egnatia.",,,,region-illyria,approximate,high,high,reviewed,machine_assisted_reviewed,1.0.0,archaios_ellinikos_kosmos_entities_v0_1.csv,2026-08-14,Codex-assisted normalization of user research
colony-erythrae-ionia,colony-erythrae-ionia,settlement,polis,apoikia,colony,Ερυθρές,Erythrae,Ἐρυθραί,"Ιωνική πόλη στη χερσόνησο της Ερυθραίας, απέναντι από τη Χίο.","Ionian city on the Erythraean peninsula, opposite Chios.",,,,region-ionia,approximate,high,high,reviewed,machine_assisted_reviewed,1.0.0,archaios_ellinikos_kosmos_entities_v0_1.csv,2026-08-14,Codex-assisted normalization of user research
colony-euesperides,colony-euesperides,settlement,polis,apoikia,colony,Ευεσπερίδες,Euesperides,Εὐεσπερίδες,"Δυτική πόλη της Κυρηναϊκής, μεταφερμένη και μετονομασμένη σε Βερενίκη κατά την πτολεμαϊκή περίοδο.","Western city of Cyrenaica, moved and renamed Berenice during the Ptolemaic period.",,,,region-kyrenaike,approximate,high,high,reviewed,machine_assisted_reviewed,1.0.0,archaios_ellinikos_kosmos_entities_v0_1.csv,2026-08-14,Codex-assisted normalization of user research
colony-gela,colony-gela,settlement,polis,apoikia,colony,Γέλα,Gela,Γέλα,Αποικία Ροδίων και Κρητών στη νότια Σικελία και μητρόπολη του Ακράγαντα.,A colony of Rhodians and Cretans in southern Sicily and the metropolis of Akragas.,,,,region-sikelia,approximate,high,high,reviewed,machine_assisted_reviewed,1.0.0,archaios_ellinikos_kosmos_entities_v0_1.csv,2026-08-14,Codex-assisted normalization of user research
colony-halicarnassus,colony-halicarnassus,settlement,polis,apoikia,colony,Αλικαρνασσός,Halicarnassus,Ἁλικαρνασσός,"Δωρική πόλη της Καρίας, πατρίδα του Ηροδότου και έδρα του Μαυσωλείου.","Doric city of Caria, hometown of Herodotus and seat of the Mausoleum.",,,,region-karia,approximate,high,high,reviewed,machine_assisted_reviewed,1.0.0,archaios_ellinikos_kosmos_entities_v0_1.csv,2026-08-14,Codex-assisted normalization of user research
colony-heraclea-pontica,colony-heraclea-pontica,settlement,polis,apoikia,colony,Ηράκλεια Ποντική,Heraclea Pontica,Ἡράκλεια ἡ Ποντική,"Ισχυρή αποικία στη νότια ακτή του Ευξείνου, η οποία ίδρυσε δικές της αποικίες.",A powerful colony on the southern coast of the Black Sea that founded colonies of its own.,,,,region-bithynia-pontos,approximate,high,high,reviewed,machine_assisted_reviewed,1.0.0,archaios_ellinikos_kosmos_entities_v0_1.csv,2026-08-14,Codex-assisted normalization of user research
colony-himera,colony-himera,settlement,polis,apoikia,colony,Ιμέρα,Himera,Ἱμέρα,"Αποικία στη βόρεια Σικελία, τόπος της ελληνικής νίκης του 480 π.Χ. και καταστροφής από την Καρχηδόνα το 409 π.Χ.","Colony in northern Sicily, site of the Greek victory of 480 BC. and destruction by Carthage in 409 BC.",,,,region-sikelia,approximate,high,high,reviewed,machine_assisted_reviewed,1.0.0,archaios_ellinikos_kosmos_entities_v0_1.csv,2026-08-14,Codex-assisted normalization of user research
colony-histria-pontica,colony-histria-pontica,settlement,polis,apoikia,colony,Ίστρια,Histria,Ἰστρίη,"Πρώιμη μιλησιακή αποικία στις λιμνοθάλασσες του Δούναβη, με μακρά ζωή έως την ύστερη αρχαιότητα.","Early Milesian colony in the Danube lagoons, long-lived until late antiquity.",,,,region-skythia-mikra,approximate,high,high,reviewed,machine_assisted_reviewed,1.0.0,archaios_ellinikos_kosmos_entities_v0_1.csv,2026-08-14,Codex-assisted normalization of user research
colony-iasos,colony-iasos,settlement,polis,apoikia,colony,Ιασός,Iasos,Ἰασός,"Ελληνική παράκτια πόλη της Καρίας σε μικρή χερσόνησο, με ισχυρή αλιευτική και εμπορική ζωή.","Greek coastal city of Caria on a small peninsula, with a strong fishing and commercial life.",,,,region-karia,approximate,high,high,reviewed,machine_assisted_reviewed,1.0.0,archaios_ellinikos_kosmos_entities_v0_1.csv,2026-08-14,Codex-assisted normalization of user research
colony-issa-vis,colony-issa-vis,settlement,polis,apoikia,colony,Ίσσα,Issa,Ἴσσα,"Συρακουσιακή αποικία στη νήσο Ίσσα, η οποία ίδρυσε δικές της εγκαταστάσεις στις δαλματικές ακτές.",A Syracusan colony on the island of Issa that founded settlements of its own on the Dalmatian coast.,,,,region-dalmatia,approximate,medium,medium,needs_review,machine_assisted_reviewed,1.0.0,archaios_ellinikos_kosmos_entities_v0_1.csv,2026-08-14,Codex-assisted normalization of user research
colony-lampsacus,colony-lampsacus,settlement,polis,apoikia,colony,Λάμψακος,Lampsacus,Λάμψακος,"Φωκαϊκή αποικία στην ασιατική ακτή του Ελλησπόντου, γνωστή για το κρασί και τη λατρεία του Πριάπου.","Phocaean colony on the Asian coast of the Hellespont, known for its wine and the worship of Priapus.",,,,region-troada-ellespontos,approximate,high,high,reviewed,machine_assisted_reviewed,1.0.0,archaios_ellinikos_kosmos_entities_v0_1.csv,2026-08-14,Codex-assisted normalization of user research
colony-leontinoi,colony-leontinoi,settlement,polis,apoikia,colony,Λεοντίνοι,Leontinoi,Λεοντῖνοι,Χαλκιδική αποικία στην εύφορη ενδοχώρα της ανατολικής Σικελίας.,Chalkidian colony in the fertile hinterland of eastern Sicily.,,,,region-sikelia,approximate,high,high,reviewed,machine_assisted_reviewed,1.0.0,archaios_ellinikos_kosmos_entities_v0_1.csv,2026-08-14,Codex-assisted normalization of user research
colony-locri-epizephyrii,colony-locri-epizephyrii,settlement,polis,apoikia,colony,Λοκροί Επιζεφύριοι,Locri Epizephyrii,Λοκροὶ Ἐπιζεφύριοι,Λοκρική αποικία γνωστή για τη νομοθεσία του Ζάλευκου και τα ιερά της Περσεφόνης.,Locrian colony known for the legislation of Zaleucus and the sanctuaries of Persephone.,,,,region-megale-ellada-brettia,approximate,high,high,reviewed,machine_assisted_reviewed,1.0.0,archaios_ellinikos_kosmos_entities_v0_1.csv,2026-08-14,Codex-assisted normalization of user research
colony-magnesia-maeander,colony-magnesia-maeander,settlement,polis,apoikia,colony,Μαγνησία του Μαιάνδρου,Magnesia on the Maeander,Μαγνησία ἡ πρὸς Μαιάνδρῳ,"Ελληνική εγκατάσταση των Μαγνήτων στην κοιλάδα του Μαιάνδρου, γνωστή για το ιερό της Αρτέμιδος Λευκοφρυηνής.","A Greek settlement of the Magnesians in the Maeander valley, known for the sanctuary of Artemis Leucophryene.",,,,region-ionia-karia,approximate,high,high,reviewed,machine_assisted_reviewed,1.0.0,archaios_ellinikos_kosmos_entities_v0_1.csv,2026-08-14,Codex-assisted normalization of user research
colony-massalia,colony-massalia,settlement,polis,apoikia,colony,Μασσαλία,Massalia,Μασσαλία,Μεγάλη φωκαϊκή αποικία και κύριος ελληνικός εμπορικός κόμβος της δυτικής Μεσογείου.,Large Phocaean colony and main Greek commercial hub of the western Mediterranean.,,,,region-galatia-probegkia,approximate,high,high,reviewed,machine_assisted_reviewed,1.0.0,archaios_ellinikos_kosmos_entities_v0_1.csv,2026-08-14,Codex-assisted normalization of user research
colony-megara-hyblaea,colony-megara-hyblaea,settlement,polis,apoikia,colony,Μέγαρα Υβλαία,Megara Hyblaea,Μέγαρα Ὑβλαία,Μεγαρική αποικία με εξαιρετικά διατηρημένη αρχαϊκή πολεοδομία.,Megarian colony with exceptionally well-preserved archaic urbanism.,,,,region-sikelia,approximate,high,high,reviewed,machine_assisted_reviewed,1.0.0,archaios_ellinikos_kosmos_entities_v0_1.csv,2026-08-14,Codex-assisted normalization of user research
colony-mesembria,colony-mesembria,settlement,polis,apoikia,colony,Μεσημβρία,Mesembria,Μεσημβρία,Μεγαρική αποικία σε οχυρή χερσόνησο της θρακικής ακτής.,Megarian colony on a fortified peninsula of the Thracian coast.,,,,region-thrake-eyxeinos-pontos,approximate,high,high,reviewed,machine_assisted_reviewed,1.0.0,archaios_ellinikos_kosmos_entities_v0_1.csv,2026-08-14,Codex-assisted normalization of user research
colony-metapontum,colony-metapontum,settlement,polis,apoikia,colony,Μεταπόντιο,Metapontum,Μεταπόντιον,Αχαϊκή αποικία στη γόνιμη πεδιάδα του κόλπου του Τάραντα.,Achaean colony on the fertile plain of the Gulf of Taranto.,,,,region-megale-ellada-leykania,approximate,high,high,reviewed,machine_assisted_reviewed,1.0.0,archaios_ellinikos_kosmos_entities_v0_1.csv,2026-08-14,Codex-assisted normalization of user research
colony-miletus,colony-miletus,settlement,polis,apoikia,colony,Μίλητος,Miletus,Μίλητος,Μεγάλη ιωνική πόλη και μητρόπολη δεκάδων αποικιών στον Εύξεινο Πόντο και την Προποντίδα.,Great Ionian city and metropolis of dozens of colonies on the Black Sea and the Propontis.,,,,region-ionia,approximate,high,high,reviewed,machine_assisted_reviewed,1.0.0,archaios_ellinikos_kosmos_entities_v0_1.csv,2026-08-14,Codex-assisted normalization of user research
colony-myrina-aeolis,colony-myrina-aeolis,settlement,polis,apoikia,colony,Μύρινα,Myrina,Μύρινα,Αιολική παράκτια πόλη γνωστή ιδίως για τα ελληνιστικά πήλινα ειδώλιά της.,Aeolian coastal city known especially for its Hellenistic clay figurines.,,,,region-aiolida,approximate,medium,medium,needs_review,machine_assisted_reviewed,1.0.0,archaios_ellinikos_kosmos_entities_v0_1.csv,2026-08-14,Codex-assisted normalization of user research
colony-naucratis,colony-naucratis,settlement,polis,apoikia,colony,Ναύκρατις,Naucratis,Ναύκρατις,"Ελληνικό εμπορικό κέντρο στην Αίγυπτο, οργανωμένο με συμμετοχή πολλών πόλεων υπό φαραωνική εποπτεία.","Greek commercial center in Egypt, organized with the participation of many cities under pharaonic supervision.",,,,region-delta-neiloy,approximate,high,high,reviewed,machine_assisted_reviewed,1.0.0,archaios_ellinikos_kosmos_entities_v0_1.csv,2026-08-14,Codex-assisted normalization of user research
colony-naxos-sicily,colony-naxos-sicily,settlement,polis,apoikia,colony,Νάξος Σικελίας,Naxos,Νάξος,"Η πρώτη μόνιμη ελληνική αποικία στη Σικελία, ιδρυμένη από Ευβοείς.","The first permanent Greek colony in Sicily, founded by Euboeans.",,,,region-sikelia,approximate,high,high,reviewed,machine_assisted_reviewed,1.0.0,archaios_ellinikos_kosmos_entities_v0_1.csv,2026-08-14,Codex-assisted normalization of user research
colony-neapolis-campania,colony-neapolis-campania,settlement,polis,apoikia,colony,Νεάπολη,Neapolis,Νεάπολις,Νέα πόλη των Κυμαίων που διατήρησε έντονο ελληνικό χαρακτήρα στη ρωμαϊκή εποχή.,A new city founded by the Cumaeans that retained a strongly Greek character under Roman rule.,,,,region-megale-ellada-kampania,approximate,high,high,reviewed,machine_assisted_reviewed,1.0.0,archaios_ellinikos_kosmos_entities_v0_1.csv,2026-08-14,Codex-assisted normalization of user research
colony-odessos,colony-odessos,settlement,polis,apoikia,colony,Οδησσός,Odessos,Ὀδησσός,Μιλησιακή αποικία στον κόλπο της σημερινής Βάρνας και σημαντικό περιφερειακό λιμάνι.,Milesian colony in the gulf of present-day Varna and an important regional port.,,,,region-thrake-eyxeinos-pontos,approximate,high,high,reviewed,machine_assisted_reviewed,1.0.0,archaios_ellinikos_kosmos_entities_v0_1.csv,2026-08-14,Codex-assisted normalization of user research
colony-olbia-pontica,colony-olbia-pontica,settlement,polis,apoikia,colony,Ολβία Ποντική,Olbia Pontica,Ὀλβία,"Μεγάλη μιλησιακή αποικία στις εκβολές του Δνείπερου και του Νότιου Μπουγκ, με εκτεταμένες σχέσεις με τους Σκύθες.","A major Milesian colony near the mouths of the Dnieper and Southern Bug, with extensive relations with Scythian communities.",,,,region-skythia-kato-ypanis,approximate,high,high,reviewed,machine_assisted_reviewed,1.0.0,archaios_ellinikos_kosmos_entities_v0_1.csv,2026-08-14,Codex-assisted normalization of user research
colony-panticapaeum,colony-panticapaeum,settlement,polis,apoikia,colony,Παντικάπαιο,Panticapaeum,Παντικάπαιον,Ελληνική αποικία και αργότερα πρωτεύουσα του βασιλείου του Κιμμερίου Βοσπόρου.,Greek colony and later capital of the kingdom of Cimmerian Bosphorus.,,,,region-kimmerios-bosporos,approximate,high,high,reviewed,machine_assisted_reviewed,1.0.0,archaios_ellinikos_kosmos_entities_v0_1.csv,2026-08-14,Codex-assisted normalization of user research
colony-phanagoria,colony-phanagoria,settlement,polis,apoikia,colony,Φαναγόρεια,Phanagoria,Φαναγόρεια,Αποικία Τηίων στη χερσόνησο του Ταμάν και ανατολικό κέντρο του βασιλείου του Βοσπόρου.,A colony of Teians on the Taman Peninsula and the eastern centre of the Bosporan Kingdom.,,,,region-kimmerios-bosporos,approximate,high,high,reviewed,machine_assisted_reviewed,1.0.0,archaios_ellinikos_kosmos_entities_v0_1.csv,2026-08-14,Codex-assisted normalization of user research
colony-pharos-hvar,colony-pharos-hvar,settlement,polis,apoikia,colony,Φάρος,Pharos,Φάρος,"Παριανή αποικία στο νησί Χβαρ, με οργανωμένο αγροτικό κλήρο που διακρίνεται ακόμη στο τοπίο.",A Parian colony on Hvar with an organized agricultural land division still visible in the landscape.,,,,region-dalmatia,approximate,high,high,reviewed,machine_assisted_reviewed,1.0.0,archaios_ellinikos_kosmos_entities_v0_1.csv,2026-08-14,Codex-assisted normalization of user research
colony-phaselis,colony-phaselis,settlement,polis,apoikia,colony,Φάσηλις,Phaselis,Φάσηλις,Ροδιακή αποικία με τρία λιμάνια στη θαλάσσια διαδρομή μεταξύ Αιγαίου και Ανατολής.,Rhodian colony with three ports on the sea route between the Aegean and the East.,,,,region-lykia-pamphylia,approximate,high,high,reviewed,machine_assisted_reviewed,1.0.0,archaios_ellinikos_kosmos_entities_v0_1.csv,2026-08-14,Codex-assisted normalization of user research
colony-phasis-city,colony-phasis-city,settlement,polis,apoikia,colony,Φάσις,Phasis,Φᾶσις,Μιλησιακή εγκατάσταση κοντά στις εκβολές του Φάσιδος· η ακριβής αρχαιολογική θέση παραμένει συζητήσιμη.,A Milesian settlement near the mouth of the Phasis River; its exact archaeological location remains disputed.,,,,region-kolchida,approximate,medium,medium,needs_review,machine_assisted_reviewed,1.0.0,archaios_ellinikos_kosmos_entities_v0_1.csv,2026-08-14,Codex-assisted normalization of user research
colony-philippi,colony-philippi,settlement,polis,apoikia,colony,Φίλιπποι,Philippi,Φίλιπποι,"Θασιακή αποικία ως Κρηνίδες, οχυρωμένη και μετονομασμένη από τον Φίλιππο Β΄ το 356 π.Χ.","Thasian colony as Krinides, fortified and renamed by Philip II in 356 BC.",,,,region-makedonia-thrake,approximate,high,high,reviewed,machine_assisted_reviewed,1.0.0,archaios_ellinikos_kosmos_entities_v0_1.csv,2026-08-14,Codex-assisted normalization of user research
colony-phocaea,colony-phocaea,settlement,polis,apoikia,colony,Φώκαια,Phocaea,Φώκαια,"Ιωνική ναυτική πόλη, μητρόπολη της Μασσαλίας, της Ελέας και άλλων δυτικών εγκαταστάσεων.","An Ionian maritime city and metropolis of Massalia, Elea and other western settlements.",,,,region-ionia,approximate,high,high,reviewed,machine_assisted_reviewed,1.0.0,archaios_ellinikos_kosmos_entities_v0_1.csv,2026-08-14,Codex-assisted normalization of user research
colony-poseidonia,colony-poseidonia,settlement,polis,apoikia,colony,Ποσειδωνία,Poseidonia,Ποσειδωνία,"Αποικία της Σύβαρης, γνωστή ως Ποσειδωνία και αργότερα ως ρωμαϊκό Paestum.","A colony of Sybaris, known as Poseidonia and later as the Roman city of Paestum.",,,,region-megale-ellada-leykania,approximate,high,high,reviewed,machine_assisted_reviewed,1.0.0,archaios_ellinikos_kosmos_entities_v0_1.csv,2026-08-14,Codex-assisted normalization of user research
colony-priene,colony-priene,settlement,polis,apoikia,colony,Πριήνη,Priene,Πριήνη,Ιωνική πόλη με υποδειγματική ιπποδάμεια πολεοδομία στη νεότερη θέση της στον Μυκάλη.,An Ionian city with exemplary Hippodamian planning at its later site on Mount Mycale.,,,,region-ionia,approximate,high,high,reviewed,machine_assisted_reviewed,1.0.0,archaios_ellinikos_kosmos_entities_v0_1.csv,2026-08-14,Codex-assisted normalization of user research
colony-rhegion,colony-rhegion,settlement,polis,apoikia,colony,Ρήγιο,Rhegion,Ῥήγιον,Ευβοϊκή αποικία στην ιταλική πλευρά του στενού της Μεσσήνης.,Euboean colony on the Italian side of the Straits of Messina.,,,,region-megale-ellada-brettia,approximate,high,high,reviewed,machine_assisted_reviewed,1.0.0,archaios_ellinikos_kosmos_entities_v0_1.csv,2026-08-14,Codex-assisted normalization of user research
colony-selinus,colony-selinus,settlement,polis,apoikia,colony,Σελινούντας,Selinus,Σελινοῦς,"Η δυτικότερη μεγάλη ελληνική αποικία της Σικελίας, καταστραμμένη οριστικά στον Α΄ Καρχηδονιακό Πόλεμο.","The westernmost large Greek colony of Sicily, permanently destroyed in the First Carthaginian War.",,,,region-sikelia,approximate,high,high,reviewed,machine_assisted_reviewed,1.0.0,archaios_ellinikos_kosmos_entities_v0_1.csv,2026-08-14,Codex-assisted normalization of user research
colony-sinope,colony-sinope,settlement,polis,apoikia,colony,Σινώπη,Sinope,Σινώπη,"Μιλησιακή αποικία σε ασφαλή χερσόνησο, βασικός κόμβος του αποικιακού δικτύου του Πόντου.",A Milesian colony on a defensible peninsula and a central hub of the Greek colonial network in the Black Sea.,,,,region-paphlagonia-pontos,approximate,high,high,reviewed,machine_assisted_reviewed,1.0.0,archaios_ellinikos_kosmos_entities_v0_1.csv,2026-08-14,Codex-assisted normalization of user research
colony-sybaris,colony-sybaris,settlement,polis,apoikia,colony,Σύβαρις,Sybaris,Σύβαρις,"Πλούσια αχαϊκή αποικία στην πεδιάδα του Κράθη, καταστραμμένη από τον Κρότωνα το 510 π.Χ.","Wealthy Achaean colony on the Krathis plain, destroyed by Croton in 510 BC.",,,,region-megale-ellada-leykania,approximate,high,high,reviewed,machine_assisted_reviewed,1.0.0,archaios_ellinikos_kosmos_entities_v0_1.csv,2026-08-14,Codex-assisted normalization of user research
colony-syracuse,colony-syracuse,settlement,polis,apoikia,colony,Συρακούσες,Syracuse,Συράκουσαι,Κορινθιακή αποικία που εξελίχθηκε στην ισχυρότερη ελληνική πόλη της Σικελίας.,Corinthian colony that developed into the strongest Greek city in Sicily.,,,,region-sikelia,approximate,high,high,reviewed,machine_assisted_reviewed,1.0.0,archaios_ellinikos_kosmos_entities_v0_1.csv,2026-08-14,Codex-assisted normalization of user research
colony-tanais,colony-tanais,settlement,polis,apoikia,colony,Τάναϊς,Tanais,Τάναϊς,"Ελληνιστικό εμπορικό κέντρο στις εκβολές του Δον, όριο επαφής ελληνικών και νομαδικών πληθυσμών.","Hellenistic commercial center at the mouth of the Don, boundary of contact between Greek and nomadic populations.",,,,region-maiotida,approximate,high,high,reviewed,machine_assisted_reviewed,1.0.0,archaios_ellinikos_kosmos_entities_v0_1.csv,2026-08-14,Codex-assisted normalization of user research
colony-taras,colony-taras,settlement,polis,apoikia,colony,Τάρας,Taras,Τάρας,Η μοναδική παραδοσιακά σπαρτιατική αποικία και ισχυρότερη ελληνική πόλη της Απουλίας.,The only traditionally Spartan colony and strongest Greek city of Apulia.,,,,region-megale-ellada-apoylia,approximate,high,high,reviewed,machine_assisted_reviewed,1.0.0,archaios_ellinikos_kosmos_entities_v0_1.csv,2026-08-14,Codex-assisted normalization of user research
colony-taucheira,colony-taucheira,settlement,polis,apoikia,colony,Ταύχειρα,Taucheira,Ταύχειρα,"Παράκτια ελληνική πόλη της Κυρηναϊκής, αργότερα γνωστή ως Αρσινόη.","Coastal Greek city of Cyrenaica, later known as Arsinoe.",,,,region-kyrenaike,approximate,high,high,reviewed,machine_assisted_reviewed,1.0.0,archaios_ellinikos_kosmos_entities_v0_1.csv,2026-08-14,Codex-assisted normalization of user research
colony-teos,colony-teos,settlement,polis,apoikia,colony,Τέως,Teos,Τέως,Ιωνική λιμενική πόλη και έδρα του ελληνιστικού κοινού των τεχνιτών του Διονύσου.,An Ionian port and seat of the Hellenistic association of the Artists of Dionysus.,,,,region-ionia,approximate,high,high,reviewed,machine_assisted_reviewed,1.0.0,archaios_ellinikos_kosmos_entities_v0_1.csv,2026-08-14,Codex-assisted normalization of user research
colony-theodosia-crimea,colony-theodosia-crimea,settlement,polis,apoikia,colony,Θεοδοσία,Theodosia,Θεοδοσία,Μιλησιακή αποικία με εύφορη ενδοχώρα και σημαντικό εξαγωγικό λιμάνι σιτηρών.,A Milesian colony with a fertile hinterland and an important grain export port.,,,,region-tayrike,approximate,high,high,reviewed,machine_assisted_reviewed,1.0.0,archaios_ellinikos_kosmos_entities_v0_1.csv,2026-08-14,Codex-assisted normalization of user research
colony-tomis,colony-tomis,settlement,polis,apoikia,colony,Τόμις,Tomis,Τόμις,Μιλησιακή αποικία και μεταγενέστερη πρωτεύουσα της ρωμαϊκής Σκυθίας Μικράς.,Milesian colony and later capital of Roman Scythia Minor.,,,,region-skythia-mikra,approximate,high,high,reviewed,machine_assisted_reviewed,1.0.0,archaios_ellinikos_kosmos_entities_v0_1.csv,2026-08-14,Codex-assisted normalization of user research
colony-tragurion,colony-tragurion,settlement,polis,apoikia,colony,Τραγούριον,Tragurion,Τραγούριον,Ελληνιστική αποικιακή εγκατάσταση της Ίσσας στην κεντρική δαλματική ακτή.,Hellenistic colonial settlement of Issa on the central Dalmatian coast.,,,,region-dalmatia,approximate,high,high,reviewed,machine_assisted_reviewed,1.0.0,archaios_ellinikos_kosmos_entities_v0_1.csv,2026-08-14,Codex-assisted normalization of user research
colony-trapezus,colony-trapezus,settlement,polis,apoikia,colony,Τραπεζούντα,Trapezus,Τραπεζοῦς,Αποικία της Σινώπης στην ανατολική ακτή του Ευξείνου και σταθμός προς τον Καύκασο.,Colony of Sinope on the eastern coast of the Black Sea and a station towards the Caucasus.,,,,region-pontos,approximate,high,high,reviewed,machine_assisted_reviewed,1.0.0,archaios_ellinikos_kosmos_entities_v0_1.csv,2026-08-14,Codex-assisted normalization of user research
colony-tyras,colony-tyras,settlement,polis,apoikia,colony,Τύρας,Tyras,Τύρας,"Μιλησιακή αποικία στις εκβολές του Δνείστερου, εμπορικός σύνδεσμος με την ενδοχώρα.","Milesian colony at the mouth of the Dniester, trade link with the hinterland.",,,,region-skythia-dneisteros,approximate,high,high,reviewed,machine_assisted_reviewed,1.0.0,archaios_ellinikos_kosmos_entities_v0_1.csv,2026-08-14,Codex-assisted normalization of user research
colony-zancle-messana,colony-zancle-messana,settlement,polis,apoikia,colony,Ζάγκλη,Zancle,Ζάγκλη,"Ευβοϊκή αποικία στο στενό της Μεσσήνης, αργότερα γνωστή ως Μεσσήνη.","Euboean colony in the Straits of Messina, later known as Messina.",,,,region-sikelia,approximate,high,high,reviewed,machine_assisted_reviewed,1.0.0,archaios_ellinikos_kosmos_entities_v0_1.csv,2026-08-14,Codex-assisted normalization of user research
kingdom-alexander-empire,kingdom-alexander-empire,polity,empire,conquest_empire,kingdom,Αυτοκρατορία του Αλεξάνδρου,Empire of Alexander the Great,Ἀλέξανδρος βασιλεὺς Μακεδόνων,"Η μακεδονική μοναρχία του Αλεξάνδρου κατέλυσε την Αχαιμενιδική αυτοκρατορία και έφθασε ως τον Ινδό, χωρίς να αποκτήσει σταθερή ενιαία πρωτεύουσα.","Alexander's Macedonian monarchy overthrew the Achaemenid empire and reached as far as the Indus, without acquiring a fixed single capital.",,,,region-makedonia-aigyptos-kai-asia,exact,high,high,reviewed,machine_assisted_reviewed,1.0.0,archaios_ellinikos_kosmos_entities_v0_1.csv,2026-08-14,Codex-assisted normalization of user research
kingdom-athens-mycenaean,kingdom-athens-mycenaean,polity,palatial_state,mycenaean_palatial_polity_disputed,kingdom,Μυκηναϊκό κέντρο της Αθήνας,Mycenaean Athens Polity,Ἀθῆναι,"Η οχυρωμένη Ακρόπολη περιλάμβανε βασιλική κατοικία, αλλά η δομή και η έκταση ενός ανεξάρτητου αθηναϊκού ανακτορικού κράτους δεν τεκμηριώνονται όπως στην Πύλο.","The fortified Acropolis included a royal residence, but the structure and extent of an independent Athenian palatial state is not documented as at Pylos.",,,,region-attike,broad_range,high,high,reviewed,machine_assisted_reviewed,1.0.0,archaios_ellinikos_kosmos_entities_v0_1.csv,2026-08-14,Codex-assisted normalization of user research
kingdom-attalid-pergamon,kingdom-attalid-pergamon,polity,kingdom,dynastic_state_to_kingdom,kingdom,Βασίλειο της Περγάμου των Ατταλιδών,Attalid Kingdom of Pergamon,Βασιλεία τῶν Ἀτταλιδῶν,"Η δυναστική ηγεμονία άρχισε με τον Φιλέταιρο, ενώ ο Άτταλος Α΄ έλαβε επίσημα τον τίτλο του βασιλιά το 241 π.Χ.· ο Άτταλος Γ΄ κληροδότησε το κράτος στη Ρώμη.","The dynastic hegemony began with Philetairos, while Attalus I formally received the title of king in 241 BC; Attalus III bequeathed the state to Rome.",,,,region-mysia-kai-dytike-mikra-asia,mixed,high,medium,needs_review,machine_assisted_reviewed,1.0.0,archaios_ellinikos_kosmos_entities_v0_1.csv,2026-08-14,Codex-assisted normalization of user research
kingdom-bithynia,kingdom-bithynia,polity,kingdom,hellenistic_dynastic_kingdom,kingdom,Βασίλειο της Βιθυνίας,Kingdom of Bithynia,Βιθυνία,Ο Ζιποίτης έλαβε τον τίτλο του βασιλιά το 297 π.Χ. και οι διάδοχοί του κυβέρνησαν ένα ισχυρό μικρό βασίλειο μέχρι την κληροδότησή του στη Ρώμη.,"Zipoetes assumed the royal title in 297 BCE, and his successors ruled a powerful small kingdom until it was bequeathed to Rome.",,,,region-bithynia,exact,high,high,reviewed,machine_assisted_reviewed,1.0.0,archaios_ellinikos_kosmos_entities_v0_1.csv,2026-08-14,Codex-assisted normalization of user research
kingdom-bosporus-archaeanactid,kingdom-bosporus-archaeanactid,polity,kingdom,greco_scythian_dynastic_monarchy,kingdom,Βασίλειο του Κιμμερίου Βοσπόρου — Αρχαιανακτίδες,Bosporan Kingdom — Archaeanactid Phase,Βασίλειον τοῦ Κιμμερικοῦ Βοσπόρου,"Πρώιμη μοναρχική ενοποίηση ελληνικών πόλεων γύρω από τον πορθμό του Κερτς, μέσα σε μικτό ελληνοσκυθικό περιβάλλον.","Early monarchical unification of Greek cities around the strait of Kerch, in a mixed Greco-Scythian environment.",,,,region-kimmerios-bosporos,approximate,high,high,reviewed,machine_assisted_reviewed,1.0.0,archaios_ellinikos_kosmos_entities_v0_1.csv,2026-08-14,Codex-assisted normalization of user research
kingdom-bosporus-mithridatic,kingdom-bosporus-mithridatic,polity,dynastic_phase,pontic_bosporan_phase,kingdom,Βασίλειο του Κιμμερίου Βοσπόρου — Μιθριδατική φάση,Bosporan Kingdom — Mithridatic Phase,Βασίλειον τοῦ Κιμμερικοῦ Βοσπόρου,Ο Βόσπορος εντάχθηκε στη σφαίρα του Μιθριδάτη ΣΤ΄ και διοικήθηκε από μέλη ή αντιπροσώπους του ποντιακού οίκου έως την εξέγερση του Φαρνάκη.,Bosphorus was included in the sphere of Mithridates VI and was ruled by members or representatives of the Pontic house until the Pharnakes revolt.,,,,region-kimmerios-bosporos,approximate,high,high,reviewed,machine_assisted_reviewed,1.0.0,archaios_ellinikos_kosmos_entities_v0_1.csv,2026-08-14,Codex-assisted normalization of user research
kingdom-bosporus-spartocid,kingdom-bosporus-spartocid,polity,kingdom,greco_scythian_dynastic_monarchy,kingdom,Βασίλειο του Κιμμερίου Βοσπόρου — Σπαρτοκίδες,Bosporan Kingdom — Spartocid Phase,Βασίλειον τοῦ Κιμμερικοῦ Βοσπόρου,Μακρόβια ελληνοσκυθική μοναρχία με πρωτεύουσα το Παντικάπαιον και ισχυρό εμπόριο σιτηρών με το Αιγαίο· οι άρχοντες έφεραν διαφορετικούς τίτλους για ελληνικούς και μη ελληνικούς πληθυσμούς.,Long-lived Greco-Scythian monarchy with capital at Panticapaion and strong grain trade with the Aegean; lords bore different titles for Greek and non-Greek populations.,,,,region-kimmerios-bosporos,approximate,high,high,reviewed,machine_assisted_reviewed,1.0.0,archaios_ellinikos_kosmos_entities_v0_1.csv,2026-08-14,Codex-assisted normalization of user research
kingdom-cappadocia-ariarathid,kingdom-cappadocia-ariarathid,polity,kingdom,hellenistic_iranian_dynasty,kingdom,Βασίλειο της Καππαδοκίας των Αριαραθιδών,Ariarathid Kingdom of Cappadocia,Καππαδοκία,"Ιρανικής καταγωγής δυναστεία σε ελληνιστικό πολιτικό και πολιτισμικό περιβάλλον· η συνέχεια γνώρισε διακοπές, επεμβάσεις Σελευκιδών και Ποντίων και αμφισβητούμενες διαδοχές.","A dynasty of Iranian origin in a Hellenistic political and cultural environment; succession experienced interruptions, Seleucid and Pontic interventions, and disputed successions.",,,,region-kappadokia,approximate,high,high,reviewed,machine_assisted_reviewed,1.0.0,archaios_ellinikos_kosmos_entities_v0_1.csv,2026-08-14,Codex-assisted normalization of user research
kingdom-cappadocia-late-client,kingdom-cappadocia-late-client,polity,client_kingdom,hellenistic_roman_client_kingdom,kingdom,Ύστερο Βασίλειο της Καππαδοκίας,Late Kingdom of Cappadocia,Καππαδοκία,"Υστεροελληνιστική και ρωμαϊκή πελατειακή φάση, με επανειλημμένες εκθρονίσεις και αποκαταστάσεις, έως την προσάρτηση από τον Τιβέριο το 17 μ.Χ.","Late Hellenistic and Roman client phase, with repeated dethronements and restorations, until the annexation by Tiberius in 17 AD.",,,,region-kappadokia,mixed,high,medium,needs_review,machine_assisted_reviewed,1.0.0,archaios_ellinikos_kosmos_entities_v0_1.csv,2026-08-14,Codex-assisted normalization of user research
kingdom-commagene,kingdom-commagene,polity,kingdom,hybrid_hellenistic_kingdom,kingdom,Βασίλειο της Κομμαγηνής,Kingdom of Commagene,Κομμαγηνή,"Μικρό ελληνιστικό βασίλειο με ελληνικές, ιρανικές και αρμενικές παραδόσεις. Η ανεξαρτησία διακόπηκε το 17–38 μ.Χ. πριν από την οριστική ρωμαϊκή προσάρτηση.","A small Hellenistic kingdom combining Greek, Iranian and Armenian traditions. Its independence was interrupted in 17–38 CE before final Roman annexation.",,,,region-kommagene,mixed,high,medium,needs_review,machine_assisted_reviewed,1.0.0,archaios_ellinikos_kosmos_entities_v0_1.csv,2026-08-14,Codex-assisted normalization of user research
kingdom-cyrene-battiad,kingdom-cyrene-battiad,polity,kingdom,greek_colonial_monarchy,kingdom,Βασίλειο της Κυρήνης των Βαττιαδών,Battiad Kingdom of Cyrene,Κυρήνη,Ελληνική αποικιακή μοναρχία που ιδρύθηκε από Θηραίους και εξελίχθηκε σε σημαντικό κέντρο της Κυρηναϊκής μέχρι την κατάργηση της δυναστείας.,Greek colonial monarchy founded by Theraeans and developed into an important center of Cyrenaica until the abolition of the dynasty.,,,,region-kyrenaike,approximate,high,high,reviewed,machine_assisted_reviewed,1.0.0,archaios_ellinikos_kosmos_entities_v0_1.csv,2026-08-14,Codex-assisted normalization of user research
kingdom-cyrene-magas,kingdom-cyrene-magas,polity,kingdom,hellenistic_breakaway_kingdom,kingdom,Βασίλειο της Κυρήνης του Μάγα,Kingdom of Cyrene under Magas,Κυρήνη,"Ο Μάγας, αρχικά πτολεμαϊκός διοικητής, αναγνωρίστηκε ως βασιλιάς της Κυρήνης και διατήρησε ουσιαστική αυτονομία έως τον θάνατό του.","Magas, originally a Ptolemaic commander, was recognized as king of Cyrene and retained substantial autonomy until his death.",,,,region-kyrenaike,approximate,high,high,reviewed,machine_assisted_reviewed,1.0.0,archaios_ellinikos_kosmos_entities_v0_1.csv,2026-08-14,Codex-assisted normalization of user research
kingdom-epirus-aeacid,kingdom-epirus-aeacid,polity,kingdom,regional_dynastic_monarchy,kingdom,Βασίλειο της Ηπείρου των Αιακιδών,Aeacid Kingdom of Epirus,Μολοσσοί / Ἤπειρος,Η μολοσσική δυναστεία διαμόρφωσε ευρύτερο ηπειρωτικό βασίλειο και έφθασε σε μεγάλη ακμή με τον Πύρρο· η μοναρχία καταργήθηκε το 231 π.Χ.,The Molossian dynasty formed a wider continental kingdom and reached its height under Pyrrhus; the monarchy was abolished in 231 BC.,,,,region-epeiros,approximate,high,high,reviewed,machine_assisted_reviewed,1.0.0,archaios_ellinikos_kosmos_entities_v0_1.csv,2026-08-14,Codex-assisted normalization of user research
kingdom-greco-bactrian-diodotid,kingdom-greco-bactrian-diodotid,polity,dynastic_phase,greco_bactrian_dynastic_phase,kingdom,Ελληνοβακτριανό Βασίλειο — Διοδοτίδες,Greco-Bactrian Kingdom — Diodotid Phase,Βακτριανή,Ο σατράπης Διόδοτος αποσχίστηκε από τους Σελευκίδες στα μέσα του 3ου αιώνα π.Χ.· η ακριβής χρονολογία ανεξαρτησίας και διαδοχής προκύπτει κυρίως από νομίσματα.,The satrap Diodotus seceded from the Seleucids in the mid-3rd century BC; the exact date of independence and succession is derived mainly from coins.,,,,region-baktriane,approximate,high,high,reviewed,machine_assisted_reviewed,1.0.0,archaios_ellinikos_kosmos_entities_v0_1.csv,2026-08-14,Codex-assisted normalization of user research
kingdom-greco-bactrian-eucratid,kingdom-greco-bactrian-eucratid,polity,dynastic_phase,greco_bactrian_dynastic_phase,kingdom,Ελληνοβακτριανό Βασίλειο — Ευκρατίδες,Greco-Bactrian Kingdom — Eucratid Phase,Βακτριανή,Ο Ευκρατίδης Α΄ κατέλαβε τη Βακτριανή και επεκτάθηκε προς την Ινδία· μετά τον θάνατό του το κράτος συρρικνώθηκε και η ελληνική εξουσία βόρεια του Ινδοκούς έληξε περίπου το 130 π.Χ.,"Eucratides I seized Bactria and expanded toward India; after his death the state contracted, and Greek power north of the Hindu Kush ended around 130 BCE.",,,,region-baktriane,approximate,high,high,reviewed,machine_assisted_reviewed,1.0.0,archaios_ellinikos_kosmos_entities_v0_1.csv,2026-08-14,Codex-assisted normalization of user research
kingdom-greco-bactrian-euthydemid,kingdom-greco-bactrian-euthydemid,polity,dynastic_phase,greco_bactrian_dynastic_phase,kingdom,Ελληνοβακτριανό Βασίλειο — Ευθυδημίδες,Greco-Bactrian Kingdom — Euthydemid Phase,Βακτριανή,Ο Ευθύδημος κατέλαβε τη Βακτριανή και αναγνωρίστηκε από τον Αντίοχο Γ΄· από τον οίκο του συνδέεται η επέκταση νότια του Ινδοκούς.,Euthydemus seized Bactria and was recognized by Antiochus III; expansion south of the Hindu Kush is associated with his dynasty.,,,,region-baktriane,approximate,high,high,reviewed,machine_assisted_reviewed,1.0.0,archaios_ellinikos_kosmos_entities_v0_1.csv,2026-08-14,Codex-assisted normalization of user research
kingdom-indo-greek-early,kingdom-indo-greek-early,polity,dynastic_phase,indo_greek_dynastic_phase,kingdom,Πρώιμο Ινδοελληνικό Βασίλειο,Early Indo-Greek Kingdom,,Η ελληνική εξουσία πέρασε νότια του Ινδοκούς υπό τον Δημήτριο και συγγενείς ηγεμόνες. Η αλληλουχία και η έκταση ανασυντίθενται κυρίως από νομισματικά δεδομένα.,Greek power extended south of the Hindu Kush under Demetrius and related rulers. Its sequence and extent are reconstructed chiefly from numismatic evidence.,,,,region-gandara-kai-boreiodytike-india,disputed,high,medium,needs_review,machine_assisted_reviewed,1.0.0,archaios_ellinikos_kosmos_entities_v0_1.csv,2026-08-14,Codex-assisted normalization of user research
kingdom-indo-greek-late,kingdom-indo-greek-late,polity,aggregate_polities,aggregate_regional_monarchies,kingdom,Ύστερα Ινδοελληνικά Βασίλεια,Late Indo-Greek Kingdoms,,"Συμβατική συγκεντρωτική εγγραφή για πολλά παράλληλα και ανταγωνιστικά βασίλεια, γνωστά κυρίως από νομίσματα· δεν πρέπει να ερμηνευθεί ως ενιαίο κράτος.","Conventional collective record for several parallel and competing kingdoms, known mainly from coins; not to be interpreted as a single state.",,,,region-gandara-paropamisades-kai-pantzamp,disputed,high,medium,needs_review,machine_assisted_reviewed,1.0.0,archaios_ellinikos_kosmos_entities_v0_1.csv,2026-08-14,Codex-assisted normalization of user research
kingdom-indo-greek-menandrid,kingdom-indo-greek-menandrid,polity,dynastic_phase,indo_greek_dynastic_phase,kingdom,Ινδοελληνικό Βασίλειο του Μενάνδρου,Indo-Greek Kingdom — Menander Phase,,Ο Μένανδρος Α΄ ήταν ο σημαντικότερος ινδοέλληνας ηγεμόνας και είναι γνωστός από άφθονη δίγλωσση νομισματοκοπία και ινδική λογοτεχνική παράδοση.,Menander I was the most important Indo-Greek ruler and is known from abundant bilingual coinage and Indian literary tradition.,,,,region-gandara-kai-pantzamp,approximate,high,high,reviewed,machine_assisted_reviewed,1.0.0,archaios_ellinikos_kosmos_entities_v0_1.csv,2026-08-14,Codex-assisted normalization of user research
kingdom-iolcos-palatial,kingdom-iolcos-palatial,polity,palatial_state,mycenaean_palatial_polity,kingdom,Ανακτορικό κράτος της Ιωλκού,Iolcos Palatial State,Ἰωλκός,"Το ανάκτορο στο Διμήνι είναι το μοναδικό γνωστό μυκηναϊκό ανακτορικό κέντρο της Θεσσαλίας και συνδέεται πιθανώς, όχι απολύτως, με την Ιωλκό.","The palace at Dimini is the only known Mycenaean palatial centre in Thessaly and is probably, though not conclusively, associated with Iolcos.",,,,region-thessalia,broad_range,high,high,reviewed,machine_assisted_reviewed,1.0.0,archaios_ellinikos_kosmos_entities_v0_1.csv,2026-08-14,Codex-assisted normalization of user research
kingdom-knossos-mycenaean,kingdom-knossos-mycenaean,polity,palatial_state,mycenaean_palatial_polity,kingdom,Μυκηναϊκή ανακτορική φάση της Κνωσού,Mycenaean Knossos Palatial State,Κνωσός (Γραμμική Β: ko-no-so),Η χρήση της ελληνικής Γραμμικής Β δείχνει μυκηναϊκή διοίκηση στην Κνωσό μετά περίπου το 1450 π.Χ.· η τελική χρονολόγηση του αρχείου παραμένει συζητήσιμη.,The use of Greek Linear B indicates Mycenaean administration at Knossos after about 1450 BCE; the final dating of the archive remains disputed.,,,,region-krete,approximate,high,high,reviewed,machine_assisted_reviewed,1.0.0,archaios_ellinikos_kosmos_entities_v0_1.csv,2026-08-14,Codex-assisted normalization of user research
kingdom-lysimachid,kingdom-lysimachid,polity,kingdom,successor_kingdom,kingdom,Βασίλειο του Λυσιμάχου,Lysimachid Kingdom,Βασιλεία Λυσιμάχου,"Το βασίλειο του Διαδόχου Λυσιμάχου περιέλαβε τη Θράκη, τμήματα της Μικράς Ασίας και για λίγο τη Μακεδονία, πριν καταρρεύσει μετά το Κουροπέδιο.","The kingdom of the Successor Lysimachus included Thrace, parts of Asia Minor and briefly Macedonia before collapsing after the battle of Corupedium.",,,,region-thrake-kai-dytike-mikra-asia,exact,high,high,reviewed,machine_assisted_reviewed,1.0.0,archaios_ellinikos_kosmos_entities_v0_1.csv,2026-08-14,Codex-assisted normalization of user research
kingdom-macedon-antigonid,kingdom-macedon-antigonid,polity,kingdom,successor_kingdom,kingdom,Βασίλειο της Μακεδονίας των Αντιγονιδών,Antigonid Kingdom of Macedon,Μακεδονία,Σταθεροποιήθηκε με τον Αντίγονο Β΄ Γονατά και έληξε με την ήττα του Περσέα στην Πύδνα και την κατάλυση της μοναρχίας από τη Ρώμη.,It was stabilized with Antigonus II Gonatas and ended with the defeat of Perseus at Pydna and the overthrow of the monarchy by Rome.,,,,region-makedonia,approximate,high,high,reviewed,machine_assisted_reviewed,1.0.0,archaios_ellinikos_kosmos_entities_v0_1.csv,2026-08-14,Codex-assisted normalization of user research
kingdom-macedon-argead,kingdom-macedon-argead,polity,kingdom,archaic_classical_dynastic_monarchy,kingdom,Βασίλειο της Μακεδονίας των Αργεαδών,Argead Kingdom of Macedon,Μακεδονία / Μακεδόνων βασιλεία,"Η δυναστεία ενοποίησε σταδιακά τη Μακεδονία· οι Αιγές ήταν η πρώτη πρωτεύουσα και δυναστικό κέντρο, ενώ η αυλή μεταφέρθηκε αργότερα στην Πέλλα.","The dynasty gradually unified Macedonia; Aigai was its first capital and dynastic centre, while the court later moved to Pella.",,,,region-makedonia,approximate,high,high,reviewed,machine_assisted_reviewed,1.0.0,archaios_ellinikos_kosmos_entities_v0_1.csv,2026-08-14,Codex-assisted normalization of user research
kingdom-macedon-kassandrid,kingdom-macedon-kassandrid,polity,kingdom,successor_kingdom,kingdom,Βασίλειο της Μακεδονίας των Κασσανδριδών,Kassandrid Kingdom of Macedon,Μακεδονία,Ο Κάσσανδρος έλαβε τον βασιλικό τίτλο το 305 π.Χ.· η δυναστική φάση έληξε όταν ο Δημήτριος Πολιορκητής κατέλαβε τη Μακεδονία.,Cassander received the royal title in 305 BC; the dynastic phase ended when Demetrius Poliorketis conquered Macedonia.,,,,region-makedonia,exact,high,high,reviewed,machine_assisted_reviewed,1.0.0,archaios_ellinikos_kosmos_entities_v0_1.csv,2026-08-14,Codex-assisted normalization of user research
kingdom-mycenae-palatial,kingdom-mycenae-palatial,polity,palatial_state,mycenaean_palatial_polity,kingdom,Ανακτορικό κράτος των Μυκηνών,Mycenae Palatial State,Μυκῆναι,Κεντρικό ανακτορικό και διοικητικό κέντρο της Ύστερης Εποχής του Χαλκού. Ο όρος κράτος είναι αρχαιολογικό μοντέλο και όχι σωζόμενο επίσημο όνομα.,Central palatial and administrative center of the Late Bronze Age. The term state is an archaeological model and not a surviving official name.,,,,region-argolida,broad_range,high,high,reviewed,machine_assisted_reviewed,1.0.0,archaios_ellinikos_kosmos_entities_v0_1.csv,2026-08-14,Codex-assisted normalization of user research
kingdom-orchomenos-palatial,kingdom-orchomenos-palatial,polity,palatial_state,mycenaean_palatial_polity,kingdom,Ανακτορικό κράτος του Ορχομενού,Orchomenos Palatial State,Ὀρχομενός,Πλούσιο μυκηναϊκό κέντρο της Κωπαΐδας με ανάκτορο και μνημειακό θολωτό τάφο· η σχέση του με τα έργα αποξήρανσης και τη Θήβα είναι αντικείμενο έρευνας.,Rich Mycenaean center of Kopaida with a palace and monumental vaulted tomb; its relationship to the drainage works and Thebes is under investigation.,,,,region-boiotia,broad_range,high,high,reviewed,machine_assisted_reviewed,1.0.0,archaios_ellinikos_kosmos_entities_v0_1.csv,2026-08-14,Codex-assisted normalization of user research
kingdom-paphos-cyprus,kingdom-paphos-cyprus,polity,city_kingdom,cypriot_city_kingdom,kingdom,Πόλη-βασίλειο της Πάφου,City-Kingdom of Paphos,Πάφος,Αυτόνομο κυπριακό μικροκράτος με κέντρο την Παλαίπαφο και το ιερό της Αφροδίτης· η πρώιμη χρονολογία είναι συμβατική και αρχαιολογικά ευρεία.,Autonomous Cypriot microstate centered on Palaipafos and the sanctuary of Aphrodite; the early date is conventional and archaeologically broad.,,,,region-kypros,broad_range,high,high,reviewed,machine_assisted_reviewed,1.0.0,archaios_ellinikos_kosmos_entities_v0_1.csv,2026-08-14,Codex-assisted normalization of user research
kingdom-pontus-mithridatid,kingdom-pontus-mithridatid,polity,kingdom,hellenistic_dynastic_kingdom,kingdom,Βασίλειο του Πόντου,Kingdom of Pontus,Βασιλεία τοῦ Πόντου,"Ελληνοϊρανική μοναρχία της νότιας Μαύρης Θάλασσας, με ιδιαίτερη ακμή υπό τον Μιθριδάτη ΣΤ΄· η Σινώπη έγινε βασιλική πρωτεύουσα μετά την κατάκτησή της.","Greco-Iranian monarchy of the southern Black Sea, particularly flourishing under Mithridates VI; Sinope became the royal capital after its conquest.",,,,region-pontos,approximate,high,high,reviewed,machine_assisted_reviewed,1.0.0,archaios_ellinikos_kosmos_entities_v0_1.csv,2026-08-14,Codex-assisted normalization of user research
kingdom-ptolemaic-egypt,kingdom-ptolemaic-egypt,polity,kingdom,hellenistic_dynastic_kingdom,kingdom,Πτολεμαϊκό Βασίλειο της Αιγύπτου,Ptolemaic Kingdom of Egypt,Βασιλεία τῶν Πτολεμαίων,"Ελληνιστική μακεδονική δυναστεία που κυβέρνησε την Αίγυπτο ως φαραωνική και μεσογειακή μοναρχία, με πρωτεύουσα την Αλεξάνδρεια, έως την Κλεοπάτρα Ζ΄.","Hellenistic Macedonian dynasty that ruled Egypt as a pharaonic and Mediterranean monarchy, with Alexandria as its capital, until Cleopatra VII.",,,,region-aigyptos-kai-anatolike-mesogeios,exact,high,high,reviewed,machine_assisted_reviewed,1.0.0,archaios_ellinikos_kosmos_entities_v0_1.csv,2026-08-14,Codex-assisted normalization of user research
kingdom-pylos-palatial,kingdom-pylos-palatial,polity,palatial_state,mycenaean_palatial_polity,kingdom,Ανακτορικό κράτος της Πύλου,Pylos Palatial State,Πύλος,Το αρχείο της Γραμμικής Β τεκμηριώνει συγκεντρωτική ανακτορική διοίκηση στη δυτική Μεσσηνία πριν από την καταστροφή του ανακτόρου.,The Linear B archive documents centralized palatial administration in western Messenia before the palace was destroyed.,,,,region-messenia,broad_range,high,high,reviewed,machine_assisted_reviewed,1.0.0,archaios_ellinikos_kosmos_entities_v0_1.csv,2026-08-14,Codex-assisted normalization of user research
kingdom-salamis-cyprus,kingdom-salamis-cyprus,polity,city_kingdom,cypriot_city_kingdom,kingdom,Πόλη-βασίλειο της Σαλαμίνας Κύπρου,"City-Kingdom of Salamis, Cyprus",Σαλαμίς,Μία από τις ισχυρότερες κυπριακές πόλεις-βασίλεια. Η έναρξη είναι ευρεία αρχαιολογική προσέγγιση και η μοναρχία καταργήθηκε με την πτολεμαϊκή ενοποίηση της Κύπρου.,One of the strongest Cypriot city-kingdoms. The beginning is a broad archaeological approach and the monarchy was abolished with the Ptolemaic unification of Cyprus.,,,,region-kypros,broad_range,high,high,reviewed,machine_assisted_reviewed,1.0.0,archaios_ellinikos_kosmos_entities_v0_1.csv,2026-08-14,Codex-assisted normalization of user research
kingdom-seleucid,kingdom-seleucid,polity,kingdom,hellenistic_dynastic_kingdom,kingdom,Σελευκιδικό Βασίλειο,Seleucid Empire,Βασιλεία τῶν Σελευκιδῶν,"Το μεγαλύτερο ανατολικό κράτος των Διαδόχων, με δύο κύρια διοικητικά κέντρα, την Αντιόχεια και τη Σελεύκεια στον Τίγρη· η αρχή τοποθετείται στην ανάκτηση της Βαβυλώνας από τον Σέλευκο.","The largest eastern state of the Successors, with two main administrative centers, Antioch and Seleucia on the Tigris; the beginning is placed in the recovery of Babylon from Seleucus.",,,,region-syria-mesopotamia-kai-asia,approximate,high,high,reviewed,machine_assisted_reviewed,1.0.0,archaios_ellinikos_kosmos_entities_v0_1.csv,2026-08-14,Codex-assisted normalization of user research
kingdom-syracuse-agathocles,kingdom-syracuse-agathocles,polity,kingdom,sicilian_greek_kingship,kingdom,Βασίλειο των Συρακουσών του Αγαθοκλή,Kingdom of Syracuse under Agathocles,Συράκουσαι,"Ο Αγαθοκλής, ήδη τύραννος των Συρακουσών, υιοθέτησε τον βασιλικό τίτλο στο πλαίσιο των ελληνιστικών μοναρχιών και κυβέρνησε μεγάλο μέρος της ελληνικής Σικελίας.","Agathocles, already tyrant of Syracuse, adopted the royal title in the context of Hellenistic monarchies and ruled a large part of Greek Sicily.",,,,region-sikelia,exact,high,high,reviewed,machine_assisted_reviewed,1.0.0,archaios_ellinikos_kosmos_entities_v0_1.csv,2026-08-14,Codex-assisted normalization of user research
kingdom-syracuse-hieron-ii,kingdom-syracuse-hieron-ii,polity,kingdom,sicilian_greek_kingship,kingdom,Βασίλειο των Συρακουσών του Ιέρωνα Β΄,Kingdom of Syracuse under Hieron II,Συράκουσαι,Ο Ιέρων Β΄ εγκαθίδρυσε μακρόβια μοναρχία στις Συρακούσες και διατήρησε συμμαχία με τη Ρώμη· μετά τον θάνατό του ακολούθησε σύντομη κρίση και ρωμαϊκή κατάκτηση.,Hiero II established a long-lived monarchy in Syracuse and maintained an alliance with Rome; his death was followed by a brief crisis and Roman conquest.,,,,region-sikelia,approximate,high,high,reviewed,machine_assisted_reviewed,1.0.0,archaios_ellinikos_kosmos_entities_v0_1.csv,2026-08-14,Codex-assisted normalization of user research
kingdom-thebes-palatial,kingdom-thebes-palatial,polity,palatial_state,mycenaean_palatial_polity,kingdom,Ανακτορικό κράτος της Θήβας,Thebes Palatial State,Θῆβαι,"Το Καδμείο ήταν ανακτορικό, διοικητικό και εργαστηριακό κέντρο με πινακίδες Γραμμικής Β· η ακριβής επικράτειά του παραμένει υπό συζήτηση.","The Kadmeion was a palatial, administrative and workshop centre with Linear B tablets; the precise extent of its territory remains debated.",,,,region-boiotia,broad_range,high,high,reviewed,machine_assisted_reviewed,1.0.0,archaios_ellinikos_kosmos_entities_v0_1.csv,2026-08-14,Codex-assisted normalization of user research
kingdom-tiryns-palatial,kingdom-tiryns-palatial,polity,palatial_state,mycenaean_palatial_polity,kingdom,Ανακτορικό κράτος της Τίρυνθας,Tiryns Palatial State,Τίρυνς,"Ισχυρό οχυρωμένο ανακτορικό κέντρο της Αργολίδας, με ακμή κυρίως τον 14ο και 13ο αιώνα π.Χ. και συνέχιση κατοίκησης μετά την ανακτορική κατάρρευση.","Strong fortified palatial center of Argolis, with its heyday mainly in the 14th and 13th centuries BC. and continued habitation after the palatial collapse.",,,,region-argolida,broad_range,high,high,reviewed,machine_assisted_reviewed,1.0.0,archaios_ellinikos_kosmos_entities_v0_1.csv,2026-08-14,Codex-assisted normalization of user research
sanctuary-aegina-aphaia-sanctuary,sanctuary-aegina-aphaia-sanctuary,sanctuary,cult_place,rural,sanctuary,Ιερό της Αφαίας στην Αίγινα,Sanctuary of Aphaia on Aegina,Ἀφαίας ἱερόν,Κορυφαίο ιερό τοπικής θεότητας με μυκηναϊκές απαρχές και καλοδιατηρημένο δωρικό ναό των αρχών του 5ου αιώνα π.Χ.,A leading sanctuary of a local deity with Mycenaean beginnings and a well-preserved Doric temple from the early 5th century BC.,,rural,,region-aigina,approximate,high,high,reviewed,machine_assisted_reviewed,1.0.0,archaios_ellinikos_kosmos_entities_v0_1.csv,2026-08-14,Codex-assisted normalization of user research
sanctuary-akragas-concordia-temple-sanctuary,sanctuary-akragas-concordia-temple-sanctuary,sanctuary,cult_place,urban,sanctuary,Ναός της Ομόνοιας στον Ακράγαντα,Temple of Concordia at Akragas,,Εξαιρετικά διατηρημένος δωρικός ναός στην ιερή ζώνη του Ακράγαντα· η συμβατική ονομασία «Ομόνοια» δεν αποδίδει βέβαιη αρχαία θεότητα.,An exceptionally well-preserved Doric temple in the sacred zone of Akragas; the conventional name ‘Concordia’ does not identify its ancient deity with certainty.,,urban,,region-sikelia,approximate,medium,medium,needs_review,machine_assisted_reviewed,1.0.0,archaios_ellinikos_kosmos_entities_v0_1.csv,2026-08-14,Codex-assisted normalization of user research
sanctuary-alexandria-serapeum,sanctuary-alexandria-serapeum,sanctuary,cult_place,urban,sanctuary,Σεραπείο Αλεξάνδρειας,Serapeum of Alexandria,Σαραπεῖον,"Μεγάλο πτολεμαϊκό και ρωμαϊκό ιερό του συγκρητικού θεού Σάραπι, καταστραμμένο στο πλαίσιο των θρησκευτικών συγκρούσεων του 391 μ.Χ.","A major Ptolemaic and Roman sanctuary of the syncretic god Sarapis, destroyed amid the religious conflicts of 391 CE.",,urban,,region-aigyptos,approximate,high,high,reviewed,machine_assisted_reviewed,1.0.0,archaios_ellinikos_kosmos_entities_v0_1.csv,2026-08-14,Codex-assisted normalization of user research
sanctuary-amyklaion-apollo-sanctuary,sanctuary-amyklaion-apollo-sanctuary,sanctuary,cult_place,rural,sanctuary,Αμυκλαίο,Amyklaion Sanctuary of Apollo,Ἀμύκλαι,Λακωνικό ιερό με κολοσσιαίο ξόανο του Απόλλωνα και τον περίτεχνο Θρόνο των Αμυκλών γύρω από τον τάφο του Υακίνθου.,A Laconian sanctuary with a colossal xoanon of Apollo and the elaborate Throne of Apollo at Amyclae surrounding the tomb of Hyakinthos.,,rural,,region-lakonia,approximate,high,high,reviewed,machine_assisted_reviewed,1.0.0,archaios_ellinikos_kosmos_entities_v0_1.csv,2026-08-14,Codex-assisted normalization of user research
sanctuary-aphrodisias-aphrodite-sanctuary,sanctuary-aphrodisias-aphrodite-sanctuary,sanctuary,cult_place,urban,sanctuary,Ιερό της Αφροδίτης στην Αφροδισιάδα,Sanctuary of Aphrodite at Aphrodisias,Ἀφροδίτης ἱερόν,"Η καρδιά της πόλης, με ελληνιστικό-ρωμαϊκό ιωνικό ναό και ιδιαίτερο λατρευτικό άγαλμα, μετατράπηκε σε εκκλησία γύρω στο 500 μ.Χ.","The heart of the city, with a Hellenistic-Roman Ionic temple and a special cult statue, was turned into a church around 500 AD.",,urban,,region-karia,approximate,high,high,reviewed,machine_assisted_reviewed,1.0.0,archaios_ellinikos_kosmos_entities_v0_1.csv,2026-08-14,Codex-assisted normalization of user research
sanctuary-apollonia-pontica-apollo-ietros-sanctuary,sanctuary-apollonia-pontica-apollo-ietros-sanctuary,sanctuary,cult_place,urban,sanctuary,Ιερό του Απόλλωνα Ιητρού στην Απολλωνία Ποντική,Sanctuary of Apollo Ietros at Apollonia Pontica,Ἀπόλλων Ἰητρός,"Κύρια πολιτειακή λατρεία της αποικίας, συνδεδεμένη με κολοσσιαίο χάλκινο άγαλμα· η ακριβής θέση του ναού στο νησί παραμένει υπό συζήτηση.","Main state cult of the colony, associated with a colossal bronze statue; the temple's exact location on the island remains debated.",,urban,,region-thrake,approximate,medium,medium,needs_review,machine_assisted_reviewed,1.0.0,archaios_ellinikos_kosmos_entities_v0_1.csv,2026-08-14,Codex-assisted normalization of user research
sanctuary-argive-heraion,sanctuary-argive-heraion,sanctuary,cult_place,rural,sanctuary,Αργείο Ηραίο,Argive Heraion,Ἡραῖον τὸ Ἀργεῖον,"Μείζον εξωαστικό ιερό της Ήρας για το Άργος και την Αργολίδα, με άνδηρα, ναούς, στοές και πλούσιες αναθήσεις.","A major extra-urban sanctuary of Hera serving Argos and Argolis, with terraces, temples, stoas and rich dedications.",,rural,,region-argolida,approximate,high,high,reviewed,machine_assisted_reviewed,1.0.0,archaios_ellinikos_kosmos_entities_v0_1.csv,2026-08-14,Codex-assisted normalization of user research
sanctuary-athens-acropolis-sacred-center,sanctuary-athens-acropolis-sacred-center,sanctuary,cult_place,urban,sanctuary,Ιερό κέντρο της Ακρόπολης Αθηνών,Sacred Center of the Athenian Acropolis,Ἀκρόπολις Ἀθηνῶν,"Οχυρός βράχος που εξελίχθηκε σε κύριο ιερό κέντρο της Αθήνας, με Παρθενώνα, Ερέχθειο, Προπύλαια και πολλαπλά τεμένη.","A fortified rock that became Athens’ principal sacred centre, with the Parthenon, Erechtheion, Propylaia and multiple sacred precincts.",,urban,,region-attike,approximate,high,high,reviewed,machine_assisted_reviewed,1.0.0,archaios_ellinikos_kosmos_entities_v0_1.csv,2026-08-14,Codex-assisted normalization of user research
sanctuary-bassae-apollo-epikourios,sanctuary-bassae-apollo-epikourios,sanctuary,cult_place,rural,sanctuary,Ναός Επικουρίου Απόλλωνα στις Βάσσες,Temple of Apollo Epikourios at Bassae,Βάσσαι,"Ορεινό ιερό των Φιγαλείων με τον περίφημο ναό του 5ου αιώνα π.Χ., που συνδυάζει δωρικά, ιωνικά και κορινθιακά στοιχεία.","A mountain sanctuary of the Phigaleians with the celebrated fifth-century BCE temple combining Doric, Ionic and Corinthian elements.",,rural,,region-arkadia,approximate,high,high,reviewed,machine_assisted_reviewed,1.0.0,archaios_ellinikos_kosmos_entities_v0_1.csv,2026-08-14,Codex-assisted normalization of user research
sanctuary-brauron-artemis-sanctuary,sanctuary-brauron-artemis-sanctuary,sanctuary,cult_place,rural,sanctuary,Ιερό της Αρτέμιδος στη Βραυρώνα,Sanctuary of Artemis at Brauron,Βραυρών,"Ιερό συνδεδεμένο με τη μετάβαση των κοριτσιών στην ενηλικίωση, γνωστό για τη στοά, τον ναό και τις τελετές των άρκτων. Η έναρξη εδώ αφορά την οργανωμένη λατρεία μετά το κενό που ακολούθησε την Εποχή του Χαλκού.","Sanctuary associated with the transition of girls to adulthood, known for its portico, temple and bear ceremonies. The beginning here concerns organized worship after the gap that followed the Bronze Age.",,rural,,region-attike,approximate,high,high,reviewed,machine_assisted_reviewed,1.0.0,archaios_ellinikos_kosmos_entities_v0_1.csv,2026-08-14,Codex-assisted normalization of user research
sanctuary-chersonesos-parthenos-sanctuary,sanctuary-chersonesos-parthenos-sanctuary,sanctuary,cult_place,urban,sanctuary,Ιερό της Παρθένου στη Χερσόνησο,Sanctuary of Parthenos at Tauric Chersonesos,Παρθένου ἱερόν,"Κεντρική πολιούχος λατρεία της Ταυρικής Χερσονήσου· το ιερό τοποθετείται στην ακρόπολη, αλλά το ακριβές περίγραμμα δεν έχει αποκατασταθεί με βεβαιότητα.","Central patron cult of the Tauric Peninsula; the sanctuary is placed on the acropolis, but the exact outline has not been established with certainty.",,urban,,region-tayrike,approximate,medium,medium,needs_review,machine_assisted_reviewed,1.0.0,archaios_ellinikos_kosmos_entities_v0_1.csv,2026-08-14,Codex-assisted normalization of user research
sanctuary-claros-apollo-oracle,sanctuary-claros-apollo-oracle,sanctuary,oracle,oracle,sanctuary,Μαντείο του Απόλλωνα στην Κλάρο,Oracle of Apollo at Claros,Κλάρος,"Μαντικό ιερό υπό τον έλεγχο της Κολοφώνας, με υπόγειο χρησμοδοτικό χώρο και μακρά δράση έως την ύστερη αρχαιότητα.","An oracular sanctuary controlled by Colophon, with a subterranean chamber for consultation and a long history extending into Late Antiquity.",,,oracle,region-ionia,approximate,high,high,reviewed,machine_assisted_reviewed,1.0.0,archaios_ellinikos_kosmos_entities_v0_1.csv,2026-08-14,Codex-assisted normalization of user research
sanctuary-crete-idaion-antron,sanctuary-crete-idaion-antron,sanctuary,cave_sanctuary,cave,sanctuary,Ιδαίο Άντρο,Idaean Cave Sanctuary,Ἰδαῖον Ἄντρον,Ιερό σπήλαιο του Ψηλορείτη με λατρευτική χρήση από τη μινωική εποχή έως τους ρωμαϊκούς χρόνους και παράδοση ανατροφής του Δία.,Sacred cave of Psiloritis with cult use from the Minoan era to Roman times and a tradition of raising Zeus.,,cave,,region-krete,approximate,high,high,reviewed,machine_assisted_reviewed,1.0.0,archaios_ellinikos_kosmos_entities_v0_1.csv,2026-08-14,Codex-assisted normalization of user research
sanctuary-crete-iuktas-peak-sanctuary,sanctuary-crete-iuktas-peak-sanctuary,sanctuary,peak_sanctuary,peak,sanctuary,Ιερό κορυφής Γιούχτα,Iuktas Peak Sanctuary,Ἰυκτός,Μινωικό ιερό κορυφής που εξυπηρετούσε την περιοχή της Κνωσού και χρησιμοποιήθηκε σε όλη σχεδόν την Εποχή του Χαλκού.,Minoan summit sanctuary that served the Knossos area and was used throughout almost the entire Bronze Age.,,peak,,region-krete,approximate,high,high,reviewed,machine_assisted_reviewed,1.0.0,archaios_ellinikos_kosmos_entities_v0_1.csv,2026-08-14,Codex-assisted normalization of user research
sanctuary-croton-hera-lacinia-sanctuary,sanctuary-croton-hera-lacinia-sanctuary,sanctuary,cult_place,federal,sanctuary,Ιερό της Ήρας Λακινίας,Sanctuary of Hera Lacinia,Ἡραῖον Λακίνιον,"Μεγάλο παράκτιο ιερό της επικράτειας του Κρότωνα και σημείο αναφοράς των Ιταλιωτών, σήμερα γνωστό από τη μοναδική όρθια κολόνα του ναού.","Great coastal sanctuary of the territory of Croton and reference point of the Italians, known today by the unique standing pillar of the temple.",federal,,,region-brettia,approximate,high,high,reviewed,machine_assisted_reviewed,1.0.0,archaios_ellinikos_kosmos_entities_v0_1.csv,2026-08-14,Codex-assisted normalization of user research
sanctuary-cyrene-apollo-sanctuary,sanctuary-cyrene-apollo-sanctuary,sanctuary,cult_place,urban,sanctuary,Ιερό του Απόλλωνα στην Κυρήνη,Sanctuary of Apollo at Cyrene,Ἀπόλλωνος Καρνείου ἱερόν,"Το αρχαιότερο μεγάλο ιερό της Κυρήνης σε κοιλάδα με πηγή, ναούς, βωμούς και κτίρια που αναπτύχθηκαν από την αρχαϊκή έως τη ρωμαϊκή εποχή.","The oldest large sanctuary of Cyrene in a valley with a spring, temples, altars and buildings developed from the Archaic to the Roman era.",,urban,,region-kyrenaike,approximate,high,high,reviewed,machine_assisted_reviewed,1.0.0,archaios_ellinikos_kosmos_entities_v0_1.csv,2026-08-14,Codex-assisted normalization of user research
sanctuary-cyrene-zeus-sanctuary,sanctuary-cyrene-zeus-sanctuary,sanctuary,cult_place,urban,sanctuary,Ιερό του Διός στην Κυρήνη,Temple of Zeus at Cyrene,Διὸς ἱερόν,"Μνημειακός δωρικός ναός του Δία στην Κυρήνη, από τους μεγαλύτερους του ελληνικού κόσμου, με ελληνιστικές και ρωμαϊκές ανακατασκευές.","Monumental Doric temple of Zeus in Kyrenia, one of the largest in the Greek world, with Hellenistic and Roman reconstructions.",,urban,,region-kyrenaike,approximate,high,high,reviewed,machine_assisted_reviewed,1.0.0,archaios_ellinikos_kosmos_entities_v0_1.csv,2026-08-14,Codex-assisted normalization of user research
sanctuary-delos-apollo-sanctuary,sanctuary-delos-apollo-sanctuary,sanctuary,cult_place,panhellenic,sanctuary,Ιερό του Απόλλωνα στη Δήλο,Sanctuary of Apollo on Delos,Δῆλος,"Μεγάλο νησιωτικό ιερό στο μυθικό γενέθλιο τόπο του Απόλλωνα και της Αρτέμιδος, με ναούς, θησαυρούς και μνημειακή πομπική διαδρομή.","A major island sanctuary at the mythical birthplace of Apollo and Artemis, with temples, treasuries and a monumental processional way.",panhellenic,,,region-kyklades,approximate,high,high,reviewed,machine_assisted_reviewed,1.0.0,archaios_ellinikos_kosmos_entities_v0_1.csv,2026-08-14,Codex-assisted normalization of user research
sanctuary-delphi-apollo-sanctuary,sanctuary-delphi-apollo-sanctuary,sanctuary,oracle,panhellenic_oracle,sanctuary,Ιερό του Απόλλωνα στους Δελφούς,Sanctuary of Apollo at Delphi,Δελφοί,"Πανελλήνιο ιερό και μαντείο του Απόλλωνα, οργανωμένο γύρω από τον ναό, την Κασταλία και τους θησαυρούς των πόλεων.","Panhellenic sanctuary and oracle of Apollo, organized around the temple, Castalia and the treasures of the cities.",panhellenic,,oracle,region-phokida,approximate,high,high,reviewed,machine_assisted_reviewed,1.0.0,archaios_ellinikos_kosmos_entities_v0_1.csv,2026-08-14,Codex-assisted normalization of user research
sanctuary-delphi-athena-pronaia-sanctuary,sanctuary-delphi-athena-pronaia-sanctuary,sanctuary,cult_place,rural,sanctuary,Ιερό της Αθηνάς Προναίας στους Δελφούς,Sanctuary of Athena Pronaia at Delphi,Ἀθηνᾶ Προναία,"Ξεχωριστό τέμενος νοτιοανατολικά του ιερού του Απόλλωνα, με διαδοχικούς ναούς, θησαυρούς και τη γνωστή θόλο.","A separate sacred precinct southeast of Apollo’s sanctuary, with successive temples, treasuries and the celebrated Tholos.",,rural,,region-phokida,approximate,high,high,reviewed,machine_assisted_reviewed,1.0.0,archaios_ellinikos_kosmos_entities_v0_1.csv,2026-08-14,Codex-assisted normalization of user research
sanctuary-despotiko-apollo-sanctuary,sanctuary-despotiko-apollo-sanctuary,sanctuary,cult_place,rural,sanctuary,Ιερό του Απόλλωνα στο Δεσποτικό,Sanctuary of Apollo at Despotiko,,"Εκτεταμένο αρχαϊκό νησιωτικό ιερό με ναό, εστιατόρια και βοηθητικά κτίρια, που συνέχισε να χρησιμοποιείται έως τους ρωμαϊκούς χρόνους.","An extensive Archaic island sanctuary with a temple, dining halls and service buildings, used into the Roman period.",,rural,,region-kyklades,approximate,high,high,reviewed,machine_assisted_reviewed,1.0.0,archaios_ellinikos_kosmos_entities_v0_1.csv,2026-08-14,Codex-assisted normalization of user research
sanctuary-didyma-apollo-oracle,sanctuary-didyma-apollo-oracle,sanctuary,oracle,oracle,sanctuary,Μαντείο του Απόλλωνα στα Δίδυμα,Oracle of Apollo at Didyma,Δίδυμα,"Μεγάλο μαντείο της Μιλήτου, με ιερή πηγή και γιγαντιαίο ελληνιστικό ναό που έμεινε ημιτελής.","Great oracle of Miletus, with a holy spring and a gigantic Hellenistic temple that was left unfinished.",,,oracle,region-ionia,approximate,high,high,reviewed,machine_assisted_reviewed,1.0.0,archaios_ellinikos_kosmos_entities_v0_1.csv,2026-08-14,Codex-assisted normalization of user research
sanctuary-dodona-zeus-oracle,sanctuary-dodona-zeus-oracle,sanctuary,oracle,oracle,sanctuary,Μαντείο του Δία στη Δωδώνη,Oracle of Zeus at Dodona,Δωδώνη,Αρχαίο μαντείο όπου οι χρησμοί συνδέονταν με την ιερή δρυ και αργότερα με οργανωμένο συγκρότημα ναών και θεάτρου.,Ancient oracle where the oracles were connected to the sacred oak and later to an organized complex of temples and theater.,,,oracle,region-epeiros,approximate,high,high,reviewed,machine_assisted_reviewed,1.0.0,archaios_ellinikos_kosmos_entities_v0_1.csv,2026-08-14,Codex-assisted normalization of user research
sanctuary-eleusis-demeter-sanctuary,sanctuary-eleusis-demeter-sanctuary,sanctuary,mystery_sanctuary,mystery,sanctuary,Ιερό της Δήμητρας στην Ελευσίνα,Sanctuary of Demeter at Eleusis,Ἐλευσίς,"Κέντρο των Ελευσινίων Μυστηρίων, με το Τελεστήριο ως κύριο χώρο μύησης και μακραίωνη λατρευτική συνέχεια.","Centre of the Eleusinian Mysteries, with the Telesterion as the principal initiation hall and a long continuity of cult.",,,mystery,region-attike,approximate,high,high,reviewed,machine_assisted_reviewed,1.0.0,archaios_ellinikos_kosmos_entities_v0_1.csv,2026-08-14,Codex-assisted normalization of user research
sanctuary-ephesus-artemis-sanctuary,sanctuary-ephesus-artemis-sanctuary,sanctuary,cult_place,extraurban,sanctuary,Αρτεμίσιο Εφέσου,Artemision of Ephesus,Ἀρτεμίσιον Ἐφέσου,"Εξωαστικό ιερό της Εφέσιας Αρτέμιδος και ένα από τα Επτά Θαύματα, με διαδοχικούς μνημειακούς ιωνικούς ναούς.","The extra-urban sanctuary of Ephesian Artemis and one of the Seven Wonders, with successive monumental Ionic temples.",,extraurban,,region-ionia,approximate,high,high,reviewed,machine_assisted_reviewed,1.0.0,archaios_ellinikos_kosmos_entities_v0_1.csv,2026-08-14,Codex-assisted normalization of user research
sanctuary-epidauros-asklepios-sanctuary,sanctuary-epidauros-asklepios-sanctuary,sanctuary,healing_sanctuary,healing,sanctuary,Ασκληπιείο Επιδαύρου,Sanctuary of Asklepios at Epidauros,Ἀσκληπιεῖον Ἐπιδαύρου,"Μεγάλο θεραπευτικό ιερό με άβατο, θόλο, ναό, λουτρικές εγκαταστάσεις και θέατρο, προορισμό προσκυνητών από όλο τον ελληνικό κόσμο.","A major healing sanctuary with an abaton, Tholos, temple, bathing facilities and theatre, drawing pilgrims from across the Greek world.",,,healing,region-argolida,approximate,high,high,reviewed,machine_assisted_reviewed,1.0.0,archaios_ellinikos_kosmos_entities_v0_1.csv,2026-08-14,Codex-assisted normalization of user research
sanctuary-foce-del-sele-heraion,sanctuary-foce-del-sele-heraion,sanctuary,cult_place,rural,sanctuary,Ηραίο στις εκβολές του Σέλε,Heraion at Foce del Sele,Ἡραῖον Ποσειδωνίας,"Εξωαστικό ιερό της Ποσειδωνίας στις εκβολές του Σέλε, με μεγάλο αρχαϊκό ναό και αφηγηματικές μετόπες.","An extra-urban sanctuary of Poseidonia at the mouth of the Sele, with a large Archaic temple and narrative metopes.",,rural,,region-leykania,approximate,high,high,reviewed,machine_assisted_reviewed,1.0.0,archaios_ellinikos_kosmos_entities_v0_1.csv,2026-08-14,Codex-assisted normalization of user research
sanctuary-golgoi-aphrodite-sanctuary,sanctuary-golgoi-aphrodite-sanctuary,sanctuary,cult_place,urban,sanctuary,Ιερό της Αφροδίτης Γολγίας,Sanctuary of Aphrodite Golgia,Γόλγοι,"Σημαντικό κυπριακό ιερό της Αφροδίτης στην επικράτεια των Γόλγων, γνωστό από γλυπτά, επιγραφές και αναθήματα.","An important Cypriot sanctuary of Aphrodite in the territory of Golgoi, known from sculpture, inscriptions and votive offerings.",,urban,,region-kypros,approximate,medium,medium,needs_review,machine_assisted_reviewed,1.0.0,archaios_ellinikos_kosmos_entities_v0_1.csv,2026-08-14,Codex-assisted normalization of user research
sanctuary-gyroulas-demeter-sanctuary,sanctuary-gyroulas-demeter-sanctuary,sanctuary,cult_place,rural,sanctuary,Ιερό Δήμητρας και Απόλλωνα στον Γύρουλα,Sanctuary of Demeter and Apollo at Gyroulas,,"Αγροτικό ιερό με μαρμάρινο αρχαϊκό ναό, ιδιαίτερα σημαντικό για την πρώιμη ιωνική αρχιτεκτονική των Κυκλάδων.","Rural sanctuary with a marble archaic temple, particularly important for the early Ionic architecture of the Cyclades.",,rural,,region-kyklades,approximate,high,high,reviewed,machine_assisted_reviewed,1.0.0,archaios_ellinikos_kosmos_entities_v0_1.csv,2026-08-14,Codex-assisted normalization of user research
sanctuary-hierapolis-ploutonion,sanctuary-hierapolis-ploutonion,sanctuary,oracle,oracle,sanctuary,Πλουτώνιο Ιεράπολης,Ploutonion at Hierapolis,Πλουτώνιον,"Περιφραγμένο χθόνιο ιερό πάνω σε σπήλαιο που εκπέμπει διοξείδιο του άνθρακα, συνδεδεμένο με χρησμούς και τελετουργικές επιδείξεις.","Walled chthonic sanctuary atop a carbon dioxide-emitting cave, associated with oracles and ritual displays.",,,oracle,region-phrygia,approximate,high,high,reviewed,machine_assisted_reviewed,1.0.0,archaios_ellinikos_kosmos_entities_v0_1.csv,2026-08-14,Codex-assisted normalization of user research
sanctuary-histria-sacred-zone,sanctuary-histria-sacred-zone,sanctuary,cult_place,urban,sanctuary,Ιερή ζώνη της Ιστρίας,Sacred Zone of Histria,Ἰστρίη,Αστική ιερή ζώνη της μιλησιακής αποικίας με διαδοχικούς ναούς· το σημείο αντιστοιχεί προσεγγιστικά στο αρχαιολογικό σύνολο.,Urban sacred zone of the Milesian colony with successive temples; the site roughly corresponds to the archaeological assemblage.,,urban,,region-skythia-mikra,approximate,medium,medium,needs_review,machine_assisted_reviewed,1.0.0,archaios_ellinikos_kosmos_entities_v0_1.csv,2026-08-14,Codex-assisted normalization of user research
sanctuary-hyria-dionysos-sanctuary,sanctuary-hyria-dionysos-sanctuary,sanctuary,cult_place,rural,sanctuary,Ιερό του Διονύσου στα Ύρια Νάξου,Sanctuary of Dionysos at Hyria,Ὕρια,"Ιερό με τέσσερις διαδοχικές οικοδομικές φάσεις, σημαντικό για την εξέλιξη της νησιωτικής μνημειακής αρχιτεκτονικής.","Sanctuary with four successive building phases, important for the evolution of the island's monumental architecture.",,rural,,region-kyklades,approximate,high,high,reviewed,machine_assisted_reviewed,1.0.0,archaios_ellinikos_kosmos_entities_v0_1.csv,2026-08-14,Codex-assisted normalization of user research
sanctuary-isthmia-poseidon-sanctuary,sanctuary-isthmia-poseidon-sanctuary,sanctuary,cult_place,panhellenic,sanctuary,Ιερό του Ποσειδώνα στα Ίσθμια,Sanctuary of Poseidon at Isthmia,Ἴσθμια,"Πανελλήνιο ιερό στον Ισθμό της Κορίνθου και τόπος τέλεσης των Ισθμίων, με ναό, βωμούς, στάδιο και θέατρο.","A Panhellenic sanctuary on the Isthmus of Corinth and venue of the Isthmian Games, with a temple, altars, stadium and theatre.",panhellenic,,,region-korinthia,approximate,high,high,reviewed,machine_assisted_reviewed,1.0.0,archaios_ellinikos_kosmos_entities_v0_1.csv,2026-08-14,Codex-assisted normalization of user research
sanctuary-kalapodi-artemis-apollo-sanctuary,sanctuary-kalapodi-artemis-apollo-sanctuary,sanctuary,cult_place,rural,sanctuary,Ιερό Αρτέμιδος και Απόλλωνα στο Καλαπόδι,Sanctuary of Artemis and Apollo at Kalapodi,Ἄβαι,"Πολυστρωματικό ιερό κοντά στις αρχαίες Άβες, με εξαιρετικά μακρά ακολουθία λατρείας από τη μυκηναϊκή έως τη ρωμαϊκή εποχή.","A multi-layered sanctuary near ancient Abai, with an exceptionally long sequence of cult activity from the Mycenaean through the Roman period.",,rural,,region-phokida,approximate,high,high,reviewed,machine_assisted_reviewed,1.0.0,archaios_ellinikos_kosmos_entities_v0_1.csv,2026-08-14,Codex-assisted normalization of user research
sanctuary-kos-asklepieion,sanctuary-kos-asklepieion,sanctuary,healing_sanctuary,healing,sanctuary,Ασκληπιείο Κω,Asklepieion of Kos,Ἀσκληπιεῖον Κῷον,"Μεγάλο θεραπευτικό ιερό σε τρία άνδηρα, συνδεδεμένο με την ιατρική παράδοση της Κω και πανελλήνιες γιορτές.","A major healing sanctuary arranged on three terraces, associated with the medical tradition of Kos and Panhellenic festivals.",,,healing,region-dodekanesa,approximate,high,high,reviewed,machine_assisted_reviewed,1.0.0,archaios_ellinikos_kosmos_entities_v0_1.csv,2026-08-14,Codex-assisted normalization of user research
sanctuary-kourion-apollo-hylates-sanctuary,sanctuary-kourion-apollo-hylates-sanctuary,sanctuary,cult_place,rural,sanctuary,Ιερό του Απόλλωνα Υλάτη,Sanctuary of Apollo Hylates,Ἀπόλλων Ὑλάτης,"Μεγάλο κυπριακό ιερό βορειοδυτικά του Κουρίου, με αρχαϊκές απαρχές και μνημειακή ρωμαϊκή αναμόρφωση.","A major Cypriot sanctuary northwest of Kourion, with Archaic origins and a monumental Roman remodelling.",,rural,,region-kypros,approximate,high,high,reviewed,machine_assisted_reviewed,1.0.0,archaios_ellinikos_kosmos_entities_v0_1.csv,2026-08-14,Codex-assisted normalization of user research
sanctuary-labraunda-zeus-sanctuary,sanctuary-labraunda-zeus-sanctuary,sanctuary,cult_place,federal,sanctuary,Ιερό του Διός στα Λάβρανδα,Sanctuary of Zeus at Labraunda,Λάβρανδα,"Ορεινό καρικό ιερό με μνημειακές κλίμακες, ανδρώνες και ναό, ιδιαίτερα ανεπτυγμένο από τη δυναστεία των Εκατομνιδών.","A mountain sanctuary in Caria with monumental stairways, banqueting halls and a temple, developed especially under the Hecatomnid dynasty.",federal,,,region-karia,approximate,high,high,reviewed,machine_assisted_reviewed,1.0.0,archaios_ellinikos_kosmos_entities_v0_1.csv,2026-08-14,Codex-assisted normalization of user research
sanctuary-lagina-hekate-sanctuary,sanctuary-lagina-hekate-sanctuary,sanctuary,cult_place,extraurban,sanctuary,Εκάτειο Λαγίνων,Sanctuary of Hekate at Lagina,Ἑκάτειον,"Μνημειακό ιερό της Εκάτης, συνδεδεμένο με τη Στρατονίκεια μέσω ιεράς οδού και γνωστό για τη ζωφόρο του ύστερου 2ου αιώνα π.Χ.",A monumental sanctuary of Hecate connected to Stratonikeia by a sacred road and known for its late-second-century BCE frieze.,,extraurban,,region-karia,approximate,high,high,reviewed,machine_assisted_reviewed,1.0.0,archaios_ellinikos_kosmos_entities_v0_1.csv,2026-08-14,Codex-assisted normalization of user research
sanctuary-lemnos-kabeirion,sanctuary-lemnos-kabeirion,sanctuary,mystery_sanctuary,mystery,sanctuary,Καβείριο Λήμνου,Kabeirion of Lemnos,Καβείριον,"Μυστηριακό ιερό απέναντι από την Ηφαιστία, με τελεστήρια διαδοχικών περιόδων και λατρεία συνδεδεμένη με τους Καβείρους.","A mystery sanctuary opposite Hephaistia, with initiation halls of successive periods and a cult associated with the Kabeiroi.",,,mystery,region-boreio-aigaio,approximate,high,high,reviewed,machine_assisted_reviewed,1.0.0,archaios_ellinikos_kosmos_entities_v0_1.csv,2026-08-14,Codex-assisted normalization of user research
sanctuary-letoon-lycian-sanctuary,sanctuary-letoon-lycian-sanctuary,sanctuary,cult_place,federal,sanctuary,Λητώο της Λυκίας,Letoon Sanctuary,Λητῷον,"Ομοσπονδιακό ιερό των Λυκίων κοντά στην Ξάνθο, με τρεις κύριους ναούς, ιερή πηγή και επιγραφές σε πολλές γλώσσες.","Confederate Lycian sanctuary near Xanthos, with three main temples, holy spring and inscriptions in several languages.",federal,,,region-lykia,approximate,high,high,reviewed,machine_assisted_reviewed,1.0.0,archaios_ellinikos_kosmos_entities_v0_1.csv,2026-08-14,Codex-assisted normalization of user research
sanctuary-lindos-athena-sanctuary,sanctuary-lindos-athena-sanctuary,sanctuary,cult_place,urban,sanctuary,Ιερό της Αθηνάς Λινδίας,Sanctuary of Athena Lindia,Ἀθηνᾶ Λινδία,"Ιερό στην ακρόπολη της Λίνδου, με παλαιότερη λατρεία σε σπήλαιο και μνημειακή ελληνιστική διαμόρφωση με ναό, προπύλαια και στοές.","Sanctuary on the acropolis of Lindos, with earlier worship in a cave and a monumental Hellenistic configuration with a temple, propylaea and arcades.",,urban,,region-rodos,approximate,high,high,reviewed,machine_assisted_reviewed,1.0.0,archaios_ellinikos_kosmos_entities_v0_1.csv,2026-08-14,Codex-assisted normalization of user research
sanctuary-locri-mannella-persephone-sanctuary,sanctuary-locri-mannella-persephone-sanctuary,sanctuary,cult_place,rural,sanctuary,Ιερό της Περσεφόνης στη Mannella,Sanctuary of Persephone at Mannella,Περσεφόνειον,"Εξωαστικό ιερό των Λοκρών Επιζεφυρίων, διάσημο για τα ανάγλυφα pinakes και αναθήματα που συνδέονται με γάμο, μετάβαση και χθόνια λατρεία.","An extra-urban sanctuary of Locri Epizephyrii, famous for relief pinakes and offerings associated with marriage, transition and chthonic cult.",,rural,,region-brettia,approximate,high,high,reviewed,machine_assisted_reviewed,1.0.0,archaios_ellinikos_kosmos_entities_v0_1.csv,2026-08-14,Codex-assisted normalization of user research
sanctuary-magnesia-artemis-leukophryene,sanctuary-magnesia-artemis-leukophryene,sanctuary,cult_place,urban,sanctuary,Ιερό της Αρτέμιδος Λευκοφρυηνής,Sanctuary of Artemis Leukophryene,Ἀρτέμιδος Λευκοφρυηνῆς ἱερόν,"Κεντρικό ιερό της Μαγνησίας στον Μαίανδρο, με μνημειακό ψευδοδίπτερο ναό που αποδίδεται στον Ερμογένη.","The principal sanctuary of Magnesia on the Maeander, with a monumental pseudodipteral temple attributed to Hermogenes.",,urban,,region-ionia,approximate,medium,medium,needs_review,machine_assisted_reviewed,1.0.0,archaios_ellinikos_kosmos_entities_v0_1.csv,2026-08-14,Codex-assisted normalization of user research
sanctuary-menelaion-sparta,sanctuary-menelaion-sparta,sanctuary,hero_shrine,hero_cult,sanctuary,Μενελάειο,Menelaion Sanctuary,Μενελάειον,"Ηρωικό ιερό πάνω σε μυκηναϊκό συγκρότημα κοντά στις Θεράπνες, με λατρεία της Ελένης και του Μενελάου.","Heroic sanctuary on a Mycenaean complex near Therapnes, with cult of Helen and Menelaus.",,,hero_cult,region-lakonia,approximate,high,high,reviewed,machine_assisted_reviewed,1.0.0,archaios_ellinikos_kosmos_entities_v0_1.csv,2026-08-14,Codex-assisted normalization of user research
sanctuary-metapontum-tavole-palatine-heraion,sanctuary-metapontum-tavole-palatine-heraion,sanctuary,cult_place,rural,sanctuary,Ηραίο των Tavole Palatine,Hera Sanctuary at Tavole Palatine,Ἡραῖον Μεταποντίου,Εξωαστικό συνοριακό ιερό του Μεταποντίου με δωρικό ναό του 6ου αιώνα π.Χ. και δεκαπέντε σωζόμενες κολόνες.,An extra-urban boundary sanctuary of Metapontum with a sixth-century BCE Doric temple and fifteen surviving columns.,,rural,,region-leykania,approximate,high,high,reviewed,machine_assisted_reviewed,1.0.0,archaios_ellinikos_kosmos_entities_v0_1.csv,2026-08-14,Codex-assisted normalization of user research
sanctuary-mount-lykaion-zeus-sanctuary,sanctuary-mount-lykaion-zeus-sanctuary,sanctuary,peak_sanctuary,peak,sanctuary,Ιερό του Λυκαίου Διός,Sanctuary of Zeus on Mount Lykaion,Λύκαιον,"Υπαίθριο κορυφαίο ιερό με τέμενος, τέφρινο βωμό και αθλητικές εγκαταστάσεις χαμηλότερα στο όρος.","An open-air mountaintop sanctuary with a sacred precinct and ash altar, with athletic facilities lower on the mountain.",,peak,,region-arkadia,approximate,high,high,reviewed,machine_assisted_reviewed,1.0.0,archaios_ellinikos_kosmos_entities_v0_1.csv,2026-08-14,Codex-assisted normalization of user research
sanctuary-naukratis-hellenion,sanctuary-naukratis-hellenion,sanctuary,cult_place,federal,sanctuary,Ελλήνιο της Ναυκράτιδος,Hellenion at Naukratis,Ἑλλήνιον,"Κοινό τέμενος ελληνικών πόλεων στη Ναύκρατι· η γενική θέση είναι γνωστή από τις ανασκαφές, αλλά το σημείο αποδίδεται εδώ προσεγγιστικά.","A shared sacred precinct of Greek cities at Naukratis; excavations establish its general location, represented here by an approximate point.",federal,,,region-delta-neiloy,approximate,medium,medium,needs_review,machine_assisted_reviewed,1.0.0,archaios_ellinikos_kosmos_entities_v0_1.csv,2026-08-14,Codex-assisted normalization of user research
sanctuary-nemea-zeus-sanctuary,sanctuary-nemea-zeus-sanctuary,sanctuary,cult_place,panhellenic,sanctuary,Ιερό του Νεμείου Διός,Sanctuary of Nemean Zeus,Νεμέα,"Πανελλήνιο ιερό και έδρα των Νεμέων, με διαδοχικούς ναούς του Δία, βωμό, ξενώνες, λουτρό και στάδιο.","A Panhellenic sanctuary and venue of the Nemean Games, with successive temples of Zeus, an altar, guest houses, bath and stadium.",panhellenic,,,region-korinthia,approximate,high,high,reviewed,machine_assisted_reviewed,1.0.0,archaios_ellinikos_kosmos_entities_v0_1.csv,2026-08-14,Codex-assisted normalization of user research
sanctuary-olbia-apollo-delphinios-sanctuary,sanctuary-olbia-apollo-delphinios-sanctuary,sanctuary,cult_place,urban,sanctuary,Ιερό του Απόλλωνα Δελφινίου στην Ολβία,Sanctuary of Apollo Delphinios at Olbia Pontica,Ἀπόλλωνος Δελφινίου τέμενος,Κεντρικό τέμενος κοντά στην αγορά της Ολβίας με ναό και βωμούς· η συντεταγμένη είναι προσεγγιστική λόγω της πολυφασικής ανασκαφής.,"A central sacred precinct near the agora of Olbia, with a temple and altars; the coordinate is approximate because the excavated remains are multi-phase.",,urban,,region-skythia,approximate,medium,medium,needs_review,machine_assisted_reviewed,1.0.0,archaios_ellinikos_kosmos_entities_v0_1.csv,2026-08-14,Codex-assisted normalization of user research
sanctuary-olympia-zeus-sanctuary,sanctuary-olympia-zeus-sanctuary,sanctuary,cult_place,panhellenic,sanctuary,Ιερό του Δία στην Ολυμπία,Sanctuary of Zeus at Olympia,Ὀλυμπία,"Η Άλτις ήταν το πανελλήνιο τέμενος του Δία και ο πυρήνας των Ολυμπιακών Αγώνων, με ναούς, βωμούς και θησαυρούς.","The Altis was the Panhellenic sacred precinct of Zeus and the ritual core of the Olympic Games, with temples, altars and treasuries.",panhellenic,,,region-elida,approximate,high,high,reviewed,machine_assisted_reviewed,1.0.0,archaios_ellinikos_kosmos_entities_v0_1.csv,2026-08-14,Codex-assisted normalization of user research
sanctuary-oropos-amphiareion,sanctuary-oropos-amphiareion,sanctuary,healing_sanctuary,healing_oracle,sanctuary,Αμφιαράειο Ωρωπού,Amphiareion of Oropos,Ἀμφιαράειον,"Θεραπευτικό μαντείο του ήρωα Αμφιαράου, με ιερή πηγή, εγκοιμητήριο, ναό, στοά και θέατρο.","A healing oracle of the hero Amphiaraos, with a sacred spring, incubation hall, temple, stoa and theatre.",,,oracle|healing,region-oria-attikes-boiotias,approximate,high,high,reviewed,machine_assisted_reviewed,1.0.0,archaios_ellinikos_kosmos_entities_v0_1.csv,2026-08-14,Codex-assisted normalization of user research
sanctuary-palaepaphos-aphrodite-sanctuary,sanctuary-palaepaphos-aphrodite-sanctuary,sanctuary,cult_place,urban,sanctuary,Ιερό της Αφροδίτης στην Παλαίπαφο,Sanctuary of Aphrodite at Palaepaphos,Παλαίπαφος,"Κύριο παγκύπριο κέντρο της Αφροδίτης, με λατρεία ανεικονικού λίθου και συνεχή ακτινοβολία από την Ύστερη Εποχή του Χαλκού.","The principal pan-Cypriot centre of Aphrodite, with the cult of an aniconic stone and sustained influence from the Late Bronze Age.",,urban,,region-kypros,approximate,high,high,reviewed,machine_assisted_reviewed,1.0.0,archaios_ellinikos_kosmos_entities_v0_1.csv,2026-08-14,Codex-assisted normalization of user research
sanctuary-panionion-poseidon-sanctuary,sanctuary-panionion-poseidon-sanctuary,sanctuary,cult_place,federal,sanctuary,Πανιώνιο,Panionion Sanctuary,Πανιώνιον,Ομοσπονδιακό ιερό και τόπος συνελεύσεων του Κοινού των Ιώνων στη βόρεια πλαγιά της Μυκάλης.,A federal sanctuary and meeting place of the Ionian League on the northern slope of Mount Mycale.,federal,,,region-ionia,approximate,high,high,reviewed,machine_assisted_reviewed,1.0.0,archaios_ellinikos_kosmos_entities_v0_1.csv,2026-08-14,Codex-assisted normalization of user research
sanctuary-pantikapaion-apollo-ietros-sanctuary,sanctuary-pantikapaion-apollo-ietros-sanctuary,sanctuary,cult_place,urban,sanctuary,Ιερό του Απόλλωνα Ιητρού στο Παντικάπαιο,Sanctuary of Apollo Ietros at Pantikapaion,Ἀπόλλωνος Ἰητροῦ ἱερόν,Κύριο ιερό της μιλησιακής αποικίας στην ακρόπολη του όρους Μιθριδάτη· η θέση αποδίδεται προσεγγιστικά λόγω αποσπασματικής διατήρησης.,Main sanctuary of the Milesian colony on the acropolis of Mount Mithridates; the location is approximate due to fragmentary preservation.,,urban,,region-kimmerios-bosporos,approximate,medium,medium,needs_review,machine_assisted_reviewed,1.0.0,archaios_ellinikos_kosmos_entities_v0_1.csv,2026-08-14,Codex-assisted normalization of user research
sanctuary-perachora-heraion,sanctuary-perachora-heraion,sanctuary,cult_place,rural,sanctuary,Ηραίο Περαχώρας,Heraion of Perachora,Ἥρας Ἀκραίας ἱερόν,"Παράκτιο κορινθιακό ιερό με δύο κύριες λατρευτικές ενότητες, βωμούς, δεξαμενή και εκτεταμένα αναθήματα.","Coastal Corinthian sanctuary with two main worship sections, altars, cistern and extensive votive offerings.",,rural,,region-korinthia,approximate,high,high,reviewed,machine_assisted_reviewed,1.0.0,archaios_ellinikos_kosmos_entities_v0_1.csv,2026-08-14,Codex-assisted normalization of user research
sanctuary-pergamon-asklepieion,sanctuary-pergamon-asklepieion,sanctuary,healing_sanctuary,healing,sanctuary,Ασκληπιείο Περγάμου,Asklepieion of Pergamon,Ἀσκληπιεῖον Περγάμου,"Διεθνώς γνωστό θεραπευτικό ιερό νότια της ακρόπολης, με ιερά οδό, εγκοιμητήριο, πηγές, θέατρο και ρωμαϊκές αίθουσες θεραπείας.","An internationally renowned healing sanctuary south of the acropolis, with a Sacred Way, incubation hall, springs, theatre and Roman treatment rooms.",,,healing,region-mysia,approximate,high,high,reviewed,machine_assisted_reviewed,1.0.0,archaios_ellinikos_kosmos_entities_v0_1.csv,2026-08-14,Codex-assisted normalization of user research
sanctuary-priene-athena-polias-sanctuary,sanctuary-priene-athena-polias-sanctuary,sanctuary,cult_place,urban,sanctuary,Ιερό της Αθηνάς Πολιάδος στην Πριήνη,Sanctuary of Athena Polias at Priene,Ἀθηνᾶ Πολιάς,Κύριο αστικό ιερό της Πριήνης με ιωνικό ναό σχεδιασμένο από τον Πύθεο και αφιέρωση που συνδέθηκε με τον Μέγα Αλέξανδρο.,Priene's main urban sanctuary with an Ionic temple designed by Pytheos and a dedication associated with Alexander the Great.,,urban,,region-ionia,approximate,high,high,reviewed,machine_assisted_reviewed,1.0.0,archaios_ellinikos_kosmos_entities_v0_1.csv,2026-08-14,Codex-assisted normalization of user research
sanctuary-rhodes-zeus-atabyrios-sanctuary,sanctuary-rhodes-zeus-atabyrios-sanctuary,sanctuary,peak_sanctuary,peak,sanctuary,Ιερό του Αταβυρίου Διός,Sanctuary of Zeus Atabyrios,Ζεὺς Ἀταβύριος,"Κορυφαίο ιερό στο υψηλότερο όρος της Ρόδου, με πανοραμικό έλεγχο του νησιού και λατρεία του τοπικού Δία.","A mountaintop sanctuary on the highest peak of Rhodes, commanding wide views over the island and dedicated to its local Zeus.",,peak,,region-rodos,approximate,high,high,reviewed,machine_assisted_reviewed,1.0.0,archaios_ellinikos_kosmos_entities_v0_1.csv,2026-08-14,Codex-assisted normalization of user research
sanctuary-samos-heraion,sanctuary-samos-heraion,sanctuary,cult_place,extraurban,sanctuary,Ηραίο Σάμου,Heraion of Samos,Ἡραῖον Σάμου,"Μείζον ιωνικό ιερό κοντά στις εκβολές του Ίμβρασου, με διαδοχικούς γιγαντιαίους ναούς και πλούσιες διεθνείς αναθήσεις.","A major Ionic sanctuary near the mouth of the Imbrasos, with successive gigantic temples and rich international dedications.",,extraurban,,region-ionia,approximate,high,high,reviewed,machine_assisted_reviewed,1.0.0,archaios_ellinikos_kosmos_entities_v0_1.csv,2026-08-14,Codex-assisted normalization of user research
sanctuary-samothrace-great-gods-sanctuary,sanctuary-samothrace-great-gods-sanctuary,sanctuary,mystery_sanctuary,mystery,sanctuary,Ιερό των Μεγάλων Θεών στη Σαμοθράκη,Sanctuary of the Great Gods at Samothrace,Θεῶν Μεγάλων ἱερόν,"Διεθνές μυστηριακό ιερό σε διαδοχικά άνδηρα, γνωστό για τελετές μύησης και μνημεία ελληνιστικών βασιλικών οίκων.","An international mystery sanctuary arranged on successive terraces, known for initiation rites and monuments of Hellenistic royal houses.",,,mystery,region-thrake,approximate,high,high,reviewed,machine_assisted_reviewed,1.0.0,archaios_ellinikos_kosmos_entities_v0_1.csv,2026-08-14,Codex-assisted normalization of user research
sanctuary-sardis-artemis-sanctuary,sanctuary-sardis-artemis-sanctuary,sanctuary,cult_place,urban,sanctuary,Ιερό της Αρτέμιδος στις Σάρδεις,Sanctuary of Artemis at Sardis,Ἀρτέμιδος ἱερόν ἐν Σάρδεσι,Μεγάλο λυδικό ιερό με περσική λατρευτική φάση και μνημειακό ελληνιστικό-ρωμαϊκό ναό που παρέμεινε ημιτελής.,A large Lydian sanctuary with a Persian cult phase and a monumental Hellenistic-Roman temple that remained incomplete.,,urban,,region-lydia,approximate,high,high,reviewed,machine_assisted_reviewed,1.0.0,archaios_ellinikos_kosmos_entities_v0_1.csv,2026-08-14,Codex-assisted normalization of user research
sanctuary-segesta-doric-temple-sanctuary,sanctuary-segesta-doric-temple-sanctuary,sanctuary,cult_place,rural,sanctuary,Δωρικός ναός της Έγεστας,Doric Temple of Segesta,,Ημιτελής περίπτερος δωρικός ναός του ύστερου 5ου αιώνα π.Χ. σε εξωαστική θέση· η αφιέρωση και η ακριβής λειτουργία του παραμένουν αβέβαιες.,An unfinished peripteral Doric temple of the late fifth century BCE in an extra-urban setting; its dedication and precise function remain uncertain.,,rural,,region-sikelia,approximate,medium,medium,needs_review,machine_assisted_reviewed,1.0.0,archaios_ellinikos_kosmos_entities_v0_1.csv,2026-08-14,Codex-assisted normalization of user research
sanctuary-selinous-demeter-malophoros-sanctuary,sanctuary-selinous-demeter-malophoros-sanctuary,sanctuary,cult_place,rural,sanctuary,Ιερό της Δήμητρας Μαλοφόρου στον Σελινούντα,Sanctuary of Demeter Malophoros at Selinus,Δήμητρος Μαλοφόρου ἱερόν,"Μεγάλο εξωαστικό τέμενος δυτικά της πόλης, με ναό, βωμούς και χιλιάδες αναθήματα που μαρτυρούν μακρά και πολυπολιτισμική χρήση.","A large extra-urban sacred precinct west of the city, with a temple, altars and thousands of offerings attesting long and multicultural use.",,rural,,region-sikelia,approximate,high,high,reviewed,machine_assisted_reviewed,1.0.0,archaios_ellinikos_kosmos_entities_v0_1.csv,2026-08-14,Codex-assisted normalization of user research
sanctuary-siwa-amun-zeus-oracle,sanctuary-siwa-amun-zeus-oracle,sanctuary,oracle,oracle,sanctuary,Μαντείο του Άμμωνα στη Σίβα,Oracle of Amun/Zeus Ammon at Siwa,Ἄμμωνος χρηστήριον,"Περίφημο μαντείο στην όαση της Σίβα, όπου ο αιγυπτιακός Άμμων ταυτίστηκε με τον Δία και το οποίο συμβουλεύτηκε ο Αλέξανδρος.","A celebrated oracle at the Siwa Oasis, where the Egyptian Amun was identified with Zeus and which Alexander consulted.",,,oracle,region-libyke-eremos,approximate,high,high,reviewed,machine_assisted_reviewed,1.0.0,archaios_ellinikos_kosmos_entities_v0_1.csv,2026-08-14,Codex-assisted normalization of user research
sanctuary-smintheion-apollo-sanctuary,sanctuary-smintheion-apollo-sanctuary,sanctuary,cult_place,rural,sanctuary,Σμίνθειο,Sanctuary of Apollo Smintheus,Σμίνθειον,"Ιερό της Τρωάδας γνωστό από τον Όμηρο, με μνημειακό ιωνικό ναό του 2ου αιώνα π.Χ. και ανάγλυφα του τρωικού κύκλου.","Sanctuary of Troas known by Homer, with a monumental Ionic temple of the 2nd century BC. and reliefs of the trojan cycle.",,rural,,region-troada,approximate,high,high,reviewed,machine_assisted_reviewed,1.0.0,archaios_ellinikos_kosmos_entities_v0_1.csv,2026-08-14,Codex-assisted normalization of user research
sanctuary-sounion-poseidon-sanctuary,sanctuary-sounion-poseidon-sanctuary,sanctuary,cult_place,rural,sanctuary,Ιερό του Ποσειδώνα στο Σούνιο,Sanctuary of Poseidon at Sounion,Σούνιον,"Οχυρωμένο παράκτιο ιερό στο νοτιότερο άκρο της Αττικής, με τον κλασικό μαρμάρινο ναό πάνω σε παλαιότερο αρχαϊκό.","Fortified coastal sanctuary at the southernmost tip of Attica, with the classical marble temple on top of an older archaic one.",,rural,,region-attike,approximate,high,high,reviewed,machine_assisted_reviewed,1.0.0,archaios_ellinikos_kosmos_entities_v0_1.csv,2026-08-14,Codex-assisted normalization of user research
sanctuary-syracuse-apollo-sanctuary,sanctuary-syracuse-apollo-sanctuary,sanctuary,cult_place,urban,sanctuary,Ναός του Απόλλωνα στις Συρακούσες,Temple of Apollo at Syracuse,Ἀπόλλωνος ἱερόν ἐν Ὀρτυγίᾳ,"Ένας από τους αρχαιότερους μνημειακούς δωρικούς ναούς της Σικελίας, στην είσοδο της Ορτυγίας, με μεταγενέστερες θρησκευτικές επαναχρήσεις.","One of the oldest monumental Doric temples of Sicily, at the entrance of Ortygia, with later religious reuses.",,urban,,region-sikelia,approximate,high,high,reviewed,machine_assisted_reviewed,1.0.0,archaios_ellinikos_kosmos_entities_v0_1.csv,2026-08-14,Codex-assisted normalization of user research
sanctuary-tegea-athena-alea-sanctuary,sanctuary-tegea-athena-alea-sanctuary,sanctuary,cult_place,urban,sanctuary,Ιερό της Αθηνάς Αλέας στην Τεγέα,Sanctuary of Athena Alea at Tegea,Ἀθηνᾶς Ἀλέας ἱερόν,Κεντρικό αρκαδικό ιερό με αρχαϊκή φάση και τον μνημειακό ναό που αποδόθηκε στον Σκόπα μετά την πυρκαγιά του 394 π.Χ.,Central Arcadian sanctuary with an archaic phase and the monumental temple attributed to Scopas after the fire of 394 BC.,,urban,,region-arkadia,approximate,high,high,reviewed,machine_assisted_reviewed,1.0.0,archaios_ellinikos_kosmos_entities_v0_1.csv,2026-08-14,Codex-assisted normalization of user research
sanctuary-thermon-apollo-sanctuary,sanctuary-thermon-apollo-sanctuary,sanctuary,cult_place,federal,sanctuary,Ιερό του Απόλλωνα στο Θέρμο,Sanctuary of Apollo at Thermon,Θέρμον,Θρησκευτικό και πολιτικό κέντρο των Αιτωλών. Η έναρξη αφορά τον αρχαϊκό ναό του Απόλλωνα και όχι τα προγενέστερα μέγαρα της Εποχής του Χαλκού.,"The religious and political centre of the Aetolians. The start date refers to the Archaic temple of Apollo, not the earlier Bronze Age megaron buildings.",federal,,,region-aitolia,approximate,high,high,reviewed,machine_assisted_reviewed,1.0.0,archaios_ellinikos_kosmos_entities_v0_1.csv,2026-08-14,Codex-assisted normalization of user research
sanctuary-tinos-poseidon-amphitrite-sanctuary,sanctuary-tinos-poseidon-amphitrite-sanctuary,sanctuary,healing_sanctuary,healing,sanctuary,Ιερό Ποσειδώνα και Αμφιτρίτης στην Τήνο,Sanctuary of Poseidon and Amphitrite on Tinos,Ποσειδῶνος καὶ Ἀμφιτρίτης ἱερόν,"Ελληνιστικό παράκτιο ιερό με θεραπευτική διάσταση, μνημειακό βωμό, κρήνες, λουτρικές εγκαταστάσεις και στοές.","Hellenistic coastal sanctuary with a therapeutic dimension, monumental altar, fountains, bathing facilities and arcades.",,,healing,region-kyklades,approximate,high,high,reviewed,machine_assisted_reviewed,1.0.0,archaios_ellinikos_kosmos_entities_v0_1.csv,2026-08-14,Codex-assisted normalization of user research
