media_id,entity_id,position,role,file_path,source_url,original_url,title,creator,license,license_url,attribution,caption_el,caption_en,alt_el,alt_en,width,height,sha256,retrieved_on,review_state
media-city-aegina-city-01,city-aegina-city,1,primary,assets/media/city-aegina-city/01.webp,https://commons.wikimedia.org/wiki/File:The_ruins_of_the_ancient_acropolis_of_Aegina_(archaeological_site_of_Kolona).jpg,https://upload.wikimedia.org/wikipedia/commons/d/d4/The_ruins_of_the_ancient_acropolis_of_Aegina_%28archaeological_site_of_Kolona%29.jpg?utm_source=commons.wikimedia.org&utm_campaign=imageinfo&utm_content=original,The ruins of the ancient acropolis of Aegina (archaeological site of Kolona).jpg,George E. Koronaios,CC BY-SA 4.0,https://creativecommons.org/licenses/by-sa/4.0,Own work,Αίγινα · Αρχαιολογική άποψη,Aegina · Archaeological view,Αίγινα: αρχαιολογική άποψη,Aegina: archaeological view,1600,1067,96b5dd25d5eef2c4d58020e3aaa4bc20357f0f16bab32b06a4f7176e965f996f,2026-08-15,reviewed
media-city-aegina-city-02,city-aegina-city,2,gallery,assets/media/city-aegina-city/02.webp,https://commons.wikimedia.org/wiki/File:Harbour_from_Apollo_temple_Aegina_Greece.jpg,https://upload.wikimedia.org/wikipedia/commons/9/91/Harbour_from_Apollo_temple_Aegina_Greece.jpg?utm_source=commons.wikimedia.org&utm_campaign=imageinfo&utm_content=original,Harbour from Apollo temple Aegina Greece.jpg,Jebulon,CC0 1.0,https://creativecommons.org/publicdomain/zero/1.0/deed.en,Own work,Αίγινα · Αρχαιολογική άποψη,Aegina · Archaeological view,Αίγινα: αρχαιολογική άποψη,Aegina: archaeological view,1600,936,01fbc9e7c9cd6069849973167692debf8b3cd557dab9e82629c51b64e1a8b5bb,2026-08-15,reviewed
media-city-aigai-macedonia-01,city-aigai-macedonia,1,primary,assets/media/city-aigai-macedonia/01.webp,https://commons.wikimedia.org/wiki/File:Queen_Medea%27s_Gold_Wreath_from_the_antechamber_of_tomb_of_Philip_II_of_Macedon_Aigai_Vergina_336_BCE.jpg,https://upload.wikimedia.org/wikipedia/commons/4/4f/Queen_Medea%27s_Gold_Wreath_from_the_antechamber_of_tomb_of_Philip_II_of_Macedon_Aigai_Vergina_336_BCE.jpg?utm_source=commons.wikimedia.org&utm_campaign=imageinfo&utm_content=original,Queen Medea's Gold Wreath from the antechamber of tomb of Philip II of Macedon Aigai Vergina 336 BCE.jpg,Mary Harrsch,CC BY-SA 4.0,https://creativecommons.org/licenses/by-sa/4.0,Own work,Αιγές · Αρχαιολογική άποψη,Aigai · Archaeological view,Αιγές: αρχαιολογική άποψη,Aigai: archaeological view,1600,1200,1d1f7cbddc9a904601cd701a48bef1601b7c49d469304b8766d87ed0aad4ad39,2026-08-15,reviewed
media-city-aigai-macedonia-02,city-aigai-macedonia,2,gallery,assets/media/city-aigai-macedonia/02.webp,https://commons.wikimedia.org/wiki/File:Silver_Calyx_from_the_tomb_of_Philip_II_of_Macedon_at_Aigai_336_BCE_Vergina_Greece.jpg,https://upload.wikimedia.org/wikipedia/commons/e/e1/Silver_Calyx_from_the_tomb_of_Philip_II_of_Macedon_at_Aigai_336_BCE_Vergina_Greece.jpg?utm_source=commons.wikimedia.org&utm_campaign=imageinfo&utm_content=original,Silver Calyx from the tomb of Philip II of Macedon at Aigai 336 BCE Vergina Greece.jpg,Mary Harrsch,CC BY-SA 4.0,https://creativecommons.org/licenses/by-sa/4.0,Own work,Αιγές · Αρχαιολογική άποψη,Aigai · Archaeological view,Αιγές: αρχαιολογική άποψη,Aigai: archaeological view,1200,1600,95448058ccb89d5a6c8065ad3bdda25883302d32293b35622935e2f74db92b02,2026-08-15,reviewed
media-city-alexandria-egypt-01,city-alexandria-egypt,1,primary,assets/media/city-alexandria-egypt/01.webp,https://commons.wikimedia.org/wiki/File:Alexandria_-_Roman_Amphitheater_-_view_of_ruins_around_amphitheater.JPG,https://upload.wikimedia.org/wikipedia/commons/c/cd/Alexandria_-_Roman_Amphitheater_-_view_of_ruins_around_amphitheater.JPG?utm_source=commons.wikimedia.org&utm_campaign=imageinfo&utm_content=original,Alexandria - Roman Amphitheater - view of ruins around amphitheater.JPG,Daniel Mayer,CC BY-SA 4.0,https://creativecommons.org/licenses/by-sa/4.0,Own work,Αλεξάνδρεια · Αρχαιολογική άποψη,Alexandria · Archaeological view,Αλεξάνδρεια: αρχαιολογική άποψη,Alexandria: archaeological view,1600,1200,238db699a519abcc5b284cce65eda7a1357cff32db5509f77ea03a69fc39bbed,2026-08-15,reviewed
media-city-alexandria-egypt-02,city-alexandria-egypt,2,gallery,assets/media/city-alexandria-egypt/02.webp,https://commons.wikimedia.org/wiki/File:Kom_el_Dikka_(I).jpg,https://upload.wikimedia.org/wikipedia/commons/4/47/Kom_el_Dikka_%28I%29.jpg?utm_source=commons.wikimedia.org&utm_campaign=imageinfo&utm_content=original,Kom el Dikka (I).jpg,isawnyu,CC BY 2.0,https://creativecommons.org/licenses/by/2.0,https://www.flickr.com/photos/34561917@N04/6761819531/,Αλεξάνδρεια · Αρχαιολογική άποψη,Alexandria · Archaeological view,Αλεξάνδρεια: αρχαιολογική άποψη,Alexandria: archaeological view,1600,1088,b5a23b847860ea94a79de5790d9d323f3ec25a233fc76a0a98a72caedce83c5d,2026-08-15,reviewed
media-city-antioch-orontes-01,city-antioch-orontes,1,primary,assets/media/city-antioch-orontes/01.webp,https://commons.wikimedia.org/wiki/File:The_remains_of_the_massive_Temple%27s_podium%2C_probably_dating_to_the_end_of_the_2nd_century_AD%2C_Antioch_on_the_Orontes%2C_Antakya%2C_Turkey_(35477346333).jpg,https://upload.wikimedia.org/wikipedia/commons/d/d0/The_remains_of_the_massive_Temple%27s_podium%2C_probably_dating_to_the_end_of_the_2nd_century_AD%2C_Antioch_on_the_Orontes%2C_Antakya%2C_Turkey_%2835477346333%29.jpg?utm_source=commons.wikimedia.org&utm_campaign=imageinfo&utm_content=original,"The remains of the massive Temple's podium, probably dating to the end of the 2nd century AD, Antioch on the Orontes, Antakya, Turkey (35477346333).jpg","Carole Raddato from FRANKFURT, Germany",CC BY-SA 2.0,https://creativecommons.org/licenses/by-sa/2.0,"The remains of the massive Temple's podium, probably dating to the end of the 2nd century AD, Antioch on the Orontes, Antakya, Turkey",Αντιόχεια επί Ορόντου · Αρχαιολογική άποψη,Antioch on the Orontes · Archaeological view,Αντιόχεια επί Ορόντου: αρχαιολογική άποψη,Antioch on the Orontes: archaeological view,1600,1060,dc1b843482a110ea0a034cfa60a80beb179f2ebd881805139a9eed40fc9006f7,2026-08-15,reviewed
media-city-antioch-orontes-02,city-antioch-orontes,2,gallery,assets/media/city-antioch-orontes/02.webp,https://commons.wikimedia.org/wiki/File:The_remains_of_the_massive_Temple%27s_podium%2C_probably_dating_to_the_end_of_the_2nd_century_AD%2C_Antioch_on_the_Orontes%2C_Antakya%2C_Turkey_(36115586102).jpg,https://upload.wikimedia.org/wikipedia/commons/1/1d/The_remains_of_the_massive_Temple%27s_podium%2C_probably_dating_to_the_end_of_the_2nd_century_AD%2C_Antioch_on_the_Orontes%2C_Antakya%2C_Turkey_%2836115586102%29.jpg?utm_source=commons.wikimedia.org&utm_campaign=imageinfo&utm_content=original,"The remains of the massive Temple's podium, probably dating to the end of the 2nd century AD, Antioch on the Orontes, Antakya, Turkey (36115586102).jpg","Carole Raddato from FRANKFURT, Germany",CC BY-SA 2.0,https://creativecommons.org/licenses/by-sa/2.0,"The remains of the massive Temple's podium, probably dating to the end of the 2nd century AD, Antioch on the Orontes, Antakya, Turkey",Αντιόχεια επί Ορόντου · Αρχαιολογική άποψη,Antioch on the Orontes · Archaeological view,Αντιόχεια επί Ορόντου: αρχαιολογική άποψη,Antioch on the Orontes: archaeological view,1600,1060,abb4667ecd78bae6a4ffffd0e2d1cdce106bf789ddd05b1755380a5ead4cd175,2026-08-15,reviewed
media-city-argos-01,city-argos,1,primary,assets/media/city-argos/01.webp,https://commons.wikimedia.org/wiki/File:The_ruins_of_the_Heroon_and_the_Theatre_of_the_Agora_in_the_Ancient_Agora_of_Argos_on_September_5%2C_2020.jpg,https://upload.wikimedia.org/wikipedia/commons/1/1c/The_ruins_of_the_Heroon_and_the_Theatre_of_the_Agora_in_the_Ancient_Agora_of_Argos_on_September_5%2C_2020.jpg?utm_source=commons.wikimedia.org&utm_campaign=imageinfo&utm_content=original,"The ruins of the Heroon and the Theatre of the Agora in the Ancient Agora of Argos on September 5, 2020.jpg",George E. Koronaios,CC0 1.0,https://creativecommons.org/publicdomain/zero/1.0/deed.en,Own work,Άργος · Αρχαιολογική άποψη,Argos · Archaeological view,Άργος: αρχαιολογική άποψη,Argos: archaeological view,1600,1067,6bad54372e0a8aeca479662afc9a951a82ef73b81c72cf8ec0b4fea192ec2240,2026-08-15,reviewed
media-city-argos-02,city-argos,2,gallery,assets/media/city-argos/02.webp,https://commons.wikimedia.org/wiki/File:Gr%C3%A6kenlands_%C3%A6ldste_teater_i_Argos(10.07.05).JPG,https://upload.wikimedia.org/wikipedia/commons/5/5a/Gr%C3%A6kenlands_%C3%A6ldste_teater_i_Argos%2810.07.05%29.JPG?utm_source=commons.wikimedia.org&utm_campaign=imageinfo&utm_content=original,Grækenlands ældste teater i Argos(10.07.05).JPG,Karin Helene Pagter Duparc,CC BY-SA 4.0,https://creativecommons.org/licenses/by-sa/4.0,Own work,Άργος · Αρχαιολογική άποψη,Argos · Archaeological view,Άργος: αρχαιολογική άποψη,Argos: archaeological view,1600,1213,fc3b20376a725b8f389721638457d43410169533d36d0b669cf6c35a61493b5b,2026-08-15,reviewed
media-city-athens-attica-01,city-athens-attica,1,primary,assets/media/city-athens-attica/01.webp,https://commons.wikimedia.org/wiki/File:View_of_the_archaeological_site_of_the_Ancient_Agora_of_Athens_on_June_11%2C_2021.jpg,https://upload.wikimedia.org/wikipedia/commons/e/e8/View_of_the_archaeological_site_of_the_Ancient_Agora_of_Athens_on_June_11%2C_2021.jpg?utm_source=commons.wikimedia.org&utm_campaign=imageinfo&utm_content=original,"View of the archaeological site of the Ancient Agora of Athens on June 11, 2021.jpg",George E. Koronaios,CC BY-SA 4.0,https://creativecommons.org/licenses/by-sa/4.0,Own work,Αθήνα · Αρχαιολογική άποψη,Athens · Archaeological view,Αθήνα: αρχαιολογική άποψη,Athens: archaeological view,1600,1067,610b873512faa512c056d72dae5f497fe95d32a72b189749dc42831571e4b371,2026-08-15,reviewed
media-city-athens-attica-02,city-athens-attica,2,gallery,assets/media/city-athens-attica/02.webp,https://commons.wikimedia.org/wiki/File:Panoramic_view_of_the_archaeological_site_of_the_Ancient_Agora_from_the_Areopagus.jpg,https://upload.wikimedia.org/wikipedia/commons/0/0d/Panoramic_view_of_the_archaeological_site_of_the_Ancient_Agora_from_the_Areopagus.jpg?utm_source=commons.wikimedia.org&utm_campaign=imageinfo&utm_content=original,Panoramic view of the archaeological site of the Ancient Agora from the Areopagus.jpg,George E. Koronaios,CC0 1.0,https://creativecommons.org/publicdomain/zero/1.0/deed.en,Own work,Αθήνα · Αρχαιολογική άποψη,Athens · Archaeological view,Αθήνα: αρχαιολογική άποψη,Athens: archaeological view,1600,1067,3484dd5edd8ed3982f9f6c19d80c6a2fcc89c65264b7275fe959fb87693ae944,2026-08-15,reviewed
media-city-chalcis-euboea-01,city-chalcis-euboea,1,primary,assets/media/city-chalcis-euboea/01.webp,https://commons.wikimedia.org/wiki/File:Chalkis_-_480_BC_-_silver_tetradrachm_-_eagle_-_five-spoked_wheel_-_Berlin_MK_AM.jpg,https://upload.wikimedia.org/wikipedia/commons/a/a4/Chalkis_-_480_BC_-_silver_tetradrachm_-_eagle_-_five-spoked_wheel_-_Berlin_MK_AM.jpg?utm_source=commons.wikimedia.org&utm_campaign=imageinfo&utm_content=original,Chalkis - 480 BC - silver tetradrachm - eagle - five-spoked wheel - Berlin MK AM.jpg,ArchaiOptix,CC BY-SA 4.0,https://creativecommons.org/licenses/by-sa/4.0,Own work,Χαλκίδα · Αρχαίο έργο ή εύρημα,Chalcis · Ancient artwork or object,Χαλκίδα: αρχαίο έργο ή εύρημα,Chalcis: ancient artwork or object,1600,1600,2b49d49e255810859958bc722af518c81f4dcd9ebbd5348c72fa00eb39b7c33d,2026-08-15,reviewed
media-city-chalcis-euboea-02,city-chalcis-euboea,2,gallery,assets/media/city-chalcis-euboea/02.webp,https://commons.wikimedia.org/wiki/File:Monnaie_-_Argent%2C_Eub%C3%A9e%2C_Chalcis_-_btv1b103167496_(1_of_2).jpg,https://upload.wikimedia.org/wikipedia/commons/9/92/Monnaie_-_Argent%2C_Eub%C3%A9e%2C_Chalcis_-_btv1b103167496_%281_of_2%29.jpg?utm_source=commons.wikimedia.org&utm_campaign=imageinfo&utm_content=original,"Monnaie - Argent, Eubée, Chalcis - btv1b103167496 (1 of 2).jpg",Chalcis (Eubée ; atelier monétaire). Atelier monétaire,Public domain,https://creativecommons.org/publicdomain/mark/1.0/,Bibliothèque nationale de France,Χαλκίδα · Αρχαιολογική άποψη,Chalcis · Archaeological view,Χαλκίδα: αρχαιολογική άποψη,Chalcis: archaeological view,1598,1600,0daa5600904458331f677ee45bae91538c8e9cf50192ebf3a1372152b2d36446,2026-08-15,reviewed
media-city-chios-city-01,city-chios-city,1,primary,assets/media/city-chios-city/01.webp,https://commons.wikimedia.org/wiki/File:Chios_-_550_BC_-_elektron_stater_-_sphinx_-_quadratum_incusum_-_Berlin_MK_AM_18202942.jpg,https://upload.wikimedia.org/wikipedia/commons/4/46/Chios_-_550_BC_-_elektron_stater_-_sphinx_-_quadratum_incusum_-_Berlin_MK_AM_18202942.jpg?utm_source=commons.wikimedia.org&utm_campaign=imageinfo&utm_content=original,Chios - 550 BC - elektron stater - sphinx - quadratum incusum - Berlin MK AM 18202942.jpg,ArchaiOptix,CC BY-SA 4.0,https://creativecommons.org/licenses/by-sa/4.0,Own work,Χίος · Αρχαίο έργο ή εύρημα,Chios · Ancient artwork or object,Χίος: αρχαίο έργο ή εύρημα,Chios: ancient artwork or object,1553,1553,3343a3c13ea0c68f55a3b22c0e8be5ef0c3b41b991265cf10149168fe2d4ac34,2026-08-15,reviewed
media-city-chios-city-02,city-chios-city,2,gallery,assets/media/city-chios-city/02.webp,https://commons.wikimedia.org/wiki/File:Chios_-_478-431_BC_-_silver_tetradrachmon_-_sphinx_and_amphora_-_quadratum_incusum_-_M%C3%BCnchen_SMS.jpg,https://upload.wikimedia.org/wikipedia/commons/d/d0/Chios_-_478-431_BC_-_silver_tetradrachmon_-_sphinx_and_amphora_-_quadratum_incusum_-_M%C3%BCnchen_SMS.jpg?utm_source=commons.wikimedia.org&utm_campaign=imageinfo&utm_content=original,Chios - 478-431 BC - silver tetradrachmon - sphinx and amphora - quadratum incusum - München SMS.jpg,ArchaiOptix,CC BY-SA 4.0,https://creativecommons.org/licenses/by-sa/4.0,Own work,Χίος · Αρχαίο έργο ή εύρημα,Chios · Ancient artwork or object,Χίος: αρχαίο έργο ή εύρημα,Chios: ancient artwork or object,1600,1351,8b782602a1c27dca0cc4b36a8978adabcb1ea5efd26fc02c8a52ab1b83a99b5a,2026-08-15,reviewed
media-city-corinth-01,city-corinth,1,primary,assets/media/city-corinth/01.webp,https://commons.wikimedia.org/wiki/File:Ruins_of_an_ancient_temple_near_Corinth_-_Mayer_Luigi_-_1803.jpg,https://upload.wikimedia.org/wikipedia/commons/5/5d/Ruins_of_an_ancient_temple_near_Corinth_-_Mayer_Luigi_-_1803.jpg?utm_source=commons.wikimedia.org&utm_campaign=imageinfo&utm_content=original,Ruins of an ancient temple near Corinth - Mayer Luigi - 1803.jpg,Luigi Mayer,Public domain,https://creativecommons.org/publicdomain/mark/1.0/,http://eng.travelogues.gr/collection.php?view=292,Κόρινθος · Αρχαιολογική άποψη,Corinth · Archaeological view,Κόρινθος: αρχαιολογική άποψη,Corinth: archaeological view,1500,1136,dcd5f21aa38c4a2748b8bf06325b4800f00e0f3581abe0e3656f63a266e87d16,2026-08-15,reviewed
media-city-corinth-02,city-corinth,2,gallery,assets/media/city-corinth/02.webp,https://commons.wikimedia.org/wiki/File:Ancient_Corinth_Ruins_(5986578701).jpg,https://upload.wikimedia.org/wikipedia/commons/6/60/Ancient_Corinth_Ruins_%285986578701%29.jpg?utm_source=commons.wikimedia.org&utm_campaign=imageinfo&utm_content=original,Ancient Corinth Ruins (5986578701).jpg,Erik Drost,CC BY 2.0,https://creativecommons.org/licenses/by/2.0,Ancient Corinth Ruins,Κόρινθος · Αρχαιολογική άποψη,Corinth · Archaeological view,Κόρινθος: αρχαιολογική άποψη,Corinth: archaeological view,1600,1200,138ae384db805965eaa6670fd8c85665ffdc9da923a657a05ea685c63512e970,2026-08-15,reviewed
media-city-demetrias-01,city-demetrias,1,primary,assets/media/city-demetrias/01.webp,https://commons.wikimedia.org/wiki/File:%CE%91%CF%81%CF%87%CE%B1%CE%AF%CE%BF_%CE%B8%CE%AD%CE%B1%CF%84%CF%81%CE%BF_%CE%94%CE%B7%CE%BC%CE%B7%CF%84%CF%81%CE%B9%CE%AC%CE%B4%CE%B1%CF%82_0243.jpg,https://upload.wikimedia.org/wikipedia/commons/3/35/%CE%91%CF%81%CF%87%CE%B1%CE%AF%CE%BF_%CE%B8%CE%AD%CE%B1%CF%84%CF%81%CE%BF_%CE%94%CE%B7%CE%BC%CE%B7%CF%84%CF%81%CE%B9%CE%AC%CE%B4%CE%B1%CF%82_0243.jpg?utm_source=commons.wikimedia.org&utm_campaign=imageinfo&utm_content=original,Αρχαίο θέατρο Δημητριάδας 0243.jpg,C messier,CC BY-SA 4.0,https://creativecommons.org/licenses/by-sa/4.0,Own work,Δημητριάδα · Αρχαιολογική άποψη,Demetrias · Archaeological view,Δημητριάδα: αρχαιολογική άποψη,Demetrias: archaeological view,1600,1200,78ea66f37e04c34ef9f35568e13c1d5ed59417211b5bb13b4852c0d3e64228eb,2026-08-15,reviewed
media-city-demetrias-02,city-demetrias,2,gallery,assets/media/city-demetrias/02.webp,https://commons.wikimedia.org/wiki/File:%CE%A5%CE%B4%CF%81%CE%B1%CE%B3%CF%89%CE%B3%CE%B5%CE%AF%CE%BF_%CE%94%CE%B7%CE%BC%CE%B7%CF%84%CF%81%CE%B9%CE%AC%CE%B4%CE%B1%CF%82_0245.jpg,https://upload.wikimedia.org/wikipedia/commons/f/f1/%CE%A5%CE%B4%CF%81%CE%B1%CE%B3%CF%89%CE%B3%CE%B5%CE%AF%CE%BF_%CE%94%CE%B7%CE%BC%CE%B7%CF%84%CF%81%CE%B9%CE%AC%CE%B4%CE%B1%CF%82_0245.jpg?utm_source=commons.wikimedia.org&utm_campaign=imageinfo&utm_content=original,Υδραγωγείο Δημητριάδας 0245.jpg,C messier,CC BY-SA 4.0,https://creativecommons.org/licenses/by-sa/4.0,Own work,Δημητριάδα · Αρχαιολογική άποψη,Demetrias · Archaeological view,Δημητριάδα: αρχαιολογική άποψη,Demetrias: archaeological view,1600,1200,3bdb5c00b0fb581c861900c285bd1aad519bfd6daef9ebf896620b9a4e4acf69,2026-08-15,reviewed
media-city-dion-01,city-dion,1,primary,assets/media/city-dion/01.webp,https://commons.wikimedia.org/wiki/File:The_Roman_Forum%2C_built_upon_the_ruins_of_the_Hellenistic_Agora%2C_Ancient_Dion_(6948488014).jpg,https://upload.wikimedia.org/wikipedia/commons/3/3c/The_Roman_Forum%2C_built_upon_the_ruins_of_the_Hellenistic_Agora%2C_Ancient_Dion_%286948488014%29.jpg?utm_source=commons.wikimedia.org&utm_campaign=imageinfo&utm_content=original,"The Roman Forum, built upon the ruins of the Hellenistic Agora, Ancient Dion (6948488014).jpg","Carole Raddato from FRANKFURT, Germany",CC BY-SA 2.0,https://creativecommons.org/licenses/by-sa/2.0,"The Roman Forum, built upon the ruins of the Hellenistic Agora, Ancient Dion Uploaded by Marcus Cyron",Δίον · Αρχαιολογική άποψη,Dion · Archaeological view,Δίον: αρχαιολογική άποψη,Dion: archaeological view,1600,1200,596ba73fcc1387ca19c180ce4c91d8773b31cdce3e4987881d7f0ee331f0e29c,2026-08-15,reviewed
media-city-dion-02,city-dion,2,gallery,assets/media/city-dion/02.webp,https://commons.wikimedia.org/wiki/File:The_Roman_Forum%2C_built_upon_the_ruins_of_the_Hellenistic_Agora%2C_Ancient_Dion_(7094554997).jpg,https://upload.wikimedia.org/wikipedia/commons/1/1f/The_Roman_Forum%2C_built_upon_the_ruins_of_the_Hellenistic_Agora%2C_Ancient_Dion_%287094554997%29.jpg?utm_source=commons.wikimedia.org&utm_campaign=imageinfo&utm_content=original,"The Roman Forum, built upon the ruins of the Hellenistic Agora, Ancient Dion (7094554997).jpg","Carole Raddato from FRANKFURT, Germany",CC BY-SA 2.0,https://creativecommons.org/licenses/by-sa/2.0,"The Roman Forum, built upon the ruins of the Hellenistic Agora, Ancient Dion Uploaded by Marcus Cyron",Δίον · Αρχαιολογική άποψη,Dion · Archaeological view,Δίον: αρχαιολογική άποψη,Dion: archaeological view,1600,1200,ca642c6a9cced7692c1833ed3f0baeda8fc15c7770ec30305a54a239a517ae00,2026-08-15,reviewed
media-city-epidaurus-city-01,city-epidaurus-city,1,primary,assets/media/city-epidaurus-city/01.webp,https://commons.wikimedia.org/wiki/File:%CE%9C%CE%B9%CE%BA%CF%81%CF%8C_%CE%98%CE%AD%CE%B1%CF%84%CF%81%CE%BF_%CE%91%CF%81%CF%87%CE%B1%CE%AF%CE%B1%CF%82_%CF%80%CF%8C%CE%BB%CE%B5%CF%89%CF%82_%CE%95%CF%80%CE%B9%CE%B4%CE%B1%CF%8D%CF%81%CE%BF%CF%85.jpg,https://upload.wikimedia.org/wikipedia/commons/e/e1/%CE%9C%CE%B9%CE%BA%CF%81%CF%8C_%CE%98%CE%AD%CE%B1%CF%84%CF%81%CE%BF_%CE%91%CF%81%CF%87%CE%B1%CE%AF%CE%B1%CF%82_%CF%80%CF%8C%CE%BB%CE%B5%CF%89%CF%82_%CE%95%CF%80%CE%B9%CE%B4%CE%B1%CF%8D%CF%81%CE%BF%CF%85.jpg?utm_source=commons.wikimedia.org&utm_campaign=imageinfo&utm_content=original,Μικρό Θέατρο Αρχαίας πόλεως Επιδαύρου.jpg,Violeta Meleti,CC BY-SA 4.0,https://creativecommons.org/licenses/by-sa/4.0,This image was uploaded as part of Wiki Loves Monuments 2020.,Επίδαυρος · Αρχαιολογική άποψη,Epidaurus · Archaeological view,Επίδαυρος: αρχαιολογική άποψη,Epidaurus: archaeological view,1600,794,ff3dd17aa42c96d005e9de1b372366bc2633e8e2e3ffeee523d2d1da5941f0f8,2026-08-15,reviewed
media-city-epidaurus-city-02,city-epidaurus-city,2,gallery,assets/media/city-epidaurus-city/02.webp,https://commons.wikimedia.org/wiki/File:The_Little_Theatre_of_Palaia_Epidavros_(Ancient_Epidaurus)_on_May_23%2C_2019.jpg,https://upload.wikimedia.org/wikipedia/commons/4/42/The_Little_Theatre_of_Palaia_Epidavros_%28Ancient_Epidaurus%29_on_May_23%2C_2019.jpg?utm_source=commons.wikimedia.org&utm_campaign=imageinfo&utm_content=original,"The Little Theatre of Palaia Epidavros (Ancient Epidaurus) on May 23, 2019.jpg",George E. Koronaios,CC BY-SA 4.0,https://creativecommons.org/licenses/by-sa/4.0,Own work,Επίδαυρος · Αρχαιολογική άποψη,Epidaurus · Archaeological view,Επίδαυρος: αρχαιολογική άποψη,Epidaurus: archaeological view,1600,1067,3bce42779972c180dfa323934544ac0c21b9fb30435e2bd5c9d396f6427689a0,2026-08-15,reviewed
media-city-eretria-euboea-01,city-eretria-euboea,1,primary,assets/media/city-eretria-euboea/01.webp,https://commons.wikimedia.org/wiki/File:Eretria_Upper_Gymnasium.jpg,https://upload.wikimedia.org/wikipedia/commons/a/a5/Eretria_Upper_Gymnasium.jpg?utm_source=commons.wikimedia.org&utm_campaign=imageinfo&utm_content=original,Eretria Upper Gymnasium.jpg,Rjdeadly,CC BY-SA 4.0,https://creativecommons.org/licenses/by-sa/4.0,Own work,Ερέτρια · Αρχαιολογική άποψη,Eretria · Archaeological view,Ερέτρια: αρχαιολογική άποψη,Eretria: archaeological view,1600,1065,22042fe7f6b15e9b910256aa44939e8d83247bb8e560c63da210b1810a7f8381,2026-08-15,reviewed
media-city-eretria-euboea-02,city-eretria-euboea,2,gallery,assets/media/city-eretria-euboea/02.webp,https://commons.wikimedia.org/wiki/File:View_of_the_Theatre_of_Eretria_and_the_citadel_from_the_fortification_wall_of_the_city_on_January_16%2C_2020.jpg,https://upload.wikimedia.org/wikipedia/commons/8/8c/View_of_the_Theatre_of_Eretria_and_the_citadel_from_the_fortification_wall_of_the_city_on_January_16%2C_2020.jpg?utm_source=commons.wikimedia.org&utm_campaign=imageinfo&utm_content=original,"View of the Theatre of Eretria and the citadel from the fortification wall of the city on January 16, 2020.jpg",George E. Koronaios,CC0 1.0,https://creativecommons.org/publicdomain/zero/1.0/deed.en,Own work,Ερέτρια · Αρχαιολογική άποψη,Eretria · Archaeological view,Ερέτρια: αρχαιολογική άποψη,Eretria: archaeological view,1600,1067,4ae923fdcb195132d523b3fc369922693bb0bcd255ba71cb9e65a879b3d79439,2026-08-15,reviewed
media-city-gortyn-01,city-gortyn,1,primary,assets/media/city-gortyn/01.webp,https://commons.wikimedia.org/wiki/File:Gortyn_5.jpg,https://upload.wikimedia.org/wikipedia/commons/1/1c/Gortyn_5.jpg?utm_source=commons.wikimedia.org&utm_campaign=imageinfo&utm_content=original,Gortyn 5.jpg,Olaf Tausch,CC BY-SA 3.0,https://creativecommons.org/licenses/by-sa/3.0/,Own work,Γόρτυνα · Αρχαιολογική άποψη,Gortyn · Archaeological view,Γόρτυνα: αρχαιολογική άποψη,Gortyn: archaeological view,1600,1201,73e841cdaa80c6247992915efddaed6b681323cfdeee25a1345863faae9ebeee,2026-08-15,reviewed
media-city-gortyn-02,city-gortyn,2,gallery,assets/media/city-gortyn/02.webp,https://commons.wikimedia.org/wiki/File:Gortyn_6.jpg,https://upload.wikimedia.org/wikipedia/commons/1/10/Gortyn_6.jpg?utm_source=commons.wikimedia.org&utm_campaign=imageinfo&utm_content=original,Gortyn 6.jpg,Olaf Tausch,CC BY-SA 3.0,https://creativecommons.org/licenses/by-sa/3.0/,Own work,Γόρτυνα · Αρχαιολογική άποψη,Gortyn · Archaeological view,Γόρτυνα: αρχαιολογική άποψη,Gortyn: archaeological view,1600,1200,3b368a782297b160ae8459a16baa709d6ee5ee0ab8abeac23b84b45203186e24,2026-08-15,reviewed
media-city-knossos-01,city-knossos,1,primary,assets/media/city-knossos/01.webp,https://commons.wikimedia.org/wiki/File:Knossos_-_North_Portico_02.jpg,https://upload.wikimedia.org/wikipedia/commons/e/ea/Knossos_-_North_Portico_02.jpg?utm_source=commons.wikimedia.org&utm_campaign=imageinfo&utm_content=original,Knossos - North Portico 02.jpg,Bernard Gagnon,CC BY-SA 3.0,https://creativecommons.org/licenses/by-sa/3.0,Own work,Κνωσός · Αρχαιολογική άποψη,Knossos · Archaeological view,Κνωσός: αρχαιολογική άποψη,Knossos: archaeological view,1600,1200,b2913be62e1bb7cd67ebe727d0120e4b339924943fecef64f3e677510c9952ad,2026-08-15,reviewed
media-city-knossos-02,city-knossos,2,gallery,assets/media/city-knossos/02.webp,https://commons.wikimedia.org/wiki/File:Knossos_in_Crete_west_court.jpg,https://upload.wikimedia.org/wikipedia/commons/9/9b/Knossos_in_Crete_west_court.jpg?utm_source=commons.wikimedia.org&utm_campaign=imageinfo&utm_content=original,Knossos in Crete west court.jpg,"This Photo was taken by Wolfgang Moroder. Feel free to use my photos, but please mention me as the author and send me a message. This image is not in the public domain. Please respect the copyright protection. It may only be used according to the rules mentioned here. This specifically excludes use in social media, if applicable terms of the licenses listed here not appropriate. Please do not upload an updated image here without consultation with the Author. The author would like to make corrections only at his own source. This ensures that the changes are preserved. Please if you think that a",CC BY-SA 3.0,https://creativecommons.org/licenses/by-sa/3.0,Own work,Κνωσός · Αρχαιολογική άποψη,Knossos · Archaeological view,Κνωσός: αρχαιολογική άποψη,Knossos: archaeological view,1600,1068,7218c21a42cd752cd2d9ead2861a56e474bfd829f64feceb9164f21b4f6d8dc2,2026-08-15,reviewed
media-city-kos-city-01,city-kos-city,1,primary,assets/media/city-kos-city/01.webp,https://commons.wikimedia.org/wiki/File:Western_archeological_site_Kos_town.jpg,https://upload.wikimedia.org/wikipedia/commons/a/ab/Western_archeological_site_Kos_town.jpg?utm_source=commons.wikimedia.org&utm_campaign=imageinfo&utm_content=original,Western archeological site Kos town.jpg,Steven Fruitsmaak,CC BY-SA 3.0,https://creativecommons.org/licenses/by-sa/3.0/,Own work,Κως · Αρχαιολογική άποψη,Kos · Archaeological view,Κως: αρχαιολογική άποψη,Kos: archaeological view,1600,1195,84ec176f9126da6fddab8b4632daf8bd99e3ee58d8d34db9cc8630b30d8f5a2e,2026-08-15,reviewed
media-city-kos-city-02,city-kos-city,2,gallery,assets/media/city-kos-city/02.webp,https://commons.wikimedia.org/wiki/File:Kos_citt%C3%A0%2C_antica_agor%C3%A0_01.JPG,https://upload.wikimedia.org/wikipedia/commons/4/47/Kos_citt%C3%A0%2C_antica_agor%C3%A0_01.JPG?utm_source=commons.wikimedia.org&utm_campaign=imageinfo&utm_content=original,"Kos città, antica agorà 01.JPG",sailko,CC BY-SA 3.0,https://creativecommons.org/licenses/by-sa/3.0,"I, Sailko",Κως · Αρχαιολογική άποψη,Kos · Archaeological view,Κως: αρχαιολογική άποψη,Kos: archaeological view,1600,1200,f171fa35828eeb28f884b02db58b1a51bb0c9e88ae72811279e3b7347a17918c,2026-08-15,reviewed
media-city-larissa-thessaly-01,city-larissa-thessaly,1,primary,assets/media/city-larissa-thessaly/01.webp,https://commons.wikimedia.org/wiki/File:Ancient-theater.jpg,https://upload.wikimedia.org/wikipedia/commons/2/2e/Ancient-theater.jpg?utm_source=commons.wikimedia.org&utm_campaign=imageinfo&utm_content=original,Ancient-theater.jpg,Orestis26,CC BY-SA 4.0,https://creativecommons.org/licenses/by-sa/4.0,Own work,Λάρισα · Αρχαιολογική άποψη,Larissa · Archaeological view,Λάρισα: αρχαιολογική άποψη,Larissa: archaeological view,1600,1067,d8f5b01f6f0c1811dbabb149b195904cd1bbd47dfb6074762461ea06e7a986aa,2026-08-15,reviewed
media-city-larissa-thessaly-02,city-larissa-thessaly,2,gallery,assets/media/city-larissa-thessaly/02.webp,https://commons.wikimedia.org/wiki/File:Ancient_Theatre_of_Larissa_in_a_sunny_day.jpg,https://upload.wikimedia.org/wikipedia/commons/e/ef/Ancient_Theatre_of_Larissa_in_a_sunny_day.jpg?utm_source=commons.wikimedia.org&utm_campaign=imageinfo&utm_content=original,Ancient Theatre of Larissa in a sunny day.jpg,Theoaristi53,CC BY-SA 4.0,https://creativecommons.org/licenses/by-sa/4.0,Own work,Λάρισα · Αρχαιολογική άποψη,Larissa · Archaeological view,Λάρισα: αρχαιολογική άποψη,Larissa: archaeological view,1600,1200,fc893fb163d82614c4e7b1042dffcd0a6cbdd7190f61328b47360425b75f6c02,2026-08-15,reviewed
media-city-lindos-01,city-lindos,1,primary,assets/media/city-lindos/01.webp,https://commons.wikimedia.org/wiki/File:Ancient_Greek_theatre_in_Lindos_01.jpg,https://upload.wikimedia.org/wikipedia/commons/b/bd/Ancient_Greek_theatre_in_Lindos_01.jpg?utm_source=commons.wikimedia.org&utm_campaign=imageinfo&utm_content=original,Ancient Greek theatre in Lindos 01.jpg,Bernard Gagnon,CC BY-SA 3.0,https://creativecommons.org/licenses/by-sa/3.0,Own work,Λίνδος · Αρχαιολογική άποψη,Lindos · Archaeological view,Λίνδος: αρχαιολογική άποψη,Lindos: archaeological view,1600,1078,eaf1a6f2a81e84b0dac33fbfe54131c00915e2dd8c26918a50c45b89d042aa13,2026-08-15,reviewed
media-city-lindos-02,city-lindos,2,gallery,assets/media/city-lindos/02.webp,https://commons.wikimedia.org/wiki/File:Lindos_Acropolis_%CE%91%CE%BA%CF%81%CF%8C%CF%80%CE%BF%CE%BB%CE%B7_%CF%84%CE%B7%CF%82_%CE%9B%CE%AF%CE%BD%CE%B4%CE%BF%CF%85_Rhodes_%CE%A1%CF%8C%CE%B4%CE%BF%CF%82_2019-11-24_28.jpg,https://upload.wikimedia.org/wikipedia/commons/3/36/Lindos_Acropolis_%CE%91%CE%BA%CF%81%CF%8C%CF%80%CE%BF%CE%BB%CE%B7_%CF%84%CE%B7%CF%82_%CE%9B%CE%AF%CE%BD%CE%B4%CE%BF%CF%85_Rhodes_%CE%A1%CF%8C%CE%B4%CE%BF%CF%82_2019-11-24_28.jpg?utm_source=commons.wikimedia.org&utm_campaign=imageinfo&utm_content=original,Lindos Acropolis Ακρόπολη της Λίνδου Rhodes Ρόδος 2019-11-24 28.jpg,Manfred Werner (Tsui),CC BY-SA 4.0,https://creativecommons.org/licenses/by-sa/4.0,Manfred Werner (Tsui),Λίνδος · Αρχαιολογική άποψη,Lindos · Archaeological view,Λίνδος: αρχαιολογική άποψη,Lindos: archaeological view,1600,1067,7a1307566d1fe1028a074afdde2cd68155abeffae0d0badcb8fabe05ac082df8,2026-08-15,reviewed
media-city-mantinea-01,city-mantinea,1,primary,assets/media/city-mantinea/01.webp,https://commons.wikimedia.org/wiki/File:NAMA_3_Muses.jpg,https://upload.wikimedia.org/wikipedia/commons/d/d7/NAMA_3_Muses.jpg?utm_source=commons.wikimedia.org&utm_campaign=imageinfo&utm_content=original,NAMA 3 Muses.jpg,School of Praxiteles,CC BY 2.5,https://creativecommons.org/licenses/by/2.5,Marsyas (2006),Μαντίνεια · Αρχαιολογική άποψη,Mantinea · Archaeological view,Μαντίνεια: αρχαιολογική άποψη,Mantinea: archaeological view,1600,1132,1583f3259105bdddedafaee3829456a075899772d96a754f28f3f6947d701eb8,2026-08-15,reviewed
media-city-mantinea-02,city-mantinea,2,gallery,assets/media/city-mantinea/02.webp,https://commons.wikimedia.org/wiki/File:Mantinea_Arcadia_Peloponnese_Greece.jpg,https://upload.wikimedia.org/wikipedia/commons/0/01/Mantinea_Arcadia_Peloponnese_Greece.jpg?utm_source=commons.wikimedia.org&utm_campaign=imageinfo&utm_content=original,Mantinea Arcadia Peloponnese Greece.jpg,ulrichstill,CC BY-SA 3.0,https://creativecommons.org/licenses/by-sa/3.0/de/deed.en,Own work,Μαντίνεια · Αρχαιολογική άποψη,Mantinea · Archaeological view,Μαντίνεια: αρχαιολογική άποψη,Mantinea: archaeological view,1600,1067,a875f77eb1d2d005fbb6d5c22884989770bcb8b4a68fb0d3bbcf2ace23a59387,2026-08-15,reviewed
media-city-megalopolis-01,city-megalopolis,1,primary,assets/media/city-megalopolis/01.webp,https://commons.wikimedia.org/wiki/File:Ancient-theatre-megalopolis-2017.jpg,https://upload.wikimedia.org/wikipedia/commons/3/37/Ancient-theatre-megalopolis-2017.jpg?utm_source=commons.wikimedia.org&utm_campaign=imageinfo&utm_content=original,Ancient-theatre-megalopolis-2017.jpg,Alebpan,CC BY 4.0,https://creativecommons.org/licenses/by/4.0,Own work,Μεγαλόπολη · Αρχαιολογική άποψη,Megalopolis · Archaeological view,Μεγαλόπολη: αρχαιολογική άποψη,Megalopolis: archaeological view,1600,900,d75b9cd98ed92d4f781987407fe34b72661acb03d683f7899b1813463fec2b72,2026-08-15,reviewed
media-city-megalopolis-02,city-megalopolis,2,gallery,assets/media/city-megalopolis/02.webp,https://commons.wikimedia.org/wiki/File:Columns_in_ancient_Megalopolis.jpg,https://upload.wikimedia.org/wikipedia/commons/6/6a/Columns_in_ancient_Megalopolis.jpg?utm_source=commons.wikimedia.org&utm_campaign=imageinfo&utm_content=original,Columns in ancient Megalopolis.jpg,SchneesturmKatze,CC BY-SA 4.0,https://creativecommons.org/licenses/by-sa/4.0,Own work,Μεγαλόπολη · Αρχαιολογική άποψη,Megalopolis · Archaeological view,Μεγαλόπολη: αρχαιολογική άποψη,Megalopolis: archaeological view,1600,900,8be15a5e40d17282acb389a02bf6b9389cc9c03a02c49084bf9c0494ba9f21fc,2026-08-15,reviewed
media-city-megara-01,city-megara,1,primary,assets/media/city-megara/01.webp,https://commons.wikimedia.org/wiki/File:%CE%99%CE%B5%CF%81%CF%8C_%CE%94%CE%AE%CE%BC%CE%B7%CF%84%CF%81%CE%B1%CF%82%2C_%CE%9C%CE%AD%CE%B3%CE%B1%CF%81%CE%B1_0428.jpg,https://upload.wikimedia.org/wikipedia/commons/b/b3/%CE%99%CE%B5%CF%81%CF%8C_%CE%94%CE%AE%CE%BC%CE%B7%CF%84%CF%81%CE%B1%CF%82%2C_%CE%9C%CE%AD%CE%B3%CE%B1%CF%81%CE%B1_0428.jpg?utm_source=commons.wikimedia.org&utm_campaign=imageinfo&utm_content=original,"Ιερό Δήμητρας, Μέγαρα 0428.jpg",C messier,CC BY-SA 4.0,https://creativecommons.org/licenses/by-sa/4.0,Own work,Μέγαρα · Αρχαιολογική άποψη,Megara · Archaeological view,Μέγαρα: αρχαιολογική άποψη,Megara: archaeological view,1200,1600,1a6826c9435ba062dced4ce33bf5fe806fed410cb088cccc4079d463bb7e685f,2026-08-15,reviewed
media-city-megara-02,city-megara,2,gallery,assets/media/city-megara/02.webp,https://commons.wikimedia.org/wiki/File:Map_of_Archaic_Megara_Ukr.png,https://upload.wikimedia.org/wikipedia/commons/e/e5/Map_of_Archaic_Megara_Ukr.png?utm_source=commons.wikimedia.org&utm_campaign=imageinfo&utm_content=original,Map of Archaic Megara Ukr.png,Michael Mustafin,CC0 1.0,https://creativecommons.org/publicdomain/zero/1.0/deed.en,Own work,Μέγαρα · Ιστορικός χάρτης,Megara · Historical map,Μέγαρα: ιστορικόσ χάρτησ,Megara: historical map,1226,1600,6cfc6c395c5f06b902452dbbada18bf520d48a607c34679d36cda891b82ca4d7,2026-08-15,reviewed
media-city-messene-01,city-messene,1,primary,assets/media/city-messene/01.webp,https://commons.wikimedia.org/wiki/File:Ruins_in_the_archaeological_site_of_Ancient_Messene_on_November_13%2C_2020.jpg,https://upload.wikimedia.org/wikipedia/commons/3/31/Ruins_in_the_archaeological_site_of_Ancient_Messene_on_November_13%2C_2020.jpg?utm_source=commons.wikimedia.org&utm_campaign=imageinfo&utm_content=original,"Ruins in the archaeological site of Ancient Messene on November 13, 2020.jpg",George E. Koronaios,CC BY-SA 4.0,https://creativecommons.org/licenses/by-sa/4.0,Own work,Μεσσήνη · Αρχαιολογική άποψη,Messene · Archaeological view,Μεσσήνη: αρχαιολογική άποψη,Messene: archaeological view,1600,1067,96b5bfe98cf6a302a91fe91dc76f4b0ca6cefd49cb7bb54a5de810e2814b5a1b,2026-08-15,reviewed
media-city-messene-02,city-messene,2,gallery,assets/media/city-messene/02.webp,https://commons.wikimedia.org/wiki/File:Ancient_ruins_in_the_archaeological_of_Messene_on_October_29%2C_2020.jpg,https://upload.wikimedia.org/wikipedia/commons/9/9b/Ancient_ruins_in_the_archaeological_of_Messene_on_October_29%2C_2020.jpg?utm_source=commons.wikimedia.org&utm_campaign=imageinfo&utm_content=original,"Ancient ruins in the archaeological of Messene on October 29, 2020.jpg",George E. Koronaios,CC BY-SA 4.0,https://creativecommons.org/licenses/by-sa/4.0,Own work,Μεσσήνη · Αρχαιολογική άποψη,Messene · Archaeological view,Μεσσήνη: αρχαιολογική άποψη,Messene: archaeological view,1600,1067,3559dba4c77ac4eb12acd2d04588e851c8190eba69b7797d7326c23cb5e24b76,2026-08-15,reviewed
media-city-mytilene-01,city-mytilene,1,primary,assets/media/city-mytilene/01.webp,https://commons.wikimedia.org/wiki/File:%CE%91%CE%A1%CE%A7%CE%91%CE%99%CE%9F_%CE%98%CE%95%CE%91%CE%A4%CE%A1%CE%9F_%CE%9C%CE%A5%CE%A4%CE%99%CE%9B%CE%97%CE%9D%CE%97%CE%A3.jpg,https://upload.wikimedia.org/wikipedia/commons/2/2f/%CE%91%CE%A1%CE%A7%CE%91%CE%99%CE%9F_%CE%98%CE%95%CE%91%CE%A4%CE%A1%CE%9F_%CE%9C%CE%A5%CE%A4%CE%99%CE%9B%CE%97%CE%9D%CE%97%CE%A3.jpg?utm_source=commons.wikimedia.org&utm_campaign=imageinfo&utm_content=original,ΑΡΧΑΙΟ ΘΕΑΤΡΟ ΜΥΤΙΛΗΝΗΣ.jpg,ProtecTOR,CC BY-SA 4.0,https://creativecommons.org/licenses/by-sa/4.0,Own work,Μυτιλήνη · Αρχαιολογική άποψη,Mytilene · Archaeological view,Μυτιλήνη: αρχαιολογική άποψη,Mytilene: archaeological view,1600,1067,fd1f288955b73123edbb04c3e2d9e7e8477707599eb2196ca5a81b67e9a3c562,2026-08-15,reviewed
media-city-mytilene-02,city-mytilene,2,gallery,assets/media/city-mytilene/02.webp,https://commons.wikimedia.org/wiki/File:Overzicht_theater_Mytilini.jpg,https://upload.wikimedia.org/wikipedia/commons/b/bf/Overzicht_theater_Mytilini.jpg?utm_source=commons.wikimedia.org&utm_campaign=imageinfo&utm_content=original,Overzicht theater Mytilini.jpg,rutger2,CC BY 2.0,https://creativecommons.org/licenses/by/2.0,Rutger2 at Dutch Wikipedia,Μυτιλήνη · Αρχαιολογική άποψη,Mytilene · Archaeological view,Μυτιλήνη: αρχαιολογική άποψη,Mytilene: archaeological view,1600,1200,7b30a1744ed3b0eec52e026be9aab137e7d6a3e3474c3d972d7678cca5b3d497,2026-08-15,reviewed
media-city-naxos-cyclades-01,city-naxos-cyclades,1,primary,assets/media/city-naxos-cyclades/01.webp,https://commons.wikimedia.org/wiki/File:Entrance_Roman_era%2C_Grotta_Naxos_091424.jpg,https://upload.wikimedia.org/wikipedia/commons/a/a6/Entrance_Roman_era%2C_Grotta_Naxos_091424.jpg?utm_source=commons.wikimedia.org&utm_campaign=imageinfo&utm_content=original,"Entrance Roman era, Grotta Naxos 091424.jpg",Zde,CC BY-SA 3.0,https://creativecommons.org/licenses/by-sa/3.0,Own work,Νάξος · Αρχαιολογική άποψη,Naxos · Archaeological view,Νάξος: αρχαιολογική άποψη,Naxos: archaeological view,1600,1065,97ae241fb9a0ac658c9145bbd56d7f838dbc87ab3bf9ab5046c6f7f599d75a72,2026-08-15,reviewed
media-city-naxos-cyclades-02,city-naxos-cyclades,2,gallery,assets/media/city-naxos-cyclades/02.webp,https://commons.wikimedia.org/wiki/File:Ancient_coins_from_Naxos_-_Laurenberg_Johann_-_1661.jpg,https://upload.wikimedia.org/wikipedia/commons/2/20/Ancient_coins_from_Naxos_-_Laurenberg_Johann_-_1661.jpg?utm_source=commons.wikimedia.org&utm_campaign=imageinfo&utm_content=original,Ancient coins from Naxos - Laurenberg Johann - 1661.jpg,Johann Lauremberg,Public domain,https://creativecommons.org/publicdomain/mark/1.0/,http://eng.travelogues.gr/collection.php?view=364,Νάξος · Αρχαίο έργο ή εύρημα,Naxos · Ancient artwork or object,Νάξος: αρχαίο έργο ή εύρημα,Naxos: ancient artwork or object,1500,765,21cfbce5ff654cf22e339eae008a5e980d98a558a42b7d87e269f8ae6752c014,2026-08-15,reviewed
media-city-olynthus-01,city-olynthus,1,primary,assets/media/city-olynthus/01.webp,https://commons.wikimedia.org/wiki/File:Ancient_Olynthos_Chalkidiki_-_Greece_-_048.jpg,https://upload.wikimedia.org/wikipedia/commons/8/86/Ancient_Olynthos_Chalkidiki_-_Greece_-_048.jpg?utm_source=commons.wikimedia.org&utm_campaign=imageinfo&utm_content=original,Ancient Olynthos Chalkidiki - Greece - 048.jpg,User:Christaras A,CC BY-SA 2.5,https://creativecommons.org/licenses/by-sa/2.5,Photographed myself,Όλυνθος · Αρχαιολογική άποψη,Olynthus · Archaeological view,Όλυνθος: αρχαιολογική άποψη,Olynthus: archaeological view,1280,960,071fd63478f9993761a5d7b8e3163423545c6ca02545abc1d261f787ed52b737,2026-08-15,reviewed
media-city-olynthus-02,city-olynthus,2,gallery,assets/media/city-olynthus/02.webp,https://commons.wikimedia.org/wiki/File:Olynthos_from_ancient_Olynthos.jpg,https://upload.wikimedia.org/wikipedia/commons/9/9e/Olynthos_from_ancient_Olynthos.jpg?utm_source=commons.wikimedia.org&utm_campaign=imageinfo&utm_content=original,Olynthos from ancient Olynthos.jpg,Hermann Hammer,CC BY-SA 4.0,https://creativecommons.org/licenses/by-sa/4.0,Own work,Όλυνθος · Αρχαιολογική άποψη,Olynthus · Archaeological view,Όλυνθος: αρχαιολογική άποψη,Olynthus: archaeological view,1600,1015,ab7eea47505087877ffc6ea149b77e3ee10ee6981580b55b47ea37c20a6f0a20,2026-08-15,reviewed
media-city-patrae-01,city-patrae,1,primary,assets/media/city-patrae/01.webp,https://commons.wikimedia.org/wiki/File:Roman_Odeon_of_Patras_-_1.jpg,https://upload.wikimedia.org/wikipedia/commons/a/ab/Roman_Odeon_of_Patras_-_1.jpg?utm_source=commons.wikimedia.org&utm_campaign=imageinfo&utm_content=original,Roman Odeon of Patras - 1.jpg,Annatsach,CC BY-SA 4.0,https://creativecommons.org/licenses/by-sa/4.0,Own work,Πάτρα · Αρχαιολογική άποψη,Patrae · Archaeological view,Πάτρα: αρχαιολογική άποψη,Patrae: archaeological view,1600,1068,ee8c146f909f4378a3d69396e26a287366fd4234323f30825cd80f585160c967,2026-08-15,reviewed
media-city-patrae-02,city-patrae,2,gallery,assets/media/city-patrae/02.webp,https://commons.wikimedia.org/wiki/File:Patras_(Ancient_Patrae)_Achaia_engraving_by_William_Miller_after_H_W_Williams.jpg,https://upload.wikimedia.org/wikipedia/commons/e/e0/Patras_%28Ancient_Patrae%29_Achaia_engraving_by_William_Miller_after_H_W_Williams.jpg?utm_source=commons.wikimedia.org&utm_campaign=imageinfo&utm_content=original,Patras (Ancient Patrae) Achaia engraving by William Miller after H W Williams.jpg,William Miller,Public domain,https://creativecommons.org/publicdomain/mark/1.0/,engraving,Πάτρα · Αρχαιολογική άποψη,Patrae · Archaeological view,Πάτρα: αρχαιολογική άποψη,Patrae: archaeological view,1600,1192,b4867bd92f8bafc056006646354b3d206f5e35cc1bd56f9fd2f6277e437dcf2b,2026-08-15,reviewed
media-city-pella-01,city-pella,1,primary,assets/media/city-pella/01.webp,https://commons.wikimedia.org/wiki/File:20160518_306_pella.jpg,https://upload.wikimedia.org/wikipedia/commons/1/10/20160518_306_pella.jpg?utm_source=commons.wikimedia.org&utm_campaign=imageinfo&utm_content=original,20160518 306 pella.jpg,Jean Housen,CC BY-SA 4.0,https://creativecommons.org/licenses/by-sa/4.0,Own work,Πέλλα · Αρχαιολογική άποψη,Pella · Archaeological view,Πέλλα: αρχαιολογική άποψη,Pella: archaeological view,1600,1071,6ea1a750e6fbc7ea84f760ff9cd847f0ae0a737812ac1de5a102c07e74869333,2026-08-15,reviewed
media-city-pella-02,city-pella,2,gallery,assets/media/city-pella/02.webp,https://commons.wikimedia.org/wiki/File:The_Agora%2C_Ancient_Pella_(6913969280).jpg,https://upload.wikimedia.org/wikipedia/commons/8/88/The_Agora%2C_Ancient_Pella_%286913969280%29.jpg?utm_source=commons.wikimedia.org&utm_campaign=imageinfo&utm_content=original,"The Agora, Ancient Pella (6913969280).jpg","Carole Raddato from FRANKFURT, Germany",CC BY-SA 2.0,https://creativecommons.org/licenses/by-sa/2.0,"The Agora, Ancient Pella Uploaded by Marcus Cyron",Πέλλα · Αρχαιολογική άποψη,Pella · Archaeological view,Πέλλα: αρχαιολογική άποψη,Pella: archaeological view,1600,1200,c1fdffcdb7d03854423bb111f368fd4c3bd38d811900979805e63b21affc6bd4,2026-08-15,reviewed
media-city-pergamum-01,city-pergamum,1,primary,assets/media/city-pergamum/01.webp,https://commons.wikimedia.org/wiki/File:Temple_of_Trajan%2C_Pergamon_01.jpg,https://upload.wikimedia.org/wikipedia/commons/c/c1/Temple_of_Trajan%2C_Pergamon_01.jpg?utm_source=commons.wikimedia.org&utm_campaign=imageinfo&utm_content=original,"Temple of Trajan, Pergamon 01.jpg",Bernard Gagnon,CC BY-SA 3.0,https://creativecommons.org/licenses/by-sa/3.0,Own work,Πέργαμος · Αρχαιολογική άποψη,Pergamum · Archaeological view,Πέργαμος: αρχαιολογική άποψη,Pergamum: archaeological view,1600,1158,ca72a80e40511ccd58f5262f6bac24dec7b107a9ae5554de83f2edd188f65691,2026-08-15,reviewed
media-city-pergamum-02,city-pergamum,2,gallery,assets/media/city-pergamum/02.webp,https://commons.wikimedia.org/wiki/File:C._Flavius_Fimbria%2C_AR_cistophorus%2C_Pergamum.jpg,https://upload.wikimedia.org/wikipedia/commons/f/ff/C._Flavius_Fimbria%2C_AR_cistophorus%2C_Pergamum.jpg?utm_source=commons.wikimedia.org&utm_campaign=imageinfo&utm_content=original,"C. Flavius Fimbria, AR cistophorus, Pergamum.jpg","Museum of Fine Arts, Boston",Public domain,https://creativecommons.org/publicdomain/mark/1.0/,https://collections.mfa.org/objects/162022/cistophorus-with-cista-mystica-struck-under-c-flavius-fimb?ctx=5d9be35f-f1cd-493a-894b-80daadf82fd5&idx=0,Πέργαμος · Αρχαιολογική άποψη,Pergamum · Archaeological view,Πέργαμος: αρχαιολογική άποψη,Pergamum: archaeological view,1474,789,6c9802e96eb9521d93ca72a011a2f953300e39ebbf625b82c26aed1edcbe17a1,2026-08-15,reviewed
media-city-pherae-thessaly-01,city-pherae-thessaly,1,primary,assets/media/city-pherae-thessaly/01.webp,https://commons.wikimedia.org/wiki/File:Dodwell_Pherae.jpg,https://upload.wikimedia.org/wikipedia/commons/f/f9/Dodwell_Pherae.jpg?utm_source=commons.wikimedia.org&utm_campaign=imageinfo&utm_content=original,Dodwell Pherae.jpg,Edward Dodwell,Public domain,https://creativecommons.org/publicdomain/mark/1.0/,"Edward Dodwell: Views in Greece, London 1821, p. 91 (scan)",Φερές · Αρχαιολογική άποψη,Pherae · Archaeological view,Φερές: αρχαιολογική άποψη,Pherae: archaeological view,1600,990,bb17d5aa6f01a0ef3e7b160692110622aa4dbf93ebc9d43915924b5c78c0ab3f,2026-08-15,reviewed
media-city-pherae-thessaly-02,city-pherae-thessaly,2,gallery,assets/media/city-pherae-thessaly/02.webp,https://commons.wikimedia.org/wiki/File:Pherae_-_Wordsworth_Christopher_-_1882.jpg,https://upload.wikimedia.org/wikipedia/commons/e/ef/Pherae_-_Wordsworth_Christopher_-_1882.jpg?utm_source=commons.wikimedia.org&utm_campaign=imageinfo&utm_content=original,Pherae - Wordsworth Christopher - 1882.jpg,Christopher Wordsworth,Public domain,https://creativecommons.org/publicdomain/mark/1.0/,http://eng.travelogues.gr/collection.php?view=37,Φερές · Αρχαιολογική άποψη,Pherae · Archaeological view,Φερές: αρχαιολογική άποψη,Pherae: archaeological view,1243,1002,9b78f1f809c07209acb6354aa6cf84346ffd87244b6e17a0e1195e0a7d4403ba,2026-08-15,reviewed
media-city-piraeus-01,city-piraeus,1,primary,assets/media/city-piraeus/01.webp,https://commons.wikimedia.org/wiki/File:Ruins_of_a_tower_from_the_Walls_of_Conon_(AktiThemistokleous%2C_Piraeus)_on_22_February_2019.jpg,https://upload.wikimedia.org/wikipedia/commons/8/8a/Ruins_of_a_tower_from_the_Walls_of_Conon_%28AktiThemistokleous%2C_Piraeus%29_on_22_February_2019.jpg?utm_source=commons.wikimedia.org&utm_campaign=imageinfo&utm_content=original,"Ruins of a tower from the Walls of Conon (AktiThemistokleous, Piraeus) on 22 February 2019.jpg",George E. Koronaios,CC0 1.0,https://creativecommons.org/publicdomain/zero/1.0/deed.en,Own work,Πειραιάς · Αρχαιολογική άποψη,Piraeus · Archaeological view,Πειραιάς: αρχαιολογική άποψη,Piraeus: archaeological view,1600,1067,3740cc91c27fed18b914a43ca5f13fcb812f562e34e66b73fef5121948a1b647,2026-08-15,reviewed
media-city-piraeus-02,city-piraeus,2,gallery,assets/media/city-piraeus/02.webp,https://commons.wikimedia.org/wiki/File:Piraeus_Lion_(Leone_del_Pireo)%2C_Arsenale_di_Venezia_(37726221046).jpg,https://upload.wikimedia.org/wikipedia/commons/1/1f/Piraeus_Lion_%28Leone_del_Pireo%29%2C_Arsenale_di_Venezia_%2837726221046%29.jpg?utm_source=commons.wikimedia.org&utm_campaign=imageinfo&utm_content=original,"Piraeus Lion (Leone del Pireo), Arsenale di Venezia (37726221046).jpg","Dimitris Kamaras from Athens, Greece",CC BY 2.0,https://creativecommons.org/licenses/by/2.0,"Piraeus Lion (Leone del Pireo), Arsenale di Venezia",Πειραιάς · Αρχαιολογική άποψη,Piraeus · Archaeological view,Πειραιάς: αρχαιολογική άποψη,Piraeus: archaeological view,1200,1600,b3ca9fa901c378d152f144ea8c5cebc4f202a09e90e47cb68665e7341be3b4f7,2026-08-15,reviewed
media-city-ptolemais-cyrenaica-01,city-ptolemais-cyrenaica,1,primary,assets/media/city-ptolemais-cyrenaica/01.webp,https://commons.wikimedia.org/wiki/File:Ptolemais_odeon.jpg,https://upload.wikimedia.org/wikipedia/commons/b/be/Ptolemais_odeon.jpg?utm_source=commons.wikimedia.org&utm_campaign=imageinfo&utm_content=original,Ptolemais odeon.jpg,Ursus,CC BY-SA 4.0,https://creativecommons.org/licenses/by-sa/4.0,Own work,Πτολεμαΐδα Κυρηναϊκής · Αρχαιολογική άποψη,Ptolemais of Cyrenaica · Archaeological view,Πτολεμαΐδα Κυρηναϊκής: αρχαιολογική άποψη,Ptolemais of Cyrenaica: archaeological view,1600,1078,5ab1d8b897f1a8c85904ca55c1aed26a85b15b261090f6bb499697c7bf527dfe,2026-08-15,reviewed
media-city-ptolemais-cyrenaica-02,city-ptolemais-cyrenaica,2,gallery,assets/media/city-ptolemais-cyrenaica/02.webp,https://commons.wikimedia.org/wiki/File:Ptolemais_site.jpg,https://upload.wikimedia.org/wikipedia/commons/7/7f/Ptolemais_site.jpg?utm_source=commons.wikimedia.org&utm_campaign=imageinfo&utm_content=original,Ptolemais site.jpg,Ursus,CC BY-SA 4.0,https://creativecommons.org/licenses/by-sa/4.0,Own work,Πτολεμαΐδα Κυρηναϊκής · Αρχαιολογική άποψη,Ptolemais of Cyrenaica · Archaeological view,Πτολεμαΐδα Κυρηναϊκής: αρχαιολογική άποψη,Ptolemais of Cyrenaica: archaeological view,1600,1080,905bdb2b434d381497134fa31626040cafd40c113697d0fbe7c4ad666ea38b03,2026-08-15,reviewed
media-city-pydna-01,city-pydna,1,primary,assets/media/city-pydna/01.webp,https://commons.wikimedia.org/wiki/File:Architectural_member%2C_probably_from_a_temple%2C_first_half_of_5th_c._BC%2C_from_Pydna%2C_Archaeological_Museum%2C_Dion_(6930442886).jpg,https://upload.wikimedia.org/wikipedia/commons/4/4f/Architectural_member%2C_probably_from_a_temple%2C_first_half_of_5th_c._BC%2C_from_Pydna%2C_Archaeological_Museum%2C_Dion_%286930442886%29.jpg?utm_source=commons.wikimedia.org&utm_campaign=imageinfo&utm_content=original,"Architectural member, probably from a temple, first half of 5th c. BC, from Pydna, Archaeological Museum, Dion (6930442886).jpg","Carole Raddato from FRANKFURT, Germany",CC BY-SA 2.0,https://creativecommons.org/licenses/by-sa/2.0,"Architectural member, probably from a temple, first half of 5th c. BC, from Pydna, Archaeological Museum, Dion Uploaded by Marcus Cyron",Πύδνα · Αρχαιολογική άποψη,Pydna · Archaeological view,Πύδνα: αρχαιολογική άποψη,Pydna: archaeological view,1600,990,8757b1ae881d6eabb1fbce5fdf8f90ad46ac7c1becaf0d70e95437b1d014e86d,2026-08-15,reviewed
media-city-pydna-02,city-pydna,2,gallery,assets/media/city-pydna/02.webp,https://commons.wikimedia.org/wiki/File:Archaea_pydna_ancient.jpg,https://upload.wikimedia.org/wikipedia/commons/3/3e/Archaea_pydna_ancient.jpg?utm_source=commons.wikimedia.org&utm_campaign=imageinfo&utm_content=original,Archaea pydna ancient.jpg,Lemur12,CC BY-SA 4.0,https://creativecommons.org/licenses/by-sa/4.0,Own work,Πύδνα · Αρχαιολογική άποψη,Pydna · Archaeological view,Πύδνα: αρχαιολογική άποψη,Pydna: archaeological view,1280,960,35b960848df255680dacab1a461e72f5652765952c64074efe99484a9c16f95f,2026-08-15,reviewed
media-city-rhodes-city-01,city-rhodes-city,1,primary,assets/media/city-rhodes-city/01.webp,https://commons.wikimedia.org/wiki/File:Temple_of_Apollo%2C_Rhodes_01.jpg,https://upload.wikimedia.org/wikipedia/commons/b/bd/Temple_of_Apollo%2C_Rhodes_01.jpg?utm_source=commons.wikimedia.org&utm_campaign=imageinfo&utm_content=original,"Temple of Apollo, Rhodes 01.jpg",Bernard Gagnon,CC BY-SA 3.0,https://creativecommons.org/licenses/by-sa/3.0,Own work,Ρόδος · Αρχαιολογική άποψη,Rhodes · Archaeological view,Ρόδος: αρχαιολογική άποψη,Rhodes: archaeological view,1600,1148,10684d4db89749536c4cdf70a3e1a55bce912384889274424240b9b1cf2292be,2026-08-15,reviewed
media-city-rhodes-city-02,city-rhodes-city,2,gallery,assets/media/city-rhodes-city/02.webp,https://commons.wikimedia.org/wiki/File:Stadium_Rhodes.jpg,https://upload.wikimedia.org/wikipedia/commons/5/57/Stadium_Rhodes.jpg?utm_source=commons.wikimedia.org&utm_campaign=imageinfo&utm_content=original,Stadium Rhodes.jpg,Jebulon,CC0 1.0,https://creativecommons.org/publicdomain/zero/1.0/deed.en,Own work,Ρόδος · Αρχαιολογική άποψη,Rhodes · Archaeological view,Ρόδος: αρχαιολογική άποψη,Rhodes: archaeological view,1600,1065,cbec8e5e8f12d33073cd5ee787893538395665282e77d8537be4ff7134947bdc,2026-08-15,reviewed
media-city-samos-city-01,city-samos-city,1,primary,assets/media/city-samos-city/01.webp,https://commons.wikimedia.org/wiki/File:Pythagoreio_theatre_2.jpg,https://upload.wikimedia.org/wikipedia/commons/f/f8/Pythagoreio_theatre_2.jpg?utm_source=commons.wikimedia.org&utm_campaign=imageinfo&utm_content=original,Pythagoreio theatre 2.jpg,Tomisti,CC BY-SA 4.0,https://creativecommons.org/licenses/by-sa/4.0,Own work,Σάμος · Αρχαιολογική άποψη,Samos · Archaeological view,Σάμος: αρχαιολογική άποψη,Samos: archaeological view,1600,1200,4305b44333f651da51e5936a403bba7b023fc6ae28601857022ab6c9cce4bda8,2026-08-15,reviewed
media-city-samos-city-02,city-samos-city,2,gallery,assets/media/city-samos-city/02.webp,https://commons.wikimedia.org/wiki/File:Samos-Pythagoreio-1625-Fortification-walls.jpg,https://upload.wikimedia.org/wikipedia/commons/3/39/Samos-Pythagoreio-1625-Fortification-walls.jpg?utm_source=commons.wikimedia.org&utm_campaign=imageinfo&utm_content=original,Samos-Pythagoreio-1625-Fortification-walls.jpg,Bukvoed,CC BY 4.0,https://creativecommons.org/licenses/by/4.0,Own work,Σάμος · Αρχαιολογική άποψη,Samos · Archaeological view,Σάμος: αρχαιολογική άποψη,Samos: archaeological view,1600,898,b4fcb244d1ce15270f6b0282450f62610448b7c8b6a238c25ed05b165acc88e4,2026-08-15,reviewed
media-city-sicyon-01,city-sicyon,1,primary,assets/media/city-sicyon/01.webp,https://commons.wikimedia.org/wiki/File:Sikyon_ancient_theatre.jpg,https://upload.wikimedia.org/wikipedia/commons/0/06/Sikyon_ancient_theatre.jpg?utm_source=commons.wikimedia.org&utm_campaign=imageinfo&utm_content=original,Sikyon ancient theatre.jpg,Future Perfect at Sunrise,Public domain,https://creativecommons.org/publicdomain/mark/1.0/,Own work,Σικυώνα · Αρχαιολογική άποψη,Sicyon · Archaeological view,Σικυώνα: αρχαιολογική άποψη,Sicyon: archaeological view,1600,1200,d44d22e863d90378a6baefb92b6c810815e228c6571cc568f5a31aa4faccb4b5,2026-08-15,reviewed
media-city-sicyon-02,city-sicyon,2,gallery,assets/media/city-sicyon/02.webp,https://commons.wikimedia.org/wiki/File:The_Theatre_of_Sicyon_on_April_8%2C_2019.jpg,https://upload.wikimedia.org/wikipedia/commons/2/29/The_Theatre_of_Sicyon_on_April_8%2C_2019.jpg?utm_source=commons.wikimedia.org&utm_campaign=imageinfo&utm_content=original,"The Theatre of Sicyon on April 8, 2019.jpg",George E. Koronaios,CC0 1.0,https://creativecommons.org/publicdomain/zero/1.0/deed.en,Own work,Σικυώνα · Αρχαιολογική άποψη,Sicyon · Archaeological view,Σικυώνα: αρχαιολογική άποψη,Sicyon: archaeological view,1600,1067,a5085c571e83901da734089d7f398590ec67bcf665cf8e31856c60ca24048ba8,2026-08-15,reviewed
media-city-smyrna-01,city-smyrna,1,primary,assets/media/city-smyrna/01.webp,https://commons.wikimedia.org/wiki/File:Pauly-Wissowa_III_A%2C1%2C_0747_Map_Smyrna.png,https://upload.wikimedia.org/wikipedia/commons/6/69/Pauly-Wissowa_III_A%2C1%2C_0747_Map_Smyrna.png?utm_source=commons.wikimedia.org&utm_campaign=imageinfo&utm_content=original,"Pauly-Wissowa III A,1, 0747 Map Smyrna.png",Ludwig Bürchner,Public domain,https://creativecommons.org/publicdomain/mark/1.0/,"Paulys Realencyclopädie der classischen Altertumswissenschaft, Band III A,1, Sp. 749-750",Σμύρνη · Ιστορικός χάρτης,Smyrna · Historical map,Σμύρνη: ιστορικόσ χάρτησ,Smyrna: historical map,993,739,acd119d037ff89268ccb4a1ad7c3074ff70708afef1e2ca6b0b6eeda668863af,2026-08-15,reviewed
media-city-smyrna-02,city-smyrna,2,gallery,assets/media/city-smyrna/02.webp,https://commons.wikimedia.org/wiki/File:Aeolic_Capital.jpg,https://upload.wikimedia.org/wikipedia/commons/1/11/Aeolic_Capital.jpg?utm_source=commons.wikimedia.org&utm_campaign=imageinfo&utm_content=original,Aeolic Capital.jpg,Isabeau,CC BY-SA 4.0,https://creativecommons.org/licenses/by-sa/4.0,Own work,Σμύρνη · Αρχαιολογική άποψη,Smyrna · Archaeological view,Σμύρνη: αρχαιολογική άποψη,Smyrna: archaeological view,1600,1067,31655b660281b0cc25cf6c513013b4088a99fb5791d6db03c61f7f0ec4e69fb7,2026-08-15,reviewed
media-city-sparta-01,city-sparta,1,primary,assets/media/city-sparta/01.webp,https://commons.wikimedia.org/wiki/File:Ancient_Sparta_theatre_ruins.jpg,https://upload.wikimedia.org/wikipedia/commons/d/d2/Ancient_Sparta_theatre_ruins.jpg?utm_source=commons.wikimedia.org&utm_campaign=imageinfo&utm_content=original,Ancient Sparta theatre ruins.jpg,Peulle,CC BY-SA 4.0,https://creativecommons.org/licenses/by-sa/4.0,Own work,Σπάρτη · Αρχαιολογική άποψη,Sparta · Archaeological view,Σπάρτη: αρχαιολογική άποψη,Sparta: archaeological view,1600,1060,4588f333eb99dbfdad90226f159c3c6d8f0773910020e700e35655f72aca49f8,2026-08-15,reviewed
media-city-sparta-02,city-sparta,2,gallery,assets/media/city-sparta/02.webp,https://commons.wikimedia.org/wiki/File:The_ruins_of_the_ancient_Theatre_of_Sparta_on_May_15%2C_2019.jpg,https://upload.wikimedia.org/wikipedia/commons/0/01/The_ruins_of_the_ancient_Theatre_of_Sparta_on_May_15%2C_2019.jpg?utm_source=commons.wikimedia.org&utm_campaign=imageinfo&utm_content=original,"The ruins of the ancient Theatre of Sparta on May 15, 2019.jpg",George E. Koronaios,CC0 1.0,https://creativecommons.org/publicdomain/zero/1.0/deed.en,Own work,Σπάρτη · Αρχαιολογική άποψη,Sparta · Archaeological view,Σπάρτη: αρχαιολογική άποψη,Sparta: archaeological view,1600,1067,9b2ae8ca4d9628b2a475097ded1ff26b2b7625be1aeb9b86ef600a4cd9213f18,2026-08-15,reviewed
media-city-tegea-01,city-tegea,1,primary,assets/media/city-tegea/01.webp,https://commons.wikimedia.org/wiki/File:Archaeological_site_of_the_Temple_of_Athena_Alea_at_Tegea_(2017%2C_image_1).jpg,https://upload.wikimedia.org/wikipedia/commons/1/1b/Archaeological_site_of_the_Temple_of_Athena_Alea_at_Tegea_%282017%2C_image_1%29.jpg?utm_source=commons.wikimedia.org&utm_campaign=imageinfo&utm_content=original,"Archaeological site of the Temple of Athena Alea at Tegea (2017, image 1).jpg",Gregor Hagedorn,CC BY-SA 4.0,https://creativecommons.org/licenses/by-sa/4.0,Own work,Τεγέα · Αρχαιολογική άποψη,Tegea · Archaeological view,Τεγέα: αρχαιολογική άποψη,Tegea: archaeological view,1600,900,ffd2862675e7a1565cd78e291135377da0379b44662943d8f88557cb53bd0eaf,2026-08-15,reviewed
media-city-tegea-02,city-tegea,2,gallery,assets/media/city-tegea/02.webp,https://commons.wikimedia.org/wiki/File:Base_of_semicolumn_of_the_Temple_of_Athena_Alea%2C_Archaeological_Museum_of_Tegea_(2017).jpg,https://upload.wikimedia.org/wikipedia/commons/c/cc/Base_of_semicolumn_of_the_Temple_of_Athena_Alea%2C_Archaeological_Museum_of_Tegea_%282017%29.jpg?utm_source=commons.wikimedia.org&utm_campaign=imageinfo&utm_content=original,"Base of semicolumn of the Temple of Athena Alea, Archaeological Museum of Tegea (2017).jpg",Gregor Hagedorn,CC BY-SA 4.0,https://creativecommons.org/licenses/by-sa/4.0,Own work,Τεγέα · Αρχαιολογική άποψη,Tegea · Archaeological view,Τεγέα: αρχαιολογική άποψη,Tegea: archaeological view,1600,897,80b3dedf290b72c119d55f4672598be1c70c6f041c001fdd1f8b88df1d7c79b8,2026-08-15,reviewed
media-city-thebes-boeotia-01,city-thebes-boeotia,1,primary,assets/media/city-thebes-boeotia/01.webp,https://commons.wikimedia.org/wiki/File:Plans_of_two_Temples%2C_and_of_some_Ruins_at_Thebes%2C_on_the_West_-_Pococke_Richard_-_1743.jpg,https://upload.wikimedia.org/wikipedia/commons/a/a9/Plans_of_two_Temples%2C_and_of_some_Ruins_at_Thebes%2C_on_the_West_-_Pococke_Richard_-_1743.jpg?utm_source=commons.wikimedia.org&utm_campaign=imageinfo&utm_content=original,"Plans of two Temples, and of some Ruins at Thebes, on the West - Pococke Richard - 1743.jpg",Richard Pococke,Public domain,https://creativecommons.org/publicdomain/mark/1.0/,http://eng.travelogues.gr/collection.php?view=230,Θήβα · Ιστορικός χάρτης,Thebes · Historical map,Θήβα: ιστορικόσ χάρτησ,Thebes: historical map,921,1500,74d3f9d1d16688da588b4e35ead83320be4bb57c326b96441bcfcbecdf16b72d,2026-08-15,reviewed
media-city-thebes-boeotia-02,city-thebes-boeotia,2,gallery,assets/media/city-thebes-boeotia/02.webp,https://commons.wikimedia.org/wiki/File:AFR_V1_D470_Ruins_of_Thebes-Propylon_or_northern_gate.jpg,https://upload.wikimedia.org/wikipedia/commons/a/a0/AFR_V1_D470_Ruins_of_Thebes-Propylon_or_northern_gate.jpg?utm_source=commons.wikimedia.org&utm_campaign=imageinfo&utm_content=original,AFR V1 D470 Ruins of Thebes-Propylon or northern gate.jpg,unknown - drawings in the book,Public domain,https://creativecommons.org/publicdomain/mark/1.0/,Internet Archive identifier: africatheearth01recluoft,Θήβα · Αρχαιολογική άποψη,Thebes · Archaeological view,Θήβα: αρχαιολογική άποψη,Thebes: archaeological view,1306,1600,346ef08c9290f680a59bf1c26f10a5900094c9c0125c3181b4d73769f82416ea,2026-08-15,reviewed
media-city-thera-city-01,city-thera-city,1,primary,assets/media/city-thera-city/01.webp,https://commons.wikimedia.org/wiki/File:Ancient_Thera_1.jpg,https://upload.wikimedia.org/wikipedia/commons/7/74/Ancient_Thera_1.jpg?utm_source=commons.wikimedia.org&utm_campaign=imageinfo&utm_content=original,Ancient Thera 1.jpg,Tomisti,CC BY-SA 3.0,https://creativecommons.org/licenses/by-sa/3.0,Own work,Θήρα · Αρχαιολογική άποψη,Thera · Archaeological view,Θήρα: αρχαιολογική άποψη,Thera: archaeological view,1600,973,8791b85303a4c77d5ff01a4be53c5a79aa884a740f18ef126cd5d2c29ef02497,2026-08-15,reviewed
media-city-thera-city-02,city-thera-city,2,gallery,assets/media/city-thera-city/02.webp,https://commons.wikimedia.org/wiki/File:Ancient_Thera_2.jpg,https://upload.wikimedia.org/wikipedia/commons/b/b9/Ancient_Thera_2.jpg?utm_source=commons.wikimedia.org&utm_campaign=imageinfo&utm_content=original,Ancient Thera 2.jpg,Tomisti,CC BY-SA 3.0,https://creativecommons.org/licenses/by-sa/3.0,Own work,Θήρα · Αρχαιολογική άποψη,Thera · Archaeological view,Θήρα: αρχαιολογική άποψη,Thera: archaeological view,1600,1200,d79fe42ec7f989270a5ed455971f996c216b5789419dd58427f717f2053986a2,2026-08-15,reviewed
media-city-thessalonica-01,city-thessalonica,1,primary,assets/media/city-thessalonica/01.webp,https://commons.wikimedia.org/wiki/File:Thessaloniki%2C_Antike_Agora_-_Forum_Romanum_(47832110941).jpg,https://upload.wikimedia.org/wikipedia/commons/a/a0/Thessaloniki%2C_Antike_Agora_-_Forum_Romanum_%2847832110941%29.jpg?utm_source=commons.wikimedia.org&utm_campaign=imageinfo&utm_content=original,"Thessaloniki, Antike Agora - Forum Romanum (47832110941).jpg","Herbert Frank from Wien (Vienna), AT",CC BY 2.0,https://creativecommons.org/licenses/by/2.0,"Thessaloniki, Antike Agora - Forum Romanum",Θεσσαλονίκη · Αρχαιολογική άποψη,Thessalonica · Archaeological view,Θεσσαλονίκη: αρχαιολογική άποψη,Thessalonica: archaeological view,1600,1067,b7488f62c9723819719c7be58e4011e53578bf2dc2e219c954e518c667508d39,2026-08-15,reviewed
media-city-thessalonica-02,city-thessalonica,2,gallery,assets/media/city-thessalonica/02.webp,https://commons.wikimedia.org/wiki/File:Erotes_sarcophagus_from_Thessalonica_2380.jpg,https://upload.wikimedia.org/wikipedia/commons/4/4e/Erotes_sarcophagus_from_Thessalonica_2380.jpg?utm_source=commons.wikimedia.org&utm_campaign=imageinfo&utm_content=original,Erotes sarcophagus from Thessalonica 2380.jpg,Dosseman,CC BY-SA 4.0,https://creativecommons.org/licenses/by-sa/4.0,Own work,Θεσσαλονίκη · Αρχαιολογική άποψη,Thessalonica · Archaeological view,Θεσσαλονίκη: αρχαιολογική άποψη,Thessalonica: archaeological view,1600,1063,483f6c916660d49acf3ca46d669306940b116e1bd73f41f7576f7610135a683e,2026-08-15,reviewed
media-colony-abydos-01,colony-abydos,1,primary,assets/media/colony-abydos/01.webp,https://commons.wikimedia.org/wiki/File:Ruines_d%27Abydos_-_Choiseul-gouffier_Gabriel_Florent_Auguste_De_-_1822.jpg,https://upload.wikimedia.org/wikipedia/commons/a/ae/Ruines_d%27Abydos_-_Choiseul-gouffier_Gabriel_Florent_Auguste_De_-_1822.jpg?utm_source=commons.wikimedia.org&utm_campaign=imageinfo&utm_content=original,Ruines d'Abydos - Choiseul-gouffier Gabriel Florent Auguste De - 1822.jpg,Marie-Gabriel-Florent-Auguste Comte de Choiseul-Gouffier,Public domain,https://creativecommons.org/publicdomain/mark/1.0/,http://eng.travelogues.gr/collection.php?view=119,Άβυδος · Αρχαιολογική άποψη,Abydos · Archaeological view,Άβυδος: αρχαιολογική άποψη,Abydos: archaeological view,1500,814,72ce178103f1473a6bd664ded4e79e308e45f0b27e6de8dbb7f0771e5b5a9364,2026-08-15,reviewed
media-colony-abydos-02,colony-abydos,2,gallery,assets/media/colony-abydos/02.webp,https://commons.wikimedia.org/wiki/File:Plan_de_l%27Emplacement_d%27Abydos_et_de_la_Rade_de_Nagara_-_Choiseul-gouffier_Gabriel_Florent_Auguste_De_-_1822.jpg,https://upload.wikimedia.org/wikipedia/commons/7/7c/Plan_de_l%27Emplacement_d%27Abydos_et_de_la_Rade_de_Nagara_-_Choiseul-gouffier_Gabriel_Florent_Auguste_De_-_1822.jpg?utm_source=commons.wikimedia.org&utm_campaign=imageinfo&utm_content=original,Plan de l'Emplacement d'Abydos et de la Rade de Nagara - Choiseul-gouffier Gabriel Florent Auguste De - 1822.jpg,Marie-Gabriel-Florent-Auguste Comte de Choiseul-Gouffier,Public domain,https://creativecommons.org/publicdomain/mark/1.0/,http://eng.travelogues.gr/collection.php?view=119,Άβυδος · Ιστορικός χάρτης,Abydos · Historical map,Άβυδος: ιστορικόσ χάρτησ,Abydos: historical map,1600,923,682d13cc794c0ca9c1a6f47d7b26f3b16ae9cd71e08f767a9b3c55d97fdd290e,2026-08-15,reviewed
media-colony-akragas-01,colony-akragas,1,primary,assets/media/colony-akragas/01.webp,https://commons.wikimedia.org/wiki/File:Akragas_-_471-430_BC_-_silver_tetradrachm_-_eagle_-_crab_-_M%C3%BCnchen_SMS.jpg,https://upload.wikimedia.org/wikipedia/commons/a/a2/Akragas_-_471-430_BC_-_silver_tetradrachm_-_eagle_-_crab_-_M%C3%BCnchen_SMS.jpg?utm_source=commons.wikimedia.org&utm_campaign=imageinfo&utm_content=original,Akragas - 471-430 BC - silver tetradrachm - eagle - crab - München SMS.jpg,ArchaiOptix,CC BY-SA 4.0,https://creativecommons.org/licenses/by-sa/4.0,Own work,Ακράγαντας · Αρχαίο έργο ή εύρημα,Akragas · Ancient artwork or object,Ακράγαντας: αρχαίο έργο ή εύρημα,Akragas: ancient artwork or object,1600,1600,f796f8b4236f3711789f7c000fc8eb021f9f9624cd81a6151c6cdfb99663125d,2026-08-15,reviewed
media-colony-akragas-02,colony-akragas,2,gallery,assets/media/colony-akragas/02.webp,https://commons.wikimedia.org/wiki/File:Akragas_-_464-450_BC_-_silver_tetradrachm_-_eagle_-_crab_-_Berlin_MK_AM_18206066.jpg,https://upload.wikimedia.org/wikipedia/commons/3/31/Akragas_-_464-450_BC_-_silver_tetradrachm_-_eagle_-_crab_-_Berlin_MK_AM_18206066.jpg?utm_source=commons.wikimedia.org&utm_campaign=imageinfo&utm_content=original,Akragas - 464-450 BC - silver tetradrachm - eagle - crab - Berlin MK AM 18206066.jpg,ArchaiOptix,CC BY-SA 4.0,https://creativecommons.org/licenses/by-sa/4.0,Own work,Ακράγαντας · Αρχαίο έργο ή εύρημα,Akragas · Ancient artwork or object,Ακράγαντας: αρχαίο έργο ή εύρημα,Akragas: ancient artwork or object,1600,1600,427edef363bac3d07a89149792f528b0ede091dea8badf099ffa503df0ab2278,2026-08-15,reviewed
media-colony-ambracia-01,colony-ambracia,1,primary,assets/media/colony-ambracia/01.webp,https://commons.wikimedia.org/wiki/File:Small_theatre_of_Ambracia_1.jpg,https://upload.wikimedia.org/wikipedia/commons/6/66/Small_theatre_of_Ambracia_1.jpg?utm_source=commons.wikimedia.org&utm_campaign=imageinfo&utm_content=original,Small theatre of Ambracia 1.jpg,Dodos2013,CC BY-SA 4.0,https://creativecommons.org/licenses/by-sa/4.0,Own work,Αμβρακία · Αρχαιολογική άποψη,Ambracia · Archaeological view,Αμβρακία: αρχαιολογική άποψη,Ambracia: archaeological view,1600,994,c3df08ee129443af1c6d345f4b2a11238a3e5790c72170443cc7700145db79b8,2026-08-15,reviewed
media-colony-ambracia-02,colony-ambracia,2,gallery,assets/media/colony-ambracia/02.webp,https://commons.wikimedia.org/wiki/File:Small_theatre_of_Ambracia_2.jpg,https://upload.wikimedia.org/wikipedia/commons/0/08/Small_theatre_of_Ambracia_2.jpg?utm_source=commons.wikimedia.org&utm_campaign=imageinfo&utm_content=original,Small theatre of Ambracia 2.jpg,Dodos2013,CC BY-SA 4.0,https://creativecommons.org/licenses/by-sa/4.0,Own work,Αμβρακία · Αρχαιολογική άποψη,Ambracia · Archaeological view,Αμβρακία: αρχαιολογική άποψη,Ambracia: archaeological view,1600,1200,9b6b061108852edbea4f12529da6f00394933186bd827a150fc4b9bc92a36094,2026-08-15,reviewed
media-colony-amisus-01,colony-amisus,1,primary,assets/media/colony-amisus/01.webp,https://commons.wikimedia.org/wiki/File:Amisos_Tepesi%27nde_kuzey_t%C3%BCm%C3%BCl%C3%BCs%C3%BC.JPG,https://upload.wikimedia.org/wikipedia/commons/3/3e/Amisos_Tepesi%27nde_kuzey_t%C3%BCm%C3%BCl%C3%BCs%C3%BC.JPG?utm_source=commons.wikimedia.org&utm_campaign=imageinfo&utm_content=original,Amisos Tepesi'nde kuzey tümülüsü.JPG,Cobija,CC BY-SA 3.0,https://creativecommons.org/licenses/by-sa/3.0,Own work,Αμισός · Αρχαιολογική άποψη,Amisus · Archaeological view,Αμισός: αρχαιολογική άποψη,Amisus: archaeological view,1600,1200,92028c164caeb469441a2b5cc0478ba11df62beb00d1cfba6166239aaa3d86f8,2026-08-15,reviewed
media-colony-amisus-02,colony-amisus,2,gallery,assets/media/colony-amisus/02.webp,https://commons.wikimedia.org/wiki/File:Greek_coin%2C_bronze_coin_of_Amisus_(FindID_875996).jpg,https://upload.wikimedia.org/wikipedia/commons/b/b3/Greek_coin%2C_bronze_coin_of_Amisus_%28FindID_875996%29.jpg?utm_source=commons.wikimedia.org&utm_campaign=imageinfo&utm_content=original,"Greek coin, bronze coin of Amisus (FindID 875996).jpg","The British Museum, Andrew Brown, 2017-11-22 13:50:42",CC BY 2.0,https://creativecommons.org/licenses/by/2.0,The British Museum,Αμισός · Αρχαίο έργο ή εύρημα,Amisus · Ancient artwork or object,Αμισός: αρχαίο έργο ή εύρημα,Amisus: ancient artwork or object,1600,953,522ec3596e5f46b87f05e79086252e012bb38c203e2743988c207dd91f5f0858,2026-08-15,reviewed
media-colony-amphipolis-01,colony-amphipolis,1,primary,assets/media/colony-amphipolis/01.webp,https://commons.wikimedia.org/wiki/File:Liontari_of_Amphipolis.jpg,https://upload.wikimedia.org/wikipedia/commons/3/3b/Liontari_of_Amphipolis.jpg?utm_source=commons.wikimedia.org&utm_campaign=imageinfo&utm_content=original,Liontari of Amphipolis.jpg,Vlahos Vaggelis,CC BY 2.5,https://creativecommons.org/licenses/by/2.5,Own work,Αμφίπολη · Αρχαιολογική άποψη,Amphipolis · Archaeological view,Αμφίπολη: αρχαιολογική άποψη,Amphipolis: archaeological view,1200,958,19d75a9eb8888720ecce4fdf4295f99fbb24e2c729015a8f5f2d35aafa820119,2026-08-15,reviewed
media-colony-amphipolis-02,colony-amphipolis,2,gallery,assets/media/colony-amphipolis/02.webp,https://commons.wikimedia.org/wiki/File:Amphipolis_Gymnasion.jpg,https://upload.wikimedia.org/wikipedia/commons/0/06/Amphipolis_Gymnasion.jpg?utm_source=commons.wikimedia.org&utm_campaign=imageinfo&utm_content=original,Amphipolis Gymnasion.jpg,Juergen Weidner,CC BY-SA 4.0,https://creativecommons.org/licenses/by-sa/4.0,Own work,Αμφίπολη · Αρχαιολογική άποψη,Amphipolis · Archaeological view,Αμφίπολη: αρχαιολογική άποψη,Amphipolis: archaeological view,1600,1200,f1181e3fb85b1cf8cc1e9edd2a5cd6a82ea4df4d91e35fc3b311950576309c9d,2026-08-15,reviewed
media-colony-ancona-01,colony-ancona,1,primary,assets/media/colony-ancona/01.webp,https://commons.wikimedia.org/wiki/File:Anfiteatro_romano_di_Ancona_(81427).jpg,https://upload.wikimedia.org/wikipedia/commons/f/f0/Anfiteatro_romano_di_Ancona_%2881427%29.jpg?utm_source=commons.wikimedia.org&utm_campaign=imageinfo&utm_content=original,Anfiteatro romano di Ancona (81427).jpg,Accurimbono,CC BY-SA 4.0,https://creativecommons.org/licenses/by-sa/4.0,Own work,Αγκών · Αρχαιολογική άποψη,Ancon · Archaeological view,Αγκών: αρχαιολογική άποψη,Ancon: archaeological view,1600,1202,69e31cd6ebe179c91deab591695ae13181849f08a3959e3d2746fb91ad4b4a84,2026-08-15,reviewed
media-colony-ancona-02,colony-ancona,2,gallery,assets/media/colony-ancona/02.webp,https://commons.wikimedia.org/wiki/File:Anfiteatro_romano_di_Ancona_(26884).jpg,https://upload.wikimedia.org/wikipedia/commons/6/62/Anfiteatro_romano_di_Ancona_%2826884%29.jpg?utm_source=commons.wikimedia.org&utm_campaign=imageinfo&utm_content=original,Anfiteatro romano di Ancona (26884).jpg,Accurimbono,CC BY-SA 4.0,https://creativecommons.org/licenses/by-sa/4.0,Own work,Αγκών · Αρχαιολογική άποψη,Ancon · Archaeological view,Αγκών: αρχαιολογική άποψη,Ancon: archaeological view,1600,1202,f14615db7473a027a01d4fee30f6684aafd8c97dcdfea3e2e0db7d778cfcafa9,2026-08-15,reviewed
media-colony-apollonia-cyrenaica-01,colony-apollonia-cyrenaica,1,primary,assets/media/colony-apollonia-cyrenaica/01.webp,https://commons.wikimedia.org/wiki/File:Apollonia_ruins_1.jpg,https://upload.wikimedia.org/wikipedia/commons/f/f3/Apollonia_ruins_1.jpg?utm_source=commons.wikimedia.org&utm_campaign=imageinfo&utm_content=original,Apollonia ruins 1.jpg,Maher27777,Public domain,https://creativecommons.org/publicdomain/mark/1.0/,Own work,Απολλωνία Κυρηναϊκής · Αρχαιολογική άποψη,Apollonia of Cyrenaica · Archaeological view,Απολλωνία Κυρηναϊκής: αρχαιολογική άποψη,Apollonia of Cyrenaica: archaeological view,1280,1024,01cfb8161bfda9d29912e7b7b48092fba2cd72833552711534db944a40e58c95,2026-08-15,reviewed
media-colony-apollonia-cyrenaica-02,colony-apollonia-cyrenaica,2,gallery,assets/media/colony-apollonia-cyrenaica/02.webp,https://commons.wikimedia.org/wiki/File:Apollonia_ruins_2.jpg,https://upload.wikimedia.org/wikipedia/commons/1/16/Apollonia_ruins_2.jpg?utm_source=commons.wikimedia.org&utm_campaign=imageinfo&utm_content=original,Apollonia ruins 2.jpg,Maher27777,Public domain,https://creativecommons.org/publicdomain/mark/1.0/,Own work,Απολλωνία Κυρηναϊκής · Αρχαιολογική άποψη,Apollonia of Cyrenaica · Archaeological view,Απολλωνία Κυρηναϊκής: αρχαιολογική άποψη,Apollonia of Cyrenaica: archaeological view,1280,1024,3821c3bc16f354d88b5d0cac108bda71c4746bdb6f389d9b1e54b2ab375e3e02,2026-08-15,reviewed
media-colony-apollonia-illyria-01,colony-apollonia-illyria,1,primary,assets/media/colony-apollonia-illyria/01.webp,https://commons.wikimedia.org/wiki/File:Ruins_of_a_temple_of_Apollonia%2C_Albania_01.jpg,https://upload.wikimedia.org/wikipedia/commons/7/73/Ruins_of_a_temple_of_Apollonia%2C_Albania_01.jpg?utm_source=commons.wikimedia.org&utm_campaign=imageinfo&utm_content=original,"Ruins of a temple of Apollonia, Albania 01.jpg","Carole Raddato from Frankfurt, Germany",CC BY-SA 2.0,https://creativecommons.org/licenses/by-sa/2.0,"Foundations of a temple located along the sacred road built in the 2nd century BC and possibly renovated in the 2nd century AD, Apollonia, Albania",Απολλωνία Ιλλυρίας · Αρχαιολογική άποψη,Apollonia · Archaeological view,Απολλωνία Ιλλυρίας: αρχαιολογική άποψη,Apollonia: archaeological view,1600,1060,52c5786b8f773ded8f1cbfc5bf37bb80dcf49b0363693d6792976803b9ad4905,2026-08-15,reviewed
media-colony-apollonia-illyria-02,colony-apollonia-illyria,2,gallery,assets/media/colony-apollonia-illyria/02.webp,https://commons.wikimedia.org/wiki/File:Ruins_of_Apollonia_viewing_to_the_sea.jpg,https://upload.wikimedia.org/wikipedia/commons/5/5b/Ruins_of_Apollonia_viewing_to_the_sea.jpg?utm_source=commons.wikimedia.org&utm_campaign=imageinfo&utm_content=original,Ruins of Apollonia viewing to the sea.jpg,Théodore Brauner,Public domain,https://creativecommons.org/publicdomain/mark/1.0/,"This is available from National Photo Collection of Israel, Photography dept. Government Press Office (link), under the digital ID D515-096. This tag does not indicate the copyright status of the attached work. A normal copyright tag is still required. See Commons:Licensing for more information.",Απολλωνία Ιλλυρίας · Αρχαιολογική άποψη,Apollonia · Archaeological view,Απολλωνία Ιλλυρίας: αρχαιολογική άποψη,Apollonia: archaeological view,1600,1067,a4708a1d573c833749d9d6e74b6965fa747ba2420acd1c1fe810b25d3fef4f90,2026-08-15,reviewed
media-colony-apollonia-pontica-01,colony-apollonia-pontica,1,primary,assets/media/colony-apollonia-pontica/01.webp,https://commons.wikimedia.org/wiki/File:Apollonia_Pontica_tetradrachm.jpg,https://upload.wikimedia.org/wikipedia/commons/1/12/Apollonia_Pontica_tetradrachm.jpg?utm_source=commons.wikimedia.org&utm_campaign=imageinfo&utm_content=original,Apollonia Pontica tetradrachm.jpg,"Classical Numismatic Group (CNG), Inc., www.cngcoins.com",CC BY-SA 3.0,https://creativecommons.org/licenses/by-sa/3.0/,"Classical Numismatic Group, Inc. http://www.cngcoins.com",Απολλωνία Ποντική · Αρχαίο έργο ή εύρημα,Apollonia Pontica · Ancient artwork or object,Απολλωνία Ποντική: αρχαίο έργο ή εύρημα,Apollonia Pontica: ancient artwork or object,1600,862,e458781e9687249d4c5b66838e2355dc7fefd68f4a21af43ca7ebeab7aea88b3,2026-08-15,reviewed
media-colony-apollonia-pontica-02,colony-apollonia-pontica,2,gallery,assets/media/colony-apollonia-pontica/02.webp,https://commons.wikimedia.org/wiki/File:Drachme_d%27Apollonia_Pontica_repr%C3%A9sentant_la_M%C3%A9duse.jpg,https://upload.wikimedia.org/wikipedia/commons/0/01/Drachme_d%27Apollonia_Pontica_repr%C3%A9sentant_la_M%C3%A9duse.jpg?utm_source=commons.wikimedia.org&utm_campaign=imageinfo&utm_content=original,Drachme d'Apollonia Pontica représentant la Méduse.jpg,cgb,CC BY-SA 3.0,https://creativecommons.org/licenses/by-sa/3.0,"https://www.cgb.fr/thrace-apollonia-pontica-drachme,bgr_258501,a.html",Απολλωνία Ποντική · Αρχαιολογική άποψη,Apollonia Pontica · Archaeological view,Απολλωνία Ποντική: αρχαιολογική άποψη,Apollonia Pontica: archaeological view,1200,615,10d62b2aa2ce45093e1d108e298482764892bd9c6235bb3553afe6ff0721d75c,2026-08-15,reviewed
media-colony-assos-01,colony-assos,1,primary,assets/media/colony-assos/01.webp,https://commons.wikimedia.org/wiki/File:Assos.jpg,https://upload.wikimedia.org/wikipedia/commons/a/a4/Assos.jpg?utm_source=commons.wikimedia.org&utm_campaign=imageinfo&utm_content=original,Assos.jpg,Gregorof at English Wikipedia,CC BY-SA 2.5,https://creativecommons.org/licenses/by-sa/2.5,Took the picture myself. Transferred from en.wikipedia to Commons.,Άσσος · Αρχαιολογική άποψη,Assos · Archaeological view,Άσσος: αρχαιολογική άποψη,Assos: archaeological view,1600,1200,35d841b6a1056ec03bf6c07652483e43eb05b9496c44faa674172726c4cc392c,2026-08-15,reviewed
media-colony-assos-02,colony-assos,2,gallery,assets/media/colony-assos/02.webp,https://commons.wikimedia.org/wiki/File:Assos_Antik_Kenti%2C_Temple_of_Athena.jpg,https://upload.wikimedia.org/wikipedia/commons/4/4c/Assos_Antik_Kenti%2C_Temple_of_Athena.jpg?utm_source=commons.wikimedia.org&utm_campaign=imageinfo&utm_content=original,"Assos Antik Kenti, Temple of Athena.jpg",Ferit BAYCUMAN,CC BY-SA 4.0,https://creativecommons.org/licenses/by-sa/4.0,Own work,Άσσος · Αρχαιολογική άποψη,Assos · Archaeological view,Άσσος: αρχαιολογική άποψη,Assos: archaeological view,1600,900,ca7a144a71eff5cfe77377a6fa99a71bfbf2297b1796789eac390c57da2eac0d,2026-08-15,reviewed
media-colony-barca-cyrenaica-01,colony-barca-cyrenaica,1,primary,assets/media/colony-barca-cyrenaica/01.webp,https://commons.wikimedia.org/wiki/File:Moneta_di_barce%2C_400-350_ac_ca%2C_inv._570.jpg,https://upload.wikimedia.org/wikipedia/commons/4/49/Moneta_di_barce%2C_400-350_ac_ca%2C_inv._570.jpg?utm_source=commons.wikimedia.org&utm_campaign=imageinfo&utm_content=original,"Moneta di barce, 400-350 ac ca, inv. 570.jpg",Sailko,CC BY 3.0,https://creativecommons.org/licenses/by/3.0,Own work,Βάρκη · Αρχαιολογική άποψη,Barca · Archaeological view,Βάρκη: αρχαιολογική άποψη,Barca: archaeological view,1208,1168,954e4e287a2104568afa707f468d5423d70726877b90fd40f60a13277ba0939f,2026-08-15,reviewed
media-colony-barca-cyrenaica-02,colony-barca-cyrenaica,2,gallery,assets/media/colony-barca-cyrenaica/02.webp,https://commons.wikimedia.org/wiki/File:Coin_minted_in_Achaemenid_Barce_(Barca).jpg,https://upload.wikimedia.org/wikipedia/commons/b/b7/Coin_minted_in_Achaemenid_Barce_%28Barca%29.jpg?utm_source=commons.wikimedia.org&utm_campaign=imageinfo&utm_content=original,Coin minted in Achaemenid Barce (Barca).jpg,User:LouisAragon (uploader),CC BY-SA 2.5,https://creativecommons.org/licenses/by-sa/2.5,"Classical Numismatic Group, Inc. http://www.cngcoins.com",Βάρκη · Αρχαίο έργο ή εύρημα,Barca · Ancient artwork or object,Βάρκη: αρχαίο έργο ή εύρημα,Barca: ancient artwork or object,800,391,c0c9899b8e826f861520dfc00c8b26c2b0843d4c373b3dc0a86dc09b48526d69,2026-08-15,reviewed
media-colony-byzantium-01,colony-byzantium,1,primary,assets/media/colony-byzantium/01.webp,https://commons.wikimedia.org/wiki/File:Drachmen_Byzantion.JPG,https://upload.wikimedia.org/wikipedia/commons/e/e5/Drachmen_Byzantion.JPG?utm_source=commons.wikimedia.org&utm_campaign=imageinfo&utm_content=original,Drachmen Byzantion.JPG,Hermann Junghans,CC BY-SA 3.0,https://creativecommons.org/licenses/by-sa/3.0/de/deed.en,Own work Original text: eigenes Werk,Βυζάντιο · Αρχαιολογική άποψη,Byzantium · Archaeological view,Βυζάντιο: αρχαιολογική άποψη,Byzantium: archaeological view,1600,898,693ad0e65722b85b625b3604bf8f246366590c69ba89d05e2689fb07f3c6d5d3,2026-08-15,reviewed
media-colony-byzantium-02,colony-byzantium,2,gallery,assets/media/colony-byzantium/02.webp,https://commons.wikimedia.org/wiki/File:Drachme_Byzantion_Rs.JPG,https://upload.wikimedia.org/wikipedia/commons/6/61/Drachme_Byzantion_Rs.JPG?utm_source=commons.wikimedia.org&utm_campaign=imageinfo&utm_content=original,Drachme Byzantion Rs.JPG,Hermann Junghans,CC BY-SA 3.0,https://creativecommons.org/licenses/by-sa/3.0/de/deed.en,Own work Original text: eigenes Werk,Βυζάντιο · Αρχαιολογική άποψη,Byzantium · Archaeological view,Βυζάντιο: αρχαιολογική άποψη,Byzantium: archaeological view,1600,1467,1938500a90d85168f7645f969d0150ae219233e2a04d257e1609ca842c785eeb,2026-08-15,reviewed
media-colony-callatis-01,colony-callatis,1,primary,assets/media/colony-callatis/01.webp,https://commons.wikimedia.org/wiki/File:Situl_Arheologic_Callatis_CT-I-s-A-02696_(3).jpg,https://upload.wikimedia.org/wikipedia/commons/a/a7/Situl_Arheologic_Callatis_CT-I-s-A-02696_%283%29.jpg?utm_source=commons.wikimedia.org&utm_campaign=imageinfo&utm_content=original,Situl Arheologic Callatis CT-I-s-A-02696 (3).jpg,Leontin l,CC BY-SA 3.0,https://creativecommons.org/licenses/by-sa/3.0/ro/deed.en,Own work,Κάλλατις · Αρχαιολογική άποψη,Callatis · Archaeological view,Κάλλατις: αρχαιολογική άποψη,Callatis: archaeological view,1600,900,dc85e077cabd6b67463ef4a48fce1ee18cd6f86771ae6efd70fbafb31a1d896d,2026-08-15,reviewed
media-colony-callatis-02,colony-callatis,2,gallery,assets/media/colony-callatis/02.webp,https://commons.wikimedia.org/wiki/File:Necropola_tumulara_de_la_vest_de_Mangalia.jpg,https://upload.wikimedia.org/wikipedia/commons/2/22/Necropola_tumulara_de_la_vest_de_Mangalia.jpg?utm_source=commons.wikimedia.org&utm_campaign=imageinfo&utm_content=original,Necropola tumulara de la vest de Mangalia.jpg,Nicoghi,CC BY-SA 3.0,https://creativecommons.org/licenses/by-sa/3.0/ro/deed.en,Own work,Κάλλατις · Αρχαιολογική άποψη,Callatis · Archaeological view,Κάλλατις: αρχαιολογική άποψη,Callatis: archaeological view,1600,1200,77594f27369f5f4bcafc0c3fd986465a39ea6100f7a1330f99f0a72023428295,2026-08-15,reviewed
media-colony-catana-01,colony-catana,1,primary,assets/media/colony-catana/01.webp,https://commons.wikimedia.org/wiki/File:Katane_-_450-430_BC_-_silver_tetradrachm_-_charioteer_driving_quadriga_-_head_of_Apollon_-_Berlin_MK_AM_18206151.jpg,https://upload.wikimedia.org/wikipedia/commons/9/9f/Katane_-_450-430_BC_-_silver_tetradrachm_-_charioteer_driving_quadriga_-_head_of_Apollon_-_Berlin_MK_AM_18206151.jpg?utm_source=commons.wikimedia.org&utm_campaign=imageinfo&utm_content=original,Katane - 450-430 BC - silver tetradrachm - charioteer driving quadriga - head of Apollon - Berlin MK AM 18206151.jpg,ArchaiOptix,CC BY-SA 4.0,https://creativecommons.org/licenses/by-sa/4.0,Own work,Κατάνη · Αρχαίο έργο ή εύρημα,Catana · Ancient artwork or object,Κατάνη: αρχαίο έργο ή εύρημα,Catana: ancient artwork or object,1600,1600,b70759401175ff4554ec66765c1604b5f87edceff31f06d15f2403231a14ee45,2026-08-15,reviewed
media-colony-catana-02,colony-catana,2,gallery,assets/media/colony-catana/02.webp,https://commons.wikimedia.org/wiki/File:Katane_-_461-413_BC_-_silver_tetradrachm_-_charioteer_driving_quadriga_-_head_of_Apollon_-_M%C3%BCnchen_SMS_01.jpg,https://upload.wikimedia.org/wikipedia/commons/6/6b/Katane_-_461-413_BC_-_silver_tetradrachm_-_charioteer_driving_quadriga_-_head_of_Apollon_-_M%C3%BCnchen_SMS_01.jpg?utm_source=commons.wikimedia.org&utm_campaign=imageinfo&utm_content=original,Katane - 461-413 BC - silver tetradrachm - charioteer driving quadriga - head of Apollon - München SMS 01.jpg,ArchaiOptix,CC BY-SA 4.0,https://creativecommons.org/licenses/by-sa/4.0,Own work,Κατάνη · Αρχαίο έργο ή εύρημα,Catana · Ancient artwork or object,Κατάνη: αρχαίο έργο ή εύρημα,Catana: ancient artwork or object,1600,1600,85eb0261176e52dfcc91eddb04e07c0dca79f0a1004de766e02307aec2c57392,2026-08-15,reviewed
media-colony-chalcedon-01,colony-chalcedon,1,primary,assets/media/colony-chalcedon/01.webp,https://commons.wikimedia.org/wiki/File:Symposium_stele_Chalcedon_IstArchMu.jpg,https://upload.wikimedia.org/wikipedia/commons/1/15/Symposium_stele_Chalcedon_IstArchMu.jpg?utm_source=commons.wikimedia.org&utm_campaign=imageinfo&utm_content=original,Symposium stele Chalcedon IstArchMu.jpg,QuartierLatin1968,CC BY-SA 3.0,https://creativecommons.org/licenses/by-sa/3.0,Own work,Χαλκηδόνα · Αρχαιολογική άποψη,Chalcedon · Archaeological view,Χαλκηδόνα: αρχαιολογική άποψη,Chalcedon: archaeological view,1145,1600,016573bf98257e62007dacb81a4ed2aacb78be816d122579bfc1ebb75a8fe8d5,2026-08-15,reviewed
media-colony-chalcedon-02,colony-chalcedon,2,gallery,assets/media/colony-chalcedon/02.webp,https://commons.wikimedia.org/wiki/File:Terracotta_vessel_Chalcedon_IstArchMu.jpg,https://upload.wikimedia.org/wikipedia/commons/2/2d/Terracotta_vessel_Chalcedon_IstArchMu.jpg?utm_source=commons.wikimedia.org&utm_campaign=imageinfo&utm_content=original,Terracotta vessel Chalcedon IstArchMu.jpg,QuartierLatin1968,CC BY-SA 3.0,https://creativecommons.org/licenses/by-sa/3.0,Own work,Χαλκηδόνα · Αρχαιολογική άποψη,Chalcedon · Archaeological view,Χαλκηδόνα: αρχαιολογική άποψη,Chalcedon: archaeological view,1476,1536,ac9a8679beec3e2f5a2af80234ff47c6c054ee7a2416918928100bce868b6dbb,2026-08-15,reviewed
media-colony-chersonesus-taurica-01,colony-chersonesus-taurica,1,primary,assets/media/colony-chersonesus-taurica/01.webp,https://commons.wikimedia.org/wiki/File:Chersonesos_ruins.jpg,https://upload.wikimedia.org/wikipedia/commons/5/51/Chersonesos_ruins.jpg?utm_source=commons.wikimedia.org&utm_campaign=imageinfo&utm_content=original,Chersonesos ruins.jpg,Dmitry A. Mottl,CC BY-SA 3.0,https://creativecommons.org/licenses/by-sa/3.0,Own work,Χερσόνησος Ταυρική · Αρχαιολογική άποψη,Chersonesus Taurica · Archaeological view,Χερσόνησος Ταυρική: αρχαιολογική άποψη,Chersonesus Taurica: archaeological view,1600,907,15224fd883e27412fe37642a486dcc0e00d58d848f6c8e7fd4f2997ea236c385,2026-08-15,reviewed
media-colony-chersonesus-taurica-02,colony-chersonesus-taurica,2,gallery,assets/media/colony-chersonesus-taurica/02.webp,https://commons.wikimedia.org/wiki/File:%D0%90%D0%BD%D1%82%D0%B8%D1%87%D0%BD%D1%8B%D0%B9_%D1%82%D0%B5%D0%B0%D1%82%D1%80_%D0%B2_%D0%A5%D0%B5%D1%80%D1%81%D0%BE%D0%BD%D0%B5%D1%81%D0%B5_2.jpg,https://upload.wikimedia.org/wikipedia/commons/1/18/%D0%90%D0%BD%D1%82%D0%B8%D1%87%D0%BD%D1%8B%D0%B9_%D1%82%D0%B5%D0%B0%D1%82%D1%80_%D0%B2_%D0%A5%D0%B5%D1%80%D1%81%D0%BE%D0%BD%D0%B5%D1%81%D0%B5_2.jpg?utm_source=commons.wikimedia.org&utm_campaign=imageinfo&utm_content=original,Античный театр в Херсонесе 2.jpg,Andrey Butko,CC BY-SA 3.0,https://creativecommons.org/licenses/by-sa/3.0,Andrew Butko,Χερσόνησος Ταυρική · Αρχαιολογική άποψη,Chersonesus Taurica · Archaeological view,Χερσόνησος Ταυρική: αρχαιολογική άποψη,Chersonesus Taurica: archaeological view,1600,1200,586d4d65ec3e76f4ad781a0f6750b6e98286ac9386c7c23f83ab43a65e6e22af,2026-08-15,reviewed
media-colony-clazomenae-01,colony-clazomenae,1,primary,assets/media/colony-clazomenae/01.webp,https://commons.wikimedia.org/wiki/File:Sarcofagi_di_clazomenae%2C_02.JPG,https://upload.wikimedia.org/wikipedia/commons/3/39/Sarcofagi_di_clazomenae%2C_02.JPG?utm_source=commons.wikimedia.org&utm_campaign=imageinfo&utm_content=original,"Sarcofagi di clazomenae, 02.JPG",sailko,CC BY-SA 3.0,https://creativecommons.org/licenses/by-sa/3.0,"I, Sailko",Κλαζομενές · Αρχαιολογική άποψη,Clazomenae · Archaeological view,Κλαζομενές: αρχαιολογική άποψη,Clazomenae: archaeological view,1600,1037,86a0672f431fff62486e4d18ae867f2b129afa779053f18c77556909cfc39132,2026-08-15,reviewed
media-colony-clazomenae-02,colony-clazomenae,2,gallery,assets/media/colony-clazomenae/02.webp,https://commons.wikimedia.org/wiki/File:Sarcofagi_di_clazomenae%2C_09.JPG,https://upload.wikimedia.org/wikipedia/commons/7/77/Sarcofagi_di_clazomenae%2C_09.JPG?utm_source=commons.wikimedia.org&utm_campaign=imageinfo&utm_content=original,"Sarcofagi di clazomenae, 09.JPG",sailko,CC BY-SA 3.0,https://creativecommons.org/licenses/by-sa/3.0,"I, Sailko",Κλαζομενές · Αρχαιολογική άποψη,Clazomenae · Archaeological view,Κλαζομενές: αρχαιολογική άποψη,Clazomenae: archaeological view,1600,1243,1b74cf710f6246a8b0fe3fee61b95b62c63d2d79c3b1f8be9ace84896fdec471,2026-08-15,reviewed
media-colony-cnidus-01,colony-cnidus,1,primary,assets/media/colony-cnidus/01.webp,https://commons.wikimedia.org/wiki/File:Knidos_05831-05844.jpg,https://upload.wikimedia.org/wikipedia/commons/5/5f/Knidos_05831-05844.jpg?utm_source=commons.wikimedia.org&utm_campaign=imageinfo&utm_content=original,Knidos 05831-05844.jpg,Nevit Dilmen (talk),CC BY-SA 3.0,https://creativecommons.org/licenses/by-sa/3.0,© Nevit Dilmen,Κνίδος · Αρχαιολογική άποψη,Cnidus · Archaeological view,Κνίδος: αρχαιολογική άποψη,Cnidus: archaeological view,1600,298,0713841c90cc3bc3e51c5fa42a76b48a5338a078598a3ae684d4135fc6265faa,2026-08-15,reviewed
media-colony-cnidus-02,colony-cnidus,2,gallery,assets/media/colony-cnidus/02.webp,https://commons.wikimedia.org/wiki/File:Knidos-H%C3%A4fen.jpg,https://upload.wikimedia.org/wikipedia/commons/b/b5/Knidos-H%C3%A4fen.jpg?utm_source=commons.wikimedia.org&utm_campaign=imageinfo&utm_content=original,Knidos-Häfen.jpg,Tischbeinahe,CC BY-SA 3.0,https://creativecommons.org/licenses/by-sa/3.0,Own work,Κνίδος · Αρχαιολογική άποψη,Cnidus · Archaeological view,Κνίδος: αρχαιολογική άποψη,Cnidus: archaeological view,1600,1200,9f8d696998c98f0019bc5f208964ef6dae1faeda8623333cdd9acb995d412db8,2026-08-15,reviewed
media-colony-colophon-01,colony-colophon,1,primary,assets/media/colony-colophon/01.webp,https://commons.wikimedia.org/wiki/File:Colophon2.jpg,https://upload.wikimedia.org/wikipedia/commons/5/50/Colophon2.jpg?utm_source=commons.wikimedia.org&utm_campaign=imageinfo&utm_content=original,Colophon2.jpg,Isabeau,CC BY-SA 4.0,https://creativecommons.org/licenses/by-sa/4.0,Own work,Κολοφώνα · Αρχαιολογική άποψη,Colophon · Archaeological view,Κολοφώνα: αρχαιολογική άποψη,Colophon: archaeological view,1500,996,6790b5d614f64ae3a8b4812aed957fbc1074e94c33c11daf8c110f7ecc1c1745,2026-08-15,reviewed
media-colony-colophon-02,colony-colophon,2,gallery,assets/media/colony-colophon/02.webp,https://commons.wikimedia.org/wiki/File:Colophon3.jpg,https://upload.wikimedia.org/wikipedia/commons/6/6f/Colophon3.jpg?utm_source=commons.wikimedia.org&utm_campaign=imageinfo&utm_content=original,Colophon3.jpg,Isabeau,CC BY-SA 4.0,https://creativecommons.org/licenses/by-sa/4.0,Own work,Κολοφώνα · Αρχαιολογική άποψη,Colophon · Archaeological view,Κολοφώνα: αρχαιολογική άποψη,Colophon: archaeological view,1500,996,5e38abd44adba73e9d5eee9c89f3d9908b0840c7783faf1ea94ef38d4416edf6,2026-08-15,reviewed
media-colony-corcyra-01,colony-corcyra,1,primary,assets/media/colony-corcyra/01.webp,https://commons.wikimedia.org/wiki/File:Gorgon_at_the_Archaeological_Museum_in_Corfu.jpg,https://upload.wikimedia.org/wikipedia/commons/b/be/Gorgon_at_the_Archaeological_Museum_in_Corfu.jpg?utm_source=commons.wikimedia.org&utm_campaign=imageinfo&utm_content=original,Gorgon at the Archaeological Museum in Corfu.jpg,Dr.K.,CC BY-SA 3.0,https://creativecommons.org/licenses/by-sa/3.0,Own work,Κέρκυρα · Αρχαιολογική άποψη,Corcyra · Archaeological view,Κέρκυρα: αρχαιολογική άποψη,Corcyra: archaeological view,1600,1009,fcfda48beea678f22d94cf6cc816008e1974917bbc549eea7c7447c211e04c51,2026-08-15,reviewed
media-colony-corcyra-02,colony-corcyra,2,gallery,assets/media/colony-corcyra/02.webp,https://commons.wikimedia.org/wiki/File:Ruins_in_park_of_Mon_Repos%2C_Corfu.jpg,https://upload.wikimedia.org/wikipedia/commons/0/09/Ruins_in_park_of_Mon_Repos%2C_Corfu.jpg?utm_source=commons.wikimedia.org&utm_campaign=imageinfo&utm_content=original,"Ruins in park of Mon Repos, Corfu.jpg",Anders Feder,CC BY-SA 4.0,https://creativecommons.org/licenses/by-sa/4.0,Own work,Κέρκυρα · Αρχαιολογική άποψη,Corcyra · Archaeological view,Κέρκυρα: αρχαιολογική άποψη,Corcyra: archaeological view,1600,1200,c22ab0200df402408d6aa87dd18611528ec2810ac581fe43bb7382d39fb338b0,2026-08-15,reviewed
media-colony-croton-01,colony-croton,1,primary,assets/media/colony-croton/01.webp,https://commons.wikimedia.org/wiki/File:Greece%2C_Croton%2C_6th-5th_century_BC_-_Stater_-_1916.985_-_Cleveland_Museum_of_Art.jpg,https://upload.wikimedia.org/wikipedia/commons/0/03/Greece%2C_Croton%2C_6th-5th_century_BC_-_Stater_-_1916.985_-_Cleveland_Museum_of_Art.jpg?utm_source=commons.wikimedia.org&utm_campaign=imageinfo&utm_content=original,"Greece, Croton, 6th-5th century BC - Stater - 1916.985 - Cleveland Museum of Art.jpg",Unknown creator,CC0 1.0,https://creativecommons.org/publicdomain/zero/1.0/deed.en,https://clevelandart.org/art/1916.985,Κρότων · Αρχαίο έργο ή εύρημα,Croton · Ancient artwork or object,Κρότων: αρχαίο έργο ή εύρημα,Croton: ancient artwork or object,1597,1600,bf35202a5cf5a69da15ebf1f42753cb804f5789a76fbb873aa696362078a21a9,2026-08-15,reviewed
media-colony-croton-02,colony-croton,2,gallery,assets/media/colony-croton/02.webp,https://commons.wikimedia.org/wiki/File:Capo_colonna.jpg,https://upload.wikimedia.org/wikipedia/commons/8/8b/Capo_colonna.jpg?utm_source=commons.wikimedia.org&utm_campaign=imageinfo&utm_content=original,Capo colonna.jpg,Flinkies,Public domain,https://creativecommons.org/publicdomain/mark/1.0/,Own work,Κρότων · Αρχαιολογική άποψη,Croton · Archaeological view,Κρότων: αρχαιολογική άποψη,Croton: archaeological view,1580,1002,d59e3280d8e4b51edd145507518a6320f9fe9beec7d7bac7df7be307456987cf,2026-08-15,reviewed
media-colony-cumae-campania-01,colony-cumae-campania,1,primary,assets/media/colony-cumae-campania/01.webp,https://commons.wikimedia.org/wiki/File:Cumae_acropolis_seen_from_lower_city_AvL.JPG,https://upload.wikimedia.org/wikipedia/commons/c/c2/Cumae_acropolis_seen_from_lower_city_AvL.JPG?utm_source=commons.wikimedia.org&utm_campaign=imageinfo&utm_content=original,Cumae acropolis seen from lower city AvL.JPG,AlexanderVanLoon,CC BY-SA 3.0,https://creativecommons.org/licenses/by-sa/3.0,Own work,Κύμη Καμπανίας · Αρχαιολογική άποψη,Cumae · Archaeological view,Κύμη Καμπανίας: αρχαιολογική άποψη,Cumae: archaeological view,1600,1060,40f7137b86c4811552259248e2f9d2b0eff7a160d0b0f170e0e20edcc15642b5,2026-08-15,reviewed
media-colony-cumae-campania-02,colony-cumae-campania,2,gallery,assets/media/colony-cumae-campania/02.webp,https://commons.wikimedia.org/wiki/File:Cumae_acropolis_wall_AvL.JPG,https://upload.wikimedia.org/wikipedia/commons/6/6c/Cumae_acropolis_wall_AvL.JPG?utm_source=commons.wikimedia.org&utm_campaign=imageinfo&utm_content=original,Cumae acropolis wall AvL.JPG,AlexanderVanLoon,CC BY-SA 3.0,https://creativecommons.org/licenses/by-sa/3.0,Own work,Κύμη Καμπανίας · Αρχαιολογική άποψη,Cumae · Archaeological view,Κύμη Καμπανίας: αρχαιολογική άποψη,Cumae: archaeological view,1600,1060,c3aae8375021952a48d4d0cb490093876aafcbdac6beec78837187f5d20c2e0b,2026-08-15,reviewed
media-colony-cyme-aeolis-01,colony-cyme-aeolis,1,primary,assets/media/colony-cyme-aeolis/01.webp,https://commons.wikimedia.org/wiki/File:Ancient_City_Cyme-12.jpg,https://upload.wikimedia.org/wikipedia/commons/5/5b/Ancient_City_Cyme-12.jpg?utm_source=commons.wikimedia.org&utm_campaign=imageinfo&utm_content=original,Ancient City Cyme-12.jpg,Ollios,CC BY-SA 4.0,https://creativecommons.org/licenses/by-sa/4.0,Own work,Κύμη Αιολίδας · Αρχαιολογική άποψη,Cyme · Archaeological view,Κύμη Αιολίδας: αρχαιολογική άποψη,Cyme: archaeological view,1600,1200,596f752ecc9ebe2022ecec7ac146b300fc5c5cdcf8b852e4bf250ad4b2e4001a,2026-08-15,reviewed
media-colony-cyme-aeolis-02,colony-cyme-aeolis,2,gallery,assets/media/colony-cyme-aeolis/02.webp,https://commons.wikimedia.org/wiki/File:Ancient_City_Cyme-1.jpg,https://upload.wikimedia.org/wikipedia/commons/3/39/Ancient_City_Cyme-1.jpg?utm_source=commons.wikimedia.org&utm_campaign=imageinfo&utm_content=original,Ancient City Cyme-1.jpg,Ollios,CC BY-SA 4.0,https://creativecommons.org/licenses/by-sa/4.0,Own work,Κύμη Αιολίδας · Αρχαιολογική άποψη,Cyme · Archaeological view,Κύμη Αιολίδας: αρχαιολογική άποψη,Cyme: archaeological view,1600,1200,7f0eb871ec38f21b456a1e3593622362eacc86c0e54db907040fe337c53fd5ce,2026-08-15,reviewed
media-colony-cyrene-01,colony-cyrene,1,primary,assets/media/colony-cyrene/01.webp,https://commons.wikimedia.org/wiki/File:Archaeological_Site_of_Cyrene-109025.jpg,https://upload.wikimedia.org/wikipedia/commons/6/61/Archaeological_Site_of_Cyrene-109025.jpg?utm_source=commons.wikimedia.org&utm_campaign=imageinfo&utm_content=original,Archaeological Site of Cyrene-109025.jpg,Giovanni Boccardi,CC BY-SA 3.0,https://creativecommons.org/licenses/by-sa/3.0/igo/deed.en,This file has been provided by UNESCO (unesco.org) as part of a GLAM-Wiki partnership. It is also available on the UNESCO website.,Κυρήνη · Αρχαιολογική άποψη,Cyrene · Archaeological view,Κυρήνη: αρχαιολογική άποψη,Cyrene: archaeological view,1024,768,71e7333245405871686813024a6d01f44ee3ed48b73d1296e1350feffaec4585,2026-08-15,reviewed
media-colony-cyrene-02,colony-cyrene,2,gallery,assets/media/colony-cyrene/02.webp,https://commons.wikimedia.org/wiki/File:1Roman_theater_ancient_Cyrene_(Cyrene%2C_Libya).jpg,https://upload.wikimedia.org/wikipedia/commons/f/f2/1Roman_theater_ancient_Cyrene_%28Cyrene%2C_Libya%29.jpg?utm_source=commons.wikimedia.org&utm_campaign=imageinfo&utm_content=original,"1Roman theater ancient Cyrene (Cyrene, Libya).jpg",Saleh Tarab,CC BY-SA 4.0,https://creativecommons.org/licenses/by-sa/4.0,Own work,Κυρήνη · Αρχαιολογική άποψη,Cyrene · Archaeological view,Κυρήνη: αρχαιολογική άποψη,Cyrene: archaeological view,1600,1067,0cbe21e8a2090147386c02c565f953cbd069afbf53383944d30ecaa7c99a5d51,2026-08-15,reviewed
media-colony-cyzicus-01,colony-cyzicus,1,primary,assets/media/colony-cyzicus/01.webp,https://commons.wikimedia.org/wiki/File:Bandirma_Cyzicus_2874.jpg,https://upload.wikimedia.org/wikipedia/commons/b/be/Bandirma_Cyzicus_2874.jpg?utm_source=commons.wikimedia.org&utm_campaign=imageinfo&utm_content=original,Bandirma Cyzicus 2874.jpg,Dosseman,CC BY-SA 4.0,https://creativecommons.org/licenses/by-sa/4.0,Own work,Κύζικος · Αρχαιολογική άποψη,Cyzicus · Archaeological view,Κύζικος: αρχαιολογική άποψη,Cyzicus: archaeological view,1600,1063,680c4b483626fca67a02480fad99e578ae6d2650f05f06f56591993ed7a80d0e,2026-08-15,reviewed
media-colony-cyzicus-02,colony-cyzicus,2,gallery,assets/media/colony-cyzicus/02.webp,https://commons.wikimedia.org/wiki/File:Cyzicus_amphitheatre_10.jpg,https://upload.wikimedia.org/wikipedia/commons/1/1c/Cyzicus_amphitheatre_10.jpg?utm_source=commons.wikimedia.org&utm_campaign=imageinfo&utm_content=original,Cyzicus amphitheatre 10.jpg,Izabela Miszczak,CC BY-SA 4.0,https://creativecommons.org/licenses/by-sa/4.0,Own work,Κύζικος · Αρχαιολογική άποψη,Cyzicus · Archaeological view,Κύζικος: αρχαιολογική άποψη,Cyzicus: archaeological view,1500,1001,b5d706ec4f9931531d524725e0f8112ae254f5962cb1710b3ad7686ae6bd8ef7,2026-08-15,reviewed
media-colony-dioscurias-01,colony-dioscurias,1,primary,assets/media/colony-dioscurias/01.webp,https://commons.wikimedia.org/wiki/File:Monnaie_-_Bronze%2C_Dioscurias%2C_Colchide_-_btv1b10300503q_(1_of_2).jpg,https://upload.wikimedia.org/wikipedia/commons/b/b8/Monnaie_-_Bronze%2C_Dioscurias%2C_Colchide_-_btv1b10300503q_%281_of_2%29.jpg?utm_source=commons.wikimedia.org&utm_campaign=imageinfo&utm_content=original,"Monnaie - Bronze, Dioscurias, Colchide - btv1b10300503q (1 of 2).jpg",Dioscurias (Colchide ; atelier monétaire). Atelier monétaire,Public domain,https://creativecommons.org/publicdomain/mark/1.0/,Bibliothèque nationale de France,Διοσκουριάς · Αρχαιολογική άποψη,Dioscurias · Archaeological view,Διοσκουριάς: αρχαιολογική άποψη,Dioscurias: archaeological view,1600,1556,077eee970ea1aa6de2953da5c599e3f6bf610116a3f62fff1fc4c28578989245,2026-08-15,reviewed
media-colony-dioscurias-02,colony-dioscurias,2,gallery,assets/media/colony-dioscurias/02.webp,https://commons.wikimedia.org/wiki/File:Monnaie_-_Bronze%2C_Dioscurias%2C_Colchide_-_btv1b10300503q_(2_of_2).jpg,https://upload.wikimedia.org/wikipedia/commons/2/20/Monnaie_-_Bronze%2C_Dioscurias%2C_Colchide_-_btv1b10300503q_%282_of_2%29.jpg?utm_source=commons.wikimedia.org&utm_campaign=imageinfo&utm_content=original,"Monnaie - Bronze, Dioscurias, Colchide - btv1b10300503q (2 of 2).jpg",Dioscurias (Colchide ; atelier monétaire). Atelier monétaire,Public domain,https://creativecommons.org/publicdomain/mark/1.0/,Bibliothèque nationale de France,Διοσκουριάς · Αρχαιολογική άποψη,Dioscurias · Archaeological view,Διοσκουριάς: αρχαιολογική άποψη,Dioscurias: archaeological view,1600,1556,d9d8db5d65ec54c677c63389ac981779716092ff9fbbb2a6ef3d0f138c80ebd3,2026-08-15,reviewed
media-colony-elea-velia-01,colony-elea-velia,1,primary,assets/media/colony-elea-velia/01.webp,https://commons.wikimedia.org/wiki/File:Velia_Excavation_and_Tower.jpg,https://upload.wikimedia.org/wikipedia/commons/c/cf/Velia_Excavation_and_Tower.jpg?utm_source=commons.wikimedia.org&utm_campaign=imageinfo&utm_content=original,Velia Excavation and Tower.jpg,AlMare,CC BY-SA 2.5,https://creativecommons.org/licenses/by-sa/2.5,Own work,Ελέα · Αρχαιολογική άποψη,Elea · Archaeological view,Ελέα: αρχαιολογική άποψη,Elea: archaeological view,1600,1200,a9e2211f6daac2700e25ba4ef7d1d5b026d1421bd8167b664b2c72515c71d728,2026-08-15,reviewed
media-colony-elea-velia-02,colony-elea-velia,2,gallery,assets/media/colony-elea-velia/02.webp,https://commons.wikimedia.org/wiki/File:Antiquarium_Elea-Velia.jpg,https://upload.wikimedia.org/wikipedia/commons/b/b2/Antiquarium_Elea-Velia.jpg?utm_source=commons.wikimedia.org&utm_campaign=imageinfo&utm_content=original,Antiquarium Elea-Velia.jpg,Viaggiatore73,CC BY-SA 4.0,https://creativecommons.org/licenses/by-sa/4.0,Own work,Ελέα · Αρχαιολογική άποψη,Elea · Archaeological view,Ελέα: αρχαιολογική άποψη,Elea: archaeological view,1200,1600,c85afa32ab6ca722126d5fb90dc0789673bb9c99615ef81d0a23eddb849fc9e1,2026-08-15,reviewed
media-colony-emporion-iberia-01,colony-emporion-iberia,1,primary,assets/media/colony-emporion-iberia/01.webp,https://commons.wikimedia.org/wiki/File:Empuries_Neapolis_Vuegenerale_01.jpg,https://upload.wikimedia.org/wikipedia/commons/1/13/Empuries_Neapolis_Vuegenerale_01.jpg?utm_source=commons.wikimedia.org&utm_campaign=imageinfo&utm_content=original,Empuries Neapolis Vuegenerale 01.jpg,LeZibou,CC BY-SA 3.0,https://creativecommons.org/licenses/by-sa/3.0,Own work,Εμπόριον · Αρχαιολογική άποψη,Emporion · Archaeological view,Εμπόριον: αρχαιολογική άποψη,Emporion: archaeological view,1600,1200,91f2a595ebf5071235e971ab25b8faed34e45db8e8cd1d6d57efaa29d40fd672,2026-08-15,reviewed
media-colony-emporion-iberia-02,colony-emporion-iberia,2,gallery,assets/media/colony-emporion-iberia/02.webp,https://commons.wikimedia.org/wiki/File:Empuries_Neapolis_Agora.jpg,https://upload.wikimedia.org/wikipedia/commons/8/80/Empuries_Neapolis_Agora.jpg?utm_source=commons.wikimedia.org&utm_campaign=imageinfo&utm_content=original,Empuries Neapolis Agora.jpg,LeZibou,CC BY-SA 3.0,https://creativecommons.org/licenses/by-sa/3.0,Own work,Εμπόριον · Αρχαιολογική άποψη,Emporion · Archaeological view,Εμπόριον: αρχαιολογική άποψη,Emporion: archaeological view,1600,1200,ddfc6cca105fbf983a5c0df461c2f934360aaa8b43161f16ce8f13908b8943f2,2026-08-15,reviewed
media-colony-ephesus-01,colony-ephesus,1,primary,assets/media/colony-ephesus/01.webp,https://commons.wikimedia.org/wiki/File:Ruins%2C_Ephesus_Archaeological_Site%2C_Selcuk%2C_Turkiye_(53526101181).jpg,https://upload.wikimedia.org/wikipedia/commons/5/5e/Ruins%2C_Ephesus_Archaeological_Site%2C_Selcuk%2C_Turkiye_%2853526101181%29.jpg?utm_source=commons.wikimedia.org&utm_campaign=imageinfo&utm_content=original,"Ruins, Ephesus Archaeological Site, Selcuk, Turkiye (53526101181).jpg","Warren LeMay from Chicago, IL, United States",CC BY-SA 2.0,https://creativecommons.org/licenses/by-sa/2.0,"Ruins, Ephesus Archaeological Site, Selcuk, Turkiye",Έφεσος · Αρχαιολογική άποψη,Ephesus · Archaeological view,Έφεσος: αρχαιολογική άποψη,Ephesus: archaeological view,1600,1200,c9c9ce38d5c952ef71804ce11c990fc0ddc93c70f154ad7a34a22af8d5ef70f8,2026-08-15,reviewed
media-colony-ephesus-02,colony-ephesus,2,gallery,assets/media/colony-ephesus/02.webp,https://commons.wikimedia.org/wiki/File:Ruins%2C_Ephesus_Archaeological_Site%2C_Selcuk%2C_Turkiye_(53526101246).jpg,https://upload.wikimedia.org/wikipedia/commons/f/f1/Ruins%2C_Ephesus_Archaeological_Site%2C_Selcuk%2C_Turkiye_%2853526101246%29.jpg?utm_source=commons.wikimedia.org&utm_campaign=imageinfo&utm_content=original,"Ruins, Ephesus Archaeological Site, Selcuk, Turkiye (53526101246).jpg","Warren LeMay from Chicago, IL, United States",CC BY-SA 2.0,https://creativecommons.org/licenses/by-sa/2.0,"Ruins, Ephesus Archaeological Site, Selcuk, Turkiye",Έφεσος · Αρχαιολογική άποψη,Ephesus · Archaeological view,Έφεσος: αρχαιολογική άποψη,Ephesus: archaeological view,1600,1200,343288d09ad603403ce0509d6d3266dd5d90d18556ba2bb652f6cf4a692c4d35,2026-08-15,reviewed
media-colony-epidamnos-01,colony-epidamnos,1,primary,assets/media/colony-epidamnos/01.webp,https://commons.wikimedia.org/wiki/File:Amfiteatri_i_Durr%C3%ABsit_nga_droni_1.jpg,https://upload.wikimedia.org/wikipedia/commons/7/70/Amfiteatri_i_Durr%C3%ABsit_nga_droni_1.jpg?utm_source=commons.wikimedia.org&utm_campaign=imageinfo&utm_content=original,Amfiteatri i Durrësit nga droni 1.jpg,Agonsta24,CC BY-SA 4.0,https://creativecommons.org/licenses/by-sa/4.0,Own work,Επίδαμνος · Αρχαιολογική άποψη,Epidamnos · Archaeological view,Επίδαμνος: αρχαιολογική άποψη,Epidamnos: archaeological view,1600,1200,fc8077ca4d3a6cdc51b9096d889a8d0c9076781bc88c531d6e50b50dcb8746ea,2026-08-15,reviewed
media-colony-epidamnos-02,colony-epidamnos,2,gallery,assets/media/colony-epidamnos/02.webp,https://commons.wikimedia.org/wiki/File:Dyrrachium%2C_moneta_in_bronzo%2C_III-I_secolo_ac_ca.jpg,https://upload.wikimedia.org/wikipedia/commons/d/d5/Dyrrachium%2C_moneta_in_bronzo%2C_III-I_secolo_ac_ca.jpg?utm_source=commons.wikimedia.org&utm_campaign=imageinfo&utm_content=original,"Dyrrachium, moneta in bronzo, III-I secolo ac ca.jpg",Sailko,CC BY-SA 4.0,https://creativecommons.org/licenses/by-sa/4.0,Own work,Επίδαμνος · Αρχαιολογική άποψη,Epidamnos · Archaeological view,Επίδαμνος: αρχαιολογική άποψη,Epidamnos: archaeological view,928,900,86faa64d326874efafd397d42c0ffc66834c4085cfd517780ffb687fedbed737,2026-08-15,reviewed
media-colony-erythrae-ionia-01,colony-erythrae-ionia,1,primary,assets/media/colony-erythrae-ionia/01.webp,https://commons.wikimedia.org/wiki/File:The_ruins_of_the_Archaic_Temple_of_Athena_Polias%2C_Erythrae%2C_Ionia%2C_Turkey_-_53785370073.jpg,https://upload.wikimedia.org/wikipedia/commons/6/6d/The_ruins_of_the_Archaic_Temple_of_Athena_Polias%2C_Erythrae%2C_Ionia%2C_Turkey_-_53785370073.jpg?utm_source=commons.wikimedia.org&utm_campaign=imageinfo&utm_content=original,"The ruins of the Archaic Temple of Athena Polias, Erythrae, Ionia, Turkey - 53785370073.jpg",Following Hadrian,CC BY-SA 2.0,https://creativecommons.org/licenses/by-sa/2.0,https://www.flickr.com/photos/carolemage/53785370073/,Ερυθρές · Αρχαιολογική άποψη,Erythrae · Archaeological view,Ερυθρές: αρχαιολογική άποψη,Erythrae: archaeological view,1600,1068,ffa972a1e903bea02b41d696dad521290c6eb4ea4ac12e6fa5e667704f4a7090,2026-08-15,reviewed
media-colony-erythrae-ionia-02,colony-erythrae-ionia,2,gallery,assets/media/colony-erythrae-ionia/02.webp,https://commons.wikimedia.org/wiki/File:Erythrae%2C_Ionia%2C_Turkey_-_53784207272.jpg,https://upload.wikimedia.org/wikipedia/commons/2/27/Erythrae%2C_Ionia%2C_Turkey_-_53784207272.jpg?utm_source=commons.wikimedia.org&utm_campaign=imageinfo&utm_content=original,"Erythrae, Ionia, Turkey - 53784207272.jpg",Following Hadrian,CC BY-SA 2.0,https://creativecommons.org/licenses/by-sa/2.0,https://www.flickr.com/photos/carolemage/53784207272/,Ερυθρές · Αρχαιολογική άποψη,Erythrae · Archaeological view,Ερυθρές: αρχαιολογική άποψη,Erythrae: archaeological view,1600,1068,d5ce77e1fc6eb493d932e3dd7de714fe5d0921b49feddee998fd3ed8fb1b510a,2026-08-15,reviewed
media-colony-euesperides-01,colony-euesperides,1,primary,assets/media/colony-euesperides/01.webp,https://commons.wikimedia.org/wiki/File:Hesperides_ruins.JPG,https://upload.wikimedia.org/wikipedia/commons/6/63/Hesperides_ruins.JPG?utm_source=commons.wikimedia.org&utm_campaign=imageinfo&utm_content=original,Hesperides ruins.JPG,محمد الدرسي,Public domain,https://creativecommons.org/publicdomain/mark/1.0/,Own work,Ευεσπερίδες · Αρχαιολογική άποψη,Euesperides · Archaeological view,Ευεσπερίδες: αρχαιολογική άποψη,Euesperides: archaeological view,1600,1200,457690dd993082a85d2c9fc17c164c4ade8eb0ab0eca0ebacf7f156f0596cd52,2026-08-15,reviewed
media-colony-euesperides-02,colony-euesperides,2,gallery,assets/media/colony-euesperides/02.webp,https://commons.wikimedia.org/wiki/File:Aphrodite_from_Benghazi%2C_Libya_150-100_BCE_Greek_(43818493390).jpg,https://upload.wikimedia.org/wikipedia/commons/c/c3/Aphrodite_from_Benghazi%2C_Libya_150-100_BCE_Greek_%2843818493390%29.jpg?utm_source=commons.wikimedia.org&utm_campaign=imageinfo&utm_content=original,"Aphrodite from Benghazi, Libya 150-100 BCE Greek (43818493390).jpg","Mary Harrsch from Springfield, Oregon, USA",CC BY 2.0,https://creativecommons.org/licenses/by/2.0,"Aphrodite from Benghazi, Libya 150-100 BCE Greek",Ευεσπερίδες · Αρχαιολογική άποψη,Euesperides · Archaeological view,Ευεσπερίδες: αρχαιολογική άποψη,Euesperides: archaeological view,960,1280,169451d5a6516e77013c20c51aa746b9e4792e4689a1a030eb63336959233be3,2026-08-15,reviewed
media-colony-gela-01,colony-gela,1,primary,assets/media/colony-gela/01.webp,https://commons.wikimedia.org/wiki/File:Acropoli_di_Molino_a_Vento_(Gela).jpg,https://upload.wikimedia.org/wikipedia/commons/a/a7/Acropoli_di_Molino_a_Vento_%28Gela%29.jpg?utm_source=commons.wikimedia.org&utm_campaign=imageinfo&utm_content=original,Acropoli di Molino a Vento (Gela).jpg,AbelDionis,CC0 1.0,https://creativecommons.org/publicdomain/zero/1.0/deed.en,Own work,Γέλα · Αρχαιολογική άποψη,Gela · Archaeological view,Γέλα: αρχαιολογική άποψη,Gela: archaeological view,1600,1152,bef2f712233f9764d8cb819d0c97db60c11005b315f9bc7dca8262aa0237c7d9,2026-08-15,reviewed
media-colony-gela-02,colony-gela,2,gallery,assets/media/colony-gela/02.webp,https://commons.wikimedia.org/wiki/File:Gela_-_415-405_BC_-_silver_tetradrachm_-_charioteer_driving_quadriga_-_forepart_of_river_god_-_M%C3%BCnchen_SMS.jpg,https://upload.wikimedia.org/wikipedia/commons/f/fc/Gela_-_415-405_BC_-_silver_tetradrachm_-_charioteer_driving_quadriga_-_forepart_of_river_god_-_M%C3%BCnchen_SMS.jpg?utm_source=commons.wikimedia.org&utm_campaign=imageinfo&utm_content=original,Gela - 415-405 BC - silver tetradrachm - charioteer driving quadriga - forepart of river god - München SMS.jpg,ArchaiOptix,CC BY-SA 4.0,https://creativecommons.org/licenses/by-sa/4.0,Own work,Γέλα · Αρχαίο έργο ή εύρημα,Gela · Ancient artwork or object,Γέλα: αρχαίο έργο ή εύρημα,Gela: ancient artwork or object,1600,1600,ac8fb2114e50f4f2471945c4ce72f581eca02d503f7c3cd760a8f970f1107058,2026-08-15,reviewed
media-colony-halicarnassus-01,colony-halicarnassus,1,primary,assets/media/colony-halicarnassus/01.webp,https://commons.wikimedia.org/wiki/File:The_ruins_of_the_Mausoleum_at_Halicarnassus.jpg,https://upload.wikimedia.org/wikipedia/commons/f/f4/The_ruins_of_the_Mausoleum_at_Halicarnassus.jpg?utm_source=commons.wikimedia.org&utm_campaign=imageinfo&utm_content=original,The ruins of the Mausoleum at Halicarnassus.jpg,FollowingHadrian,CC BY-SA 4.0,https://creativecommons.org/licenses/by-sa/4.0,Own work,Αλικαρνασσός · Αρχαιολογική άποψη,Halicarnassus · Archaeological view,Αλικαρνασσός: αρχαιολογική άποψη,Halicarnassus: archaeological view,1600,1061,8a8a560ca23f69ea5c53fc203505a14e3cf281ce9998d6d5436a4c710d67b5ef,2026-08-15,reviewed
media-colony-halicarnassus-02,colony-halicarnassus,2,gallery,assets/media/colony-halicarnassus/02.webp,https://commons.wikimedia.org/wiki/File:Ruins_of_the_Mausoleum_at_Halicarnassus%2C_one_of_the_Seven_Wonders_of_the_Ancient_World.jpg,https://upload.wikimedia.org/wikipedia/commons/6/6e/Ruins_of_the_Mausoleum_at_Halicarnassus%2C_one_of_the_Seven_Wonders_of_the_Ancient_World.jpg?utm_source=commons.wikimedia.org&utm_campaign=imageinfo&utm_content=original,"Ruins of the Mausoleum at Halicarnassus, one of the Seven Wonders of the Ancient World.jpg",Monsieurdl at English Wikipedia,Public domain,https://creativecommons.org/publicdomain/mark/1.0/,Transferred from en.wikipedia to Commons by etxrge.,Αλικαρνασσός · Αρχαιολογική άποψη,Halicarnassus · Archaeological view,Αλικαρνασσός: αρχαιολογική άποψη,Halicarnassus: archaeological view,1280,960,71e3802f60c91acfacdc2175d4429974023dac5120a528e8fad88b0e6f100033,2026-08-15,reviewed
media-colony-heraclea-pontica-01,colony-heraclea-pontica,1,primary,assets/media/colony-heraclea-pontica/01.webp,https://commons.wikimedia.org/wiki/File:Herakleia_Pontike_-_M%C3%BCnzkabinett%2C_Berlin_-_5472018.jpg,https://upload.wikimedia.org/wikipedia/commons/e/e2/Herakleia_Pontike_-_M%C3%BCnzkabinett%2C_Berlin_-_5472018.jpg?utm_source=commons.wikimedia.org&utm_campaign=imageinfo&utm_content=original,"Herakleia Pontike - Münzkabinett, Berlin - 5472018.jpg",Reinhard Saczewski,Public domain,https://creativecommons.org/publicdomain/mark/1.0/,Onlinesammlung der Staatlichen Museen zu Berlin: 2353720,Ηράκλεια Ποντική · Αρχαιολογική άποψη,Heraclea Pontica · Archaeological view,Ηράκλεια Ποντική: αρχαιολογική άποψη,Heraclea Pontica: archaeological view,1391,683,cb79d238dc17010aa9de6f70057555710797a5be7e54a6da644c0636bac709c9,2026-08-15,reviewed
media-colony-heraclea-pontica-02,colony-heraclea-pontica,2,gallery,assets/media/colony-heraclea-pontica/02.webp,https://commons.wikimedia.org/wiki/File:Drachme_du_royaume_de_Bithynie_%C3%A0_l%27effigie_d%27H%C3%A9racl%C3%A9e_pontique.jpg,https://upload.wikimedia.org/wikipedia/commons/9/99/Drachme_du_royaume_de_Bithynie_%C3%A0_l%27effigie_d%27H%C3%A9racl%C3%A9e_pontique.jpg?utm_source=commons.wikimedia.org&utm_campaign=imageinfo&utm_content=original,Drachme du royaume de Bithynie à l'effigie d'Héraclée pontique.jpg,cgb,CC BY-SA 3.0,https://creativecommons.org/licenses/by-sa/3.0,"http://www.cgb.fr/bithynie-heraclee-pontique-drachme,bgr_267416,a.html",Ηράκλεια Ποντική · Αρχαιολογική άποψη,Heraclea Pontica · Archaeological view,Ηράκλεια Ποντική: αρχαιολογική άποψη,Heraclea Pontica: archaeological view,1200,614,05ce100a348fa288665e1ce7702d172b96cbee5cda0143bd412cf0f1263b2acb,2026-08-15,reviewed
media-colony-himera-01,colony-himera,1,primary,assets/media/colony-himera/01.webp,https://commons.wikimedia.org/wiki/File:Himera_Viktoriatempel.jpg,https://upload.wikimedia.org/wikipedia/commons/f/f1/Himera_Viktoriatempel.jpg?utm_source=commons.wikimedia.org&utm_campaign=imageinfo&utm_content=original,Himera Viktoriatempel.jpg,Clemensfranz,CC BY 2.5,https://creativecommons.org/licenses/by/2.5,Own work,Ιμέρα · Αρχαιολογική άποψη,Himera · Archaeological view,Ιμέρα: αρχαιολογική άποψη,Himera: archaeological view,1600,1202,8a59a8943660bdeb00b793ac9094370367c5fad246016fc0e39655f3b23323f8,2026-08-15,reviewed
media-colony-himera-02,colony-himera,2,gallery,assets/media/colony-himera/02.webp,https://commons.wikimedia.org/wiki/File:Himera_-_440-409_BC_-_silver_tetradrachm_-_charioteer_in_quadriga_and_Nike_-_Himera_at_altar_-_Berlin_MK_AM_18226213.jpg,https://upload.wikimedia.org/wikipedia/commons/8/8c/Himera_-_440-409_BC_-_silver_tetradrachm_-_charioteer_in_quadriga_and_Nike_-_Himera_at_altar_-_Berlin_MK_AM_18226213.jpg?utm_source=commons.wikimedia.org&utm_campaign=imageinfo&utm_content=original,Himera - 440-409 BC - silver tetradrachm - charioteer in quadriga and Nike - Himera at altar - Berlin MK AM 18226213.jpg,ArchaiOptix,CC BY-SA 4.0,https://creativecommons.org/licenses/by-sa/4.0,Own work,Ιμέρα · Αρχαίο έργο ή εύρημα,Himera · Ancient artwork or object,Ιμέρα: αρχαίο έργο ή εύρημα,Himera: ancient artwork or object,1600,1600,0da5ad55ae4656dc95f75857942fa6cbc97f2ca1de051cbe6c9164b5d23d563c,2026-08-15,reviewed
media-colony-histria-pontica-01,colony-histria-pontica,1,primary,assets/media/colony-histria-pontica/01.webp,https://commons.wikimedia.org/wiki/File:2006_0814Histria_Main_Gate_Roman20060404.jpg,https://upload.wikimedia.org/wikipedia/commons/7/7a/2006_0814Histria_Main_Gate_Roman20060404.jpg?utm_source=commons.wikimedia.org&utm_campaign=imageinfo&utm_content=original,2006 0814Histria Main Gate Roman20060404.jpg,Unknown creator,Public domain,https://creativecommons.org/publicdomain/mark/1.0/,Unknown creator / Wikimedia Commons / Public domain,Ίστρια · Αρχαιολογική άποψη,Histria · Archaeological view,Ίστρια: αρχαιολογική άποψη,Histria: archaeological view,1600,1200,33e7c015cf94e687cc7d555a443a719edc398c65d8dc9fc5299db2f91b80cbe1,2026-08-15,reviewed
media-colony-histria-pontica-02,colony-histria-pontica,2,gallery,assets/media/colony-histria-pontica/02.webp,https://commons.wikimedia.org/wiki/File:Cetatea_Histria_-_satul_Istria%2C_comuna_Istria_(la_65_de_km_de_Constan%C5%A3a)-_vedere_interioara.JPG,https://upload.wikimedia.org/wikipedia/commons/e/ee/Cetatea_Histria_-_satul_Istria%2C_comuna_Istria_%28la_65_de_km_de_Constan%C5%A3a%29-_vedere_interioara.JPG?utm_source=commons.wikimedia.org&utm_campaign=imageinfo&utm_content=original,"Cetatea Histria - satul Istria, comuna Istria (la 65 de km de Constanţa)- vedere interioara.JPG",Bejan Neculai,CC BY-SA 3.0,https://creativecommons.org/licenses/by-sa/3.0/ro/deed.en,Own work,Ίστρια · Αρχαιολογική άποψη,Histria · Archaeological view,Ίστρια: αρχαιολογική άποψη,Histria: archaeological view,1600,1200,11762f6c5e7429cfb2aa43f21c47d359d38bc8c1ee64adcdf1fe99840e03a069,2026-08-15,reviewed
media-colony-iasos-01,colony-iasos,1,primary,assets/media/colony-iasos/01.webp,https://commons.wikimedia.org/wiki/File:Iasos_Theatre_5549.jpg,https://upload.wikimedia.org/wikipedia/commons/1/12/Iasos_Theatre_5549.jpg?utm_source=commons.wikimedia.org&utm_campaign=imageinfo&utm_content=original,Iasos Theatre 5549.jpg,Dosseman,CC BY-SA 4.0,https://creativecommons.org/licenses/by-sa/4.0,Own work,Ιασός · Αρχαιολογική άποψη,Iasos · Archaeological view,Ιασός: αρχαιολογική άποψη,Iasos: archaeological view,1600,1063,33cfb007bc2bcdcf3f157dc2fc9abc40483017f3fc80ab19cf32427c3cb750f4,2026-08-15,reviewed
media-colony-iasos-02,colony-iasos,2,gallery,assets/media/colony-iasos/02.webp,https://commons.wikimedia.org/wiki/File:Iasos_Theatre_5552.jpg,https://upload.wikimedia.org/wikipedia/commons/5/5d/Iasos_Theatre_5552.jpg?utm_source=commons.wikimedia.org&utm_campaign=imageinfo&utm_content=original,Iasos Theatre 5552.jpg,Dosseman,CC BY-SA 4.0,https://creativecommons.org/licenses/by-sa/4.0,Own work,Ιασός · Αρχαιολογική άποψη,Iasos · Archaeological view,Ιασός: αρχαιολογική άποψη,Iasos: archaeological view,1600,1063,2395daddbafbf78164ab44d23c272de83d6d90f15881faf5887e4050d796e8a7,2026-08-15,reviewed
media-colony-issa-vis-01,colony-issa-vis,1,primary,assets/media/colony-issa-vis/01.webp,https://commons.wikimedia.org/wiki/File:Ruiny_rzymskich_%C5%82a%C5%BAni_w_vis.jpg,https://upload.wikimedia.org/wikipedia/commons/c/c4/Ruiny_rzymskich_%C5%82a%C5%BAni_w_vis.jpg?utm_source=commons.wikimedia.org&utm_campaign=imageinfo&utm_content=original,Ruiny rzymskich łaźni w vis.jpg,Jadvinia,CC BY 3.0,https://creativecommons.org/licenses/by/3.0,Own work,Ίσσα · Αρχαιολογική άποψη,Issa · Archaeological view,Ίσσα: αρχαιολογική άποψη,Issa: archaeological view,1600,1173,758c46d7df5b93b570cec331bd3d77edda60eca242d086ce3f1fccdd68d9f2fe,2026-08-15,reviewed
media-colony-issa-vis-02,colony-issa-vis,2,gallery,assets/media/colony-issa-vis/02.webp,https://commons.wikimedia.org/wiki/File:Bust_of_the_goddess_of_Issa%2C_Vis_Museum%2C_Croatia.JPG,https://upload.wikimedia.org/wikipedia/commons/9/9f/Bust_of_the_goddess_of_Issa%2C_Vis_Museum%2C_Croatia.JPG?utm_source=commons.wikimedia.org&utm_campaign=imageinfo&utm_content=original,"Bust of the goddess of Issa, Vis Museum, Croatia.JPG",Minestrone,CC BY-SA 4.0,https://creativecommons.org/licenses/by-sa/4.0,Own work,Ίσσα · Αρχαίο έργο ή εύρημα,Issa · Ancient artwork or object,Ίσσα: αρχαίο έργο ή εύρημα,Issa: ancient artwork or object,1200,1600,20f3e9984a7a2d96a60cf415f1e2befbe8b26011927d8be644c613b287419dd4,2026-08-15,reviewed
media-colony-lampsacus-01,colony-lampsacus,1,primary,assets/media/colony-lampsacus/01.webp,https://commons.wikimedia.org/wiki/File:Stater_Zeus_Lampsacus_CdM.jpg,https://upload.wikimedia.org/wikipedia/commons/5/56/Stater_Zeus_Lampsacus_CdM.jpg?utm_source=commons.wikimedia.org&utm_campaign=imageinfo&utm_content=original,Stater Zeus Lampsacus CdM.jpg,Unknown creator,Public domain,https://creativecommons.org/publicdomain/mark/1.0/,Jastrow (2010),Λάμψακος · Αρχαίο έργο ή εύρημα,Lampsacus · Ancient artwork or object,Λάμψακος: αρχαίο έργο ή εύρημα,Lampsacus: ancient artwork or object,1600,1600,905731c26180c0379b66864476dcb659886a737aec4c6e7af06abd9131ed2ce4,2026-08-15,reviewed
media-colony-lampsacus-02,colony-lampsacus,2,gallery,assets/media/colony-lampsacus/02.webp,https://commons.wikimedia.org/wiki/File:Portrait_bust_of_Metrodorus_of_Lampsacus_at_the_National_Archaeological_Museum_of_Athens_on_27_March_2018.jpg,https://upload.wikimedia.org/wikipedia/commons/b/bf/Portrait_bust_of_Metrodorus_of_Lampsacus_at_the_National_Archaeological_Museum_of_Athens_on_27_March_2018.jpg?utm_source=commons.wikimedia.org&utm_campaign=imageinfo&utm_content=original,Portrait bust of Metrodorus of Lampsacus at the National Archaeological Museum of Athens on 27 March 2018.jpg,George E. Koronaios,CC BY-SA 4.0,https://creativecommons.org/licenses/by-sa/4.0,Own work,Λάμψακος · Αρχαίο έργο ή εύρημα,Lampsacus · Ancient artwork or object,Λάμψακος: αρχαίο έργο ή εύρημα,Lampsacus: ancient artwork or object,1067,1600,bfa37004ab816becad14f7e08b7d45589db3ef09a711b5c7af3dbaecd4e0ae3e,2026-08-15,reviewed
media-colony-leontinoi-01,colony-leontinoi,1,primary,assets/media/colony-leontinoi/01.webp,https://commons.wikimedia.org/wiki/File:Lentini_Leontinoi_Ausgrabungen.jpg,https://upload.wikimedia.org/wikipedia/commons/7/7a/Lentini_Leontinoi_Ausgrabungen.jpg?utm_source=commons.wikimedia.org&utm_campaign=imageinfo&utm_content=original,Lentini Leontinoi Ausgrabungen.jpg,Clemensfranz,CC BY 2.5,https://creativecommons.org/licenses/by/2.5,Own work,Λεοντίνοι · Αρχαιολογική άποψη,Leontinoi · Archaeological view,Λεοντίνοι: αρχαιολογική άποψη,Leontinoi: archaeological view,1600,1202,86b68eb3fd6eb55cd27eb5e115c86c0b4b909399d23bb49481f36cfe7c9c7291,2026-08-15,reviewed
media-colony-leontinoi-02,colony-leontinoi,2,gallery,assets/media/colony-leontinoi/02.webp,https://commons.wikimedia.org/wiki/File:Leontinoi_-_440_BC_-_silver_tetradrachm_-_laureate_head_of_Apollon_-_head_of_lion_-_T%C3%BCbingen_MUT.jpg,https://upload.wikimedia.org/wikipedia/commons/3/3d/Leontinoi_-_440_BC_-_silver_tetradrachm_-_laureate_head_of_Apollon_-_head_of_lion_-_T%C3%BCbingen_MUT.jpg?utm_source=commons.wikimedia.org&utm_campaign=imageinfo&utm_content=original,Leontinoi - 440 BC - silver tetradrachm - laureate head of Apollon - head of lion - Tübingen MUT.jpg,ArchaiOptix,CC BY-SA 4.0,https://creativecommons.org/licenses/by-sa/4.0,Own work,Λεοντίνοι · Αρχαίο έργο ή εύρημα,Leontinoi · Ancient artwork or object,Λεοντίνοι: αρχαίο έργο ή εύρημα,Leontinoi: ancient artwork or object,1600,1600,fe47a6fe9b8ddeb755f9c47f089750f70810375b871344f2201afb464bd255af,2026-08-15,reviewed
media-colony-locri-epizephyrii-01,colony-locri-epizephyrii,1,primary,assets/media/colony-locri-epizephyrii/01.webp,https://commons.wikimedia.org/wiki/File:Sanctuary_of_Aphrodite%2C_Locri_2.jpg,https://upload.wikimedia.org/wikipedia/commons/b/b4/Sanctuary_of_Aphrodite%2C_Locri_2.jpg?utm_source=commons.wikimedia.org&utm_campaign=imageinfo&utm_content=original,"Sanctuary of Aphrodite, Locri 2.jpg",Rjdeadly,CC BY 4.0,https://creativecommons.org/licenses/by/4.0,Own work,Λοκροί Επιζεφύριοι · Αρχαιολογική άποψη,Locri Epizephyrii · Archaeological view,Λοκροί Επιζεφύριοι: αρχαιολογική άποψη,Locri Epizephyrii: archaeological view,1600,1063,f4f50dab876698c73f506606863d24d275258b15cb9d75fd28021e04dd2a1e3f,2026-08-15,reviewed
media-colony-locri-epizephyrii-02,colony-locri-epizephyrii,2,gallery,assets/media/colony-locri-epizephyrii/02.webp,https://commons.wikimedia.org/wiki/File:Lokroi_Epizephyrioi_-_350-300_BC_-_silver_stater_-_head_of_Athena_-_Pegasos_-_Berlin_MK_AM_18215380.jpg,https://upload.wikimedia.org/wikipedia/commons/0/0a/Lokroi_Epizephyrioi_-_350-300_BC_-_silver_stater_-_head_of_Athena_-_Pegasos_-_Berlin_MK_AM_18215380.jpg?utm_source=commons.wikimedia.org&utm_campaign=imageinfo&utm_content=original,Lokroi Epizephyrioi - 350-300 BC - silver stater - head of Athena - Pegasos - Berlin MK AM 18215380.jpg,ArchaiOptix,CC BY-SA 4.0,https://creativecommons.org/licenses/by-sa/4.0,Own work,Λοκροί Επιζεφύριοι · Αρχαίο έργο ή εύρημα,Locri Epizephyrii · Ancient artwork or object,Λοκροί Επιζεφύριοι: αρχαίο έργο ή εύρημα,Locri Epizephyrii: ancient artwork or object,1600,1600,feac868b272de9ef6366c8ef03d02173c5d075bdd34d741a73860450edb13c66,2026-08-15,reviewed
media-colony-magnesia-maeander-01,colony-magnesia-maeander,1,primary,assets/media/colony-magnesia-maeander/01.webp,https://commons.wikimedia.org/wiki/File:Magnesia_on_the_Maeander_-_350-320_BC_-_silver_tetradrachm_-_rider_-_bull_-_Berlin_MK_AM.jpg,https://upload.wikimedia.org/wikipedia/commons/6/69/Magnesia_on_the_Maeander_-_350-320_BC_-_silver_tetradrachm_-_rider_-_bull_-_Berlin_MK_AM.jpg?utm_source=commons.wikimedia.org&utm_campaign=imageinfo&utm_content=original,Magnesia on the Maeander - 350-320 BC - silver tetradrachm - rider - bull - Berlin MK AM.jpg,ArchaiOptix,CC BY-SA 4.0,https://creativecommons.org/licenses/by-sa/4.0,Own work,Μαγνησία του Μαιάνδρου · Αρχαίο έργο ή εύρημα,Magnesia on the Maeander · Ancient artwork or object,Μαγνησία του Μαιάνδρου: αρχαίο έργο ή εύρημα,Magnesia on the Maeander: ancient artwork or object,1600,1600,1717cd93f1d7ccec5c6b14c75daa7383fa72e73cbf87d3b08e6c1072710a55cd,2026-08-15,reviewed
media-colony-magnesia-maeander-02,colony-magnesia-maeander,2,gallery,assets/media/colony-magnesia-maeander/02.webp,https://commons.wikimedia.org/wiki/File:Magnesia_on_the_Maeander_-_170-140_BC_-_silver_tetradrachm_-_head_of_Artemis_-_Apollon_-_Berlin_MK_AM_18204005.jpg,https://upload.wikimedia.org/wikipedia/commons/d/d0/Magnesia_on_the_Maeander_-_170-140_BC_-_silver_tetradrachm_-_head_of_Artemis_-_Apollon_-_Berlin_MK_AM_18204005.jpg?utm_source=commons.wikimedia.org&utm_campaign=imageinfo&utm_content=original,Magnesia on the Maeander - 170-140 BC - silver tetradrachm - head of Artemis - Apollon - Berlin MK AM 18204005.jpg,ArchaiOptix,CC BY-SA 4.0,https://creativecommons.org/licenses/by-sa/4.0,Own work,Μαγνησία του Μαιάνδρου · Αρχαίο έργο ή εύρημα,Magnesia on the Maeander · Ancient artwork or object,Μαγνησία του Μαιάνδρου: αρχαίο έργο ή εύρημα,Magnesia on the Maeander: ancient artwork or object,1600,1600,eeb8d6b17c75019a07abea0c151cf2f41a7760126b877f278db9cc835ae28d05,2026-08-15,reviewed
media-colony-massalia-01,colony-massalia,1,primary,assets/media/colony-massalia/01.webp,https://commons.wikimedia.org/wiki/File:View_of_the_Greek_city_gate_of_Massilia_from_outside_the_ancient_city_(from_NE).jpg,https://upload.wikimedia.org/wikipedia/commons/0/00/View_of_the_Greek_city_gate_of_Massilia_from_outside_the_ancient_city_%28from_NE%29.jpg?utm_source=commons.wikimedia.org&utm_campaign=imageinfo&utm_content=original,View of the Greek city gate of Massilia from outside the ancient city (from NE).jpg,Carl Ha,CC BY-SA 4.0,https://creativecommons.org/licenses/by-sa/4.0,Own work,Μασσαλία · Αρχαιολογική άποψη,Massalia · Archaeological view,Μασσαλία: αρχαιολογική άποψη,Massalia: archaeological view,1600,1067,4464673287a4a355074fedaaa154962019a870c0513ef8a356cf0c193c9b24b7,2026-08-15,reviewed
media-colony-massalia-02,colony-massalia,2,gallery,assets/media/colony-massalia/02.webp,https://commons.wikimedia.org/wiki/File:Northern_Greek_city_tower_of_Massilia_(seen_from_outside_the_ancient_city%2C_from_NE).jpg,https://upload.wikimedia.org/wikipedia/commons/1/1e/Northern_Greek_city_tower_of_Massilia_%28seen_from_outside_the_ancient_city%2C_from_NE%29.jpg?utm_source=commons.wikimedia.org&utm_campaign=imageinfo&utm_content=original,"Northern Greek city tower of Massilia (seen from outside the ancient city, from NE).jpg",Carl Ha,CC BY-SA 4.0,https://creativecommons.org/licenses/by-sa/4.0,Own work,Μασσαλία · Αρχαιολογική άποψη,Massalia · Archaeological view,Μασσαλία: αρχαιολογική άποψη,Massalia: archaeological view,1600,1067,84e697a5a0f73c2916458a5977f9f0ccb9bf33d1dab1e4b8662eb94b4b35b2d8,2026-08-15,reviewed
media-colony-megara-hyblaea-01,colony-megara-hyblaea,1,primary,assets/media/colony-megara-hyblaea/01.webp,https://commons.wikimedia.org/wiki/File:Megara_Hyblaea_001.jpg,https://upload.wikimedia.org/wikipedia/commons/9/90/Megara_Hyblaea_001.jpg?utm_source=commons.wikimedia.org&utm_campaign=imageinfo&utm_content=original,Megara Hyblaea 001.jpg,Clemensfranz,CC BY 2.5,https://creativecommons.org/licenses/by/2.5,Own work,Μέγαρα Υβλαία · Αρχαιολογική άποψη,Megara Hyblaea · Archaeological view,Μέγαρα Υβλαία: αρχαιολογική άποψη,Megara Hyblaea: archaeological view,1600,1202,1cf4011268dde13af79c09532546243c3c540c50976d21f3d1866d93d9ebe9e0,2026-08-15,reviewed
media-colony-megara-hyblaea-02,colony-megara-hyblaea,2,gallery,assets/media/colony-megara-hyblaea/02.webp,https://commons.wikimedia.org/wiki/File:Agora_Megara_Hyblaea_04.jpg,https://upload.wikimedia.org/wikipedia/commons/2/28/Agora_Megara_Hyblaea_04.jpg?utm_source=commons.wikimedia.org&utm_campaign=imageinfo&utm_content=original,Agora Megara Hyblaea 04.jpg,Davide Mauro,CC BY-SA 4.0,https://creativecommons.org/licenses/by-sa/4.0,Own work,Μέγαρα Υβλαία · Αρχαιολογική άποψη,Megara Hyblaea · Archaeological view,Μέγαρα Υβλαία: αρχαιολογική άποψη,Megara Hyblaea: archaeological view,1600,1067,5580e4b697b112a04f2857b99f458db412bc7417d36d2fcc4e9295245ad2689a,2026-08-15,reviewed
media-colony-mesembria-01,colony-mesembria,1,primary,assets/media/colony-mesembria/01.webp,https://commons.wikimedia.org/wiki/File:Funerary_monument_for_Herotimos_of_Mesembria_(IG_II2_9338).jpg,https://upload.wikimedia.org/wikipedia/commons/e/e3/Funerary_monument_for_Herotimos_of_Mesembria_%28IG_II2_9338%29.jpg?utm_source=commons.wikimedia.org&utm_campaign=imageinfo&utm_content=original,Funerary monument for Herotimos of Mesembria (IG II2 9338).jpg,Furius,CC0 1.0,https://creativecommons.org/publicdomain/zero/1.0/deed.en,Own work,Μεσημβρία · Αρχαιολογική άποψη,Mesembria · Archaeological view,Μεσημβρία: αρχαιολογική άποψη,Mesembria: archaeological view,1600,1067,570696e17d9b98534ef8741e83fe3455cccab44b85efe2731ed9f8e9331cfdb7,2026-08-15,reviewed
media-colony-mesembria-02,colony-mesembria,2,gallery,assets/media/colony-mesembria/02.webp,https://commons.wikimedia.org/wiki/File:Mesembria_-_250-175_BC_-_silver_tetradrachm_-_head_of_Herakles_-_Zeus_aetophoros_with_sceptre_-_Berlin_MK_AM.jpg,https://upload.wikimedia.org/wikipedia/commons/9/95/Mesembria_-_250-175_BC_-_silver_tetradrachm_-_head_of_Herakles_-_Zeus_aetophoros_with_sceptre_-_Berlin_MK_AM.jpg?utm_source=commons.wikimedia.org&utm_campaign=imageinfo&utm_content=original,Mesembria - 250-175 BC - silver tetradrachm - head of Herakles - Zeus aetophoros with sceptre - Berlin MK AM.jpg,ArchaiOptix,CC BY-SA 4.0,https://creativecommons.org/licenses/by-sa/4.0,Own work,Μεσημβρία · Αρχαίο έργο ή εύρημα,Mesembria · Ancient artwork or object,Μεσημβρία: αρχαίο έργο ή εύρημα,Mesembria: ancient artwork or object,1600,1600,ebaf2f20388174ec6b66cd8e0d5169770b1985f66e7b0057c4e7869fee2f6a11,2026-08-15,reviewed
media-colony-metapontum-01,colony-metapontum,1,primary,assets/media/colony-metapontum/01.webp,https://commons.wikimedia.org/wiki/File:Hera_Temple%2C_Metapontum_01.jpg,https://upload.wikimedia.org/wikipedia/commons/e/ef/Hera_Temple%2C_Metapontum_01.jpg?utm_source=commons.wikimedia.org&utm_campaign=imageinfo&utm_content=original,"Hera Temple, Metapontum 01.jpg",Bernard Gagnon,CC0 1.0,https://creativecommons.org/publicdomain/zero/1.0/deed.en,Own work,Μεταπόντιο · Αρχαιολογική άποψη,Metapontum · Archaeological view,Μεταπόντιο: αρχαιολογική άποψη,Metapontum: archaeological view,1600,928,6f94ce40c2965a9543942a7da670d06c7bc954f176f9c0c2aa64c97611344ee5,2026-08-15,reviewed
media-colony-metapontum-02,colony-metapontum,2,gallery,assets/media/colony-metapontum/02.webp,https://commons.wikimedia.org/wiki/File:Hera_Temple%2C_Metapontum_03.jpg,https://upload.wikimedia.org/wikipedia/commons/3/3d/Hera_Temple%2C_Metapontum_03.jpg?utm_source=commons.wikimedia.org&utm_campaign=imageinfo&utm_content=original,"Hera Temple, Metapontum 03.jpg",Bernard Gagnon,CC0 1.0,https://creativecommons.org/publicdomain/zero/1.0/deed.en,Own work,Μεταπόντιο · Αρχαιολογική άποψη,Metapontum · Archaeological view,Μεταπόντιο: αρχαιολογική άποψη,Metapontum: archaeological view,1600,1067,f394acb30fa532afd1b9c2a7840052ae30f8eb390235ac47ba6a2b6224cbe9ee,2026-08-15,reviewed
media-colony-miletus-01,colony-miletus,1,primary,assets/media/colony-miletus/01.webp,https://commons.wikimedia.org/wiki/File:The_Theater_of_Miletus.jpg,https://upload.wikimedia.org/wikipedia/commons/5/5a/The_Theater_of_Miletus.jpg?utm_source=commons.wikimedia.org&utm_campaign=imageinfo&utm_content=original,The Theater of Miletus.jpg,https://www.flickr.com/photos/jiuguangw/,CC BY-SA 2.0,https://creativecommons.org/licenses/by-sa/2.0,https://www.flickr.com/photos/jiuguangw/7961703500/,Μίλητος · Αρχαιολογική άποψη,Miletus · Archaeological view,Μίλητος: αρχαιολογική άποψη,Miletus: archaeological view,1600,1067,8b477dc9ad1bc07fafc806157f0c881703eefab40df3351bcbe8ba8711542045,2026-08-15,reviewed
media-colony-miletus-02,colony-miletus,2,gallery,assets/media/colony-miletus/02.webp,https://commons.wikimedia.org/wiki/File:Miletus-amphitheatre_ruins.jpg,https://upload.wikimedia.org/wikipedia/commons/7/77/Miletus-amphitheatre_ruins.jpg?utm_source=commons.wikimedia.org&utm_campaign=imageinfo&utm_content=original,Miletus-amphitheatre ruins.jpg,Jarekadam at Polish Wikipedia,Public domain,https://creativecommons.org/publicdomain/mark/1.0/,Transferred from pl.wikipedia to Commons by Masur using CommonsHelper.,Μίλητος · Αρχαιολογική άποψη,Miletus · Archaeological view,Μίλητος: αρχαιολογική άποψη,Miletus: archaeological view,1600,1200,de2333819485d958262e6a118d73c82258b1b7b73cf8fbf3d20a521c4fdd40dd,2026-08-15,reviewed
media-colony-myrina-aeolis-01,colony-myrina-aeolis,1,primary,assets/media/colony-myrina-aeolis/01.webp,https://commons.wikimedia.org/wiki/File:Myrina_-_150_BC_-_silver_tetradrachm_-_head_of_Apollon_-_Apollon_with_branch_and_phiale_-_Berlin_MK_BM_18200353.jpg,https://upload.wikimedia.org/wikipedia/commons/8/82/Myrina_-_150_BC_-_silver_tetradrachm_-_head_of_Apollon_-_Apollon_with_branch_and_phiale_-_Berlin_MK_BM_18200353.jpg?utm_source=commons.wikimedia.org&utm_campaign=imageinfo&utm_content=original,Myrina - 150 BC - silver tetradrachm - head of Apollon - Apollon with branch and phiale - Berlin MK BM 18200353.jpg,ArchaiOptix,CC BY-SA 4.0,https://creativecommons.org/licenses/by-sa/4.0,Own work,Μύρινα · Αρχαίο έργο ή εύρημα,Myrina · Ancient artwork or object,Μύρινα: αρχαίο έργο ή εύρημα,Myrina: ancient artwork or object,1600,1341,e8df079dae943e27c841f9e42eb15fd8a719f054ed3008d3f7dd048dcc62aa3d,2026-08-15,reviewed
media-colony-myrina-aeolis-02,colony-myrina-aeolis,2,gallery,assets/media/colony-myrina-aeolis/02.webp,https://commons.wikimedia.org/wiki/File:Myrina_-_155-145_BC_-_silver_tetradrachm_-_head_of_Apollon_-_Apollon_with_branch_and_phiale_-_M%C3%BCnchen_SMS.jpg,https://upload.wikimedia.org/wikipedia/commons/6/60/Myrina_-_155-145_BC_-_silver_tetradrachm_-_head_of_Apollon_-_Apollon_with_branch_and_phiale_-_M%C3%BCnchen_SMS.jpg?utm_source=commons.wikimedia.org&utm_campaign=imageinfo&utm_content=original,Myrina - 155-145 BC - silver tetradrachm - head of Apollon - Apollon with branch and phiale - München SMS.jpg,ArchaiOptix,CC BY-SA 4.0,https://creativecommons.org/licenses/by-sa/4.0,Own work,Μύρινα · Αρχαίο έργο ή εύρημα,Myrina · Ancient artwork or object,Μύρινα: αρχαίο έργο ή εύρημα,Myrina: ancient artwork or object,1600,1254,d934d2fad691ecb12f5d8fcf1ad9f3c955735c0065f43018075ee02187700825,2026-08-15,reviewed
media-colony-naucratis-01,colony-naucratis,1,primary,assets/media/colony-naucratis/01.webp,https://commons.wikimedia.org/wiki/File:Kouros_of_Naucratis.jpg,https://upload.wikimedia.org/wikipedia/commons/7/7d/Kouros_of_Naucratis.jpg?utm_source=commons.wikimedia.org&utm_campaign=imageinfo&utm_content=original,Kouros of Naucratis.jpg,Dorieo,CC BY-SA 4.0,https://creativecommons.org/licenses/by-sa/4.0,Jerónimo Roure Pérez,Ναύκρατις · Αρχαιολογική άποψη,Naucratis · Archaeological view,Ναύκρατις: αρχαιολογική άποψη,Naucratis: archaeological view,800,1600,16d44a5c2dcef49f5769e33fa8bf00dc2cc33b3d6f8466b410b643067ca3f125,2026-08-15,reviewed
media-colony-naucratis-02,colony-naucratis,2,gallery,assets/media/colony-naucratis/02.webp,https://commons.wikimedia.org/wiki/File:Limestone_statuette%2C_god_or_hero_holding_lion%2C_550_BC%2C_Naucratis%2C_BM_Sculpture_B448%2C_143023.jpg,https://upload.wikimedia.org/wikipedia/commons/4/47/Limestone_statuette%2C_god_or_hero_holding_lion%2C_550_BC%2C_Naucratis%2C_BM_Sculpture_B448%2C_143023.jpg?utm_source=commons.wikimedia.org&utm_campaign=imageinfo&utm_content=original,"Limestone statuette, god or hero holding lion, 550 BC, Naucratis, BM Sculpture B448, 143023.jpg",Zde,CC BY-SA 4.0,https://creativecommons.org/licenses/by-sa/4.0,Own work,Ναύκρατις · Αρχαίο έργο ή εύρημα,Naucratis · Ancient artwork or object,Ναύκρατις: αρχαίο έργο ή εύρημα,Naucratis: ancient artwork or object,1067,1600,226c1ba4a26186d751eb64c9b40501a879bdfd94ae5fc2294562d1d99e2906db,2026-08-15,reviewed
media-colony-naxos-sicily-01,colony-naxos-sicily,1,primary,assets/media/colony-naxos-sicily/01.webp,https://commons.wikimedia.org/wiki/File:Ancient_coins_from_Naxos_-_Laurenberg_Johann_-_1661.jpg,https://upload.wikimedia.org/wikipedia/commons/2/20/Ancient_coins_from_Naxos_-_Laurenberg_Johann_-_1661.jpg?utm_source=commons.wikimedia.org&utm_campaign=imageinfo&utm_content=original,Ancient coins from Naxos - Laurenberg Johann - 1661.jpg,Johann Lauremberg,Public domain,https://creativecommons.org/publicdomain/mark/1.0/,http://eng.travelogues.gr/collection.php?view=364,Νάξος Σικελίας · Αρχαίο έργο ή εύρημα,Naxos · Ancient artwork or object,Νάξος Σικελίας: αρχαίο έργο ή εύρημα,Naxos: ancient artwork or object,1500,765,21cfbce5ff654cf22e339eae008a5e980d98a558a42b7d87e269f8ae6752c014,2026-08-15,reviewed
media-colony-naxos-sicily-02,colony-naxos-sicily,2,gallery,assets/media/colony-naxos-sicily/02.webp,https://commons.wikimedia.org/wiki/File:Walls_at_Naxos%2C_Sicily_(71735239).jpg,https://upload.wikimedia.org/wikipedia/commons/b/ba/Walls_at_Naxos%2C_Sicily_%2871735239%29.jpg?utm_source=commons.wikimedia.org&utm_campaign=imageinfo&utm_content=original,"Walls at Naxos, Sicily (71735239).jpg","Alun Salt from Derby and Leicester, UK",CC BY-SA 2.0,https://creativecommons.org/licenses/by-sa/2.0,Walls at Naxos,Νάξος Σικελίας · Αρχαιολογική άποψη,Naxos · Archaeological view,Νάξος Σικελίας: αρχαιολογική άποψη,Naxos: archaeological view,1600,1223,343c9d6bf7d05bf2d3e108d9a0cea91f3e603e1c3c0529b942dfd594123cbe43,2026-08-15,reviewed
media-colony-neapolis-campania-01,colony-neapolis-campania,1,primary,assets/media/colony-neapolis-campania/01.webp,https://commons.wikimedia.org/wiki/File:Napoli%2C_piazza_bellini%2C_mura_greche.JPG,https://upload.wikimedia.org/wikipedia/commons/a/a9/Napoli%2C_piazza_bellini%2C_mura_greche.JPG?utm_source=commons.wikimedia.org&utm_campaign=imageinfo&utm_content=original,"Napoli, piazza bellini, mura greche.JPG",Sailko,CC BY-SA 3.0,https://creativecommons.org/licenses/by-sa/3.0,Own work,Νεάπολη · Αρχαιολογική άποψη,Neapolis · Archaeological view,Νεάπολη: αρχαιολογική άποψη,Neapolis: archaeological view,1600,922,d2cd20143d4d5410fee2e777b50aaad659a045d6b2690e5ef3064aadeaeacffd,2026-08-15,reviewed
media-colony-neapolis-campania-02,colony-neapolis-campania,2,gallery,assets/media/colony-neapolis-campania/02.webp,https://commons.wikimedia.org/wiki/File:Neapolis_(Campania)_-_325-241_BC_-_silver_didrachm_-_head_of_Parthenope_-_river_god_-_M%C3%BCnchen_SMS.jpg,https://upload.wikimedia.org/wikipedia/commons/0/06/Neapolis_%28Campania%29_-_325-241_BC_-_silver_didrachm_-_head_of_Parthenope_-_river_god_-_M%C3%BCnchen_SMS.jpg?utm_source=commons.wikimedia.org&utm_campaign=imageinfo&utm_content=original,Neapolis (Campania) - 325-241 BC - silver didrachm - head of Parthenope - river god - München SMS.jpg,ArchaiOptix,CC BY-SA 4.0,https://creativecommons.org/licenses/by-sa/4.0,Own work,Νεάπολη · Αρχαιολογική άποψη,Neapolis · Archaeological view,Νεάπολη: αρχαιολογική άποψη,Neapolis: archaeological view,1600,1251,77aa4b7f9a225c0191c2aba0bf40fa29c0531f5c23340236bfe0c0b86b0add0d,2026-08-15,reviewed
media-colony-odessos-01,colony-odessos,1,primary,assets/media/colony-odessos/01.webp,https://commons.wikimedia.org/wiki/File:Monnaie_-_Bronze%2C_Odessos%2C_Thrace%2C_Gordien_III_-_btv1b85870814_(2_of_2).jpg,https://upload.wikimedia.org/wikipedia/commons/7/7b/Monnaie_-_Bronze%2C_Odessos%2C_Thrace%2C_Gordien_III_-_btv1b85870814_%282_of_2%29.jpg?utm_source=commons.wikimedia.org&utm_campaign=imageinfo&utm_content=original,"Monnaie - Bronze, Odessos, Thrace, Gordien III - btv1b85870814 (2 of 2).jpg",Gordien III (0225?-0244 ; empereur romain). Autorité émettrice de monnaie Tranquillina (0225?-024. ; impératrice romaine). Autorité émettrice de monnaie Odessos (Thrace ; atelier monétaire). Atelier monétaire,Public domain,https://creativecommons.org/publicdomain/mark/1.0/,Bibliothèque nationale de France,Οδησσός · Αρχαιολογική άποψη,Odessos · Archaeological view,Οδησσός: αρχαιολογική άποψη,Odessos: archaeological view,1600,1589,7aa2c1c3acdd2c149d74a2b38eae53f47e0caf5a2cdb422db56774b72ae34788,2026-08-15,reviewed
media-colony-odessos-02,colony-odessos,2,gallery,assets/media/colony-odessos/02.webp,https://commons.wikimedia.org/wiki/File:Nummus_Odessos_Gordianus_III_reverse_CdM_Paris.jpg,https://upload.wikimedia.org/wikipedia/commons/f/fd/Nummus_Odessos_Gordianus_III_reverse_CdM_Paris.jpg?utm_source=commons.wikimedia.org&utm_campaign=imageinfo&utm_content=original,Nummus Odessos Gordianus III reverse CdM Paris.jpg,Unknown creator,CC BY 2.5,https://creativecommons.org/licenses/by/2.5,"Marie-Lan Nguyen (User:Jastrow), 2008-04-11",Οδησσός · Αρχαιολογική άποψη,Odessos · Archaeological view,Οδησσός: αρχαιολογική άποψη,Odessos: archaeological view,1150,1150,992f20a83f528d7341a077a711c62738fedf1c582354464e68a5866f264fac01,2026-08-15,reviewed
media-colony-olbia-pontica-01,colony-olbia-pontica,1,primary,assets/media/colony-olbia-pontica/01.webp,https://commons.wikimedia.org/wiki/File:%D0%A1%D1%82%D0%B0%D1%80%D0%BE%D0%B4%D0%B0%D0%B2%D0%BD%D1%94_%D0%BC%D1%96%D1%81%D1%82%D0%BE_%D0%9E%D0%BB%D1%8C%D0%B2%D1%96%D1%8F_3.jpg,https://upload.wikimedia.org/wikipedia/commons/3/3e/%D0%A1%D1%82%D0%B0%D1%80%D0%BE%D0%B4%D0%B0%D0%B2%D0%BD%D1%94_%D0%BC%D1%96%D1%81%D1%82%D0%BE_%D0%9E%D0%BB%D1%8C%D0%B2%D1%96%D1%8F_3.jpg?utm_source=commons.wikimedia.org&utm_campaign=imageinfo&utm_content=original,Стародавнє місто Ольвія 3.jpg,Oleksandr Malyon,CC BY-SA 4.0,https://creativecommons.org/licenses/by-sa/4.0,Own work,Ολβία Ποντική · Αρχαιολογική άποψη,Olbia Pontica · Archaeological view,Ολβία Ποντική: αρχαιολογική άποψη,Olbia Pontica: archaeological view,1600,1066,b0fbba116bb7caebf78c4e815ce3f2484dca65be7e7d6edca7210b74d06f2da6,2026-08-15,reviewed
media-colony-olbia-pontica-02,colony-olbia-pontica,2,gallery,assets/media/colony-olbia-pontica/02.webp,https://commons.wikimedia.org/wiki/File:Olbia-1.jpg,https://upload.wikimedia.org/wikipedia/commons/2/2b/Olbia-1.jpg?utm_source=commons.wikimedia.org&utm_campaign=imageinfo&utm_content=original,Olbia-1.jpg,O.Mustafin,CC0 1.0,https://creativecommons.org/publicdomain/zero/1.0/deed.en,Own work,Ολβία Ποντική · Αρχαιολογική άποψη,Olbia Pontica · Archaeological view,Ολβία Ποντική: αρχαιολογική άποψη,Olbia Pontica: archaeological view,1600,1056,bec7a7cf064fd19613c08c75c2a8581b8bd13590e9d142198a37815817df72ce,2026-08-15,reviewed
media-colony-panticapaeum-01,colony-panticapaeum,1,primary,assets/media/colony-panticapaeum/01.webp,https://commons.wikimedia.org/wiki/File:%D0%90%D1%80%D1%85%D1%96%D1%82%D0%B5%D0%BA%D1%82%D1%83%D1%80%D0%BD%D0%BE-%D0%B0%D1%80%D1%85%D0%B5%D0%BE%D0%BB%D0%BE%D0%B3%D1%96%D1%87%D0%BD%D0%B8%D0%B9_%D0%BA%D0%BE%D0%BC%D0%BF%D0%BB%D0%B5%D0%BA%D1%81_%C2%AB%D0%A1%D1%82%D0%B0%D1%80%D0%BE%D0%B4%D0%B0%D0%B2%D0%BD%D1%94_%D0%BC%D1%96%D1%81%D1%82%D0%BE_%D0%9F%D0%B0%D0%BD%D1%82%D1%96%D0%BA%D0%B0%D0%BF%D0%B5%D0%B9%C2%BB.JPG,https://upload.wikimedia.org/wikipedia/commons/e/e3/%D0%90%D1%80%D1%85%D1%96%D1%82%D0%B5%D0%BA%D1%82%D1%83%D1%80%D0%BD%D0%BE-%D0%B0%D1%80%D1%85%D0%B5%D0%BE%D0%BB%D0%BE%D0%B3%D1%96%D1%87%D0%BD%D0%B8%D0%B9_%D0%BA%D0%BE%D0%BC%D0%BF%D0%BB%D0%B5%D0%BA%D1%81_%C2%AB%D0%A1%D1%82%D0%B0%D1%80%D0%BE%D0%B4%D0%B0%D0%B2%D0%BD%D1%94_%D0%BC%D1%96%D1%81%D1%82%D0%BE_%D0%9F%D0%B0%D0%BD%D1%82%D1%96%D0%BA%D0%B0%D0%BF%D0%B5%D0%B9%C2%BB.JPG?utm_source=commons.wikimedia.org&utm_campaign=imageinfo&utm_content=original,Архітектурно-археологічний комплекс «Стародавнє місто Пантікапей».JPG,Derevyagin Igor,CC BY-SA 3.0,https://creativecommons.org/licenses/by-sa/3.0,Own work,Παντικάπαιο · Αρχαιολογική άποψη,Panticapaeum · Archaeological view,Παντικάπαιο: αρχαιολογική άποψη,Panticapaeum: archaeological view,1600,1067,1424a0f4d9658422f48a4e705283582cf841a4275daf244375cd37e9d2e11002,2026-08-15,reviewed
media-colony-panticapaeum-02,colony-panticapaeum,2,gallery,assets/media/colony-panticapaeum/02.webp,https://commons.wikimedia.org/wiki/File:Kerch._Panticapaeum_P5030796_2350.jpg,https://upload.wikimedia.org/wikipedia/commons/7/75/Kerch._Panticapaeum_P5030796_2350.jpg?utm_source=commons.wikimedia.org&utm_campaign=imageinfo&utm_content=original,Kerch. Panticapaeum P5030796 2350.jpg,Alexxx1979,CC BY-SA 4.0,https://creativecommons.org/licenses/by-sa/4.0,Own work,Παντικάπαιο · Αρχαιολογική άποψη,Panticapaeum · Archaeological view,Παντικάπαιο: αρχαιολογική άποψη,Panticapaeum: archaeological view,1600,1067,df29779465e0eef6492f4bc42865e03aec21b308ef9646c90388211e220e9ba2,2026-08-15,reviewed
media-colony-phanagoria-01,colony-phanagoria,1,primary,assets/media/colony-phanagoria/01.webp,https://commons.wikimedia.org/wiki/File:Phanagoria%2C_ruins_of_Synagogue_-_columns_(01).jpg,https://upload.wikimedia.org/wikipedia/commons/0/0f/Phanagoria%2C_ruins_of_Synagogue_-_columns_%2801%29.jpg?utm_source=commons.wikimedia.org&utm_campaign=imageinfo&utm_content=original,"Phanagoria, ruins of Synagogue - columns (01).jpg",Институт археологии РАН,CC BY-SA 4.0,https://creativecommons.org/licenses/by-sa/4.0,Own work,Φαναγόρεια · Αρχαιολογική άποψη,Phanagoria · Archaeological view,Φαναγόρεια: αρχαιολογική άποψη,Phanagoria: archaeological view,1024,693,8e704f469b5cd8f0771424f006b45b606cc167a14e9933fec49481dd5372938b,2026-08-15,reviewed
media-colony-phanagoria-02,colony-phanagoria,2,gallery,assets/media/colony-phanagoria/02.webp,https://commons.wikimedia.org/wiki/File:Phanagoria%2C_ruins_of_Synagogue_-_columns_(02).jpg,https://upload.wikimedia.org/wikipedia/commons/9/9d/Phanagoria%2C_ruins_of_Synagogue_-_columns_%2802%29.jpg?utm_source=commons.wikimedia.org&utm_campaign=imageinfo&utm_content=original,"Phanagoria, ruins of Synagogue - columns (02).jpg",Вольное дело,CC BY 4.0,https://creativecommons.org/licenses/by/4.0,Own work,Φαναγόρεια · Αρχαιολογική άποψη,Phanagoria · Archaeological view,Φαναγόρεια: αρχαιολογική άποψη,Phanagoria: archaeological view,1349,895,835514b20a83dbc89d7620662d59f36714e314cece1d95aad654010e4013f7c2,2026-08-15,reviewed
media-colony-pharos-hvar-01,colony-pharos-hvar,1,primary,assets/media/colony-pharos-hvar/01.webp,https://commons.wikimedia.org/wiki/File:Stari_Grad_Plain.jpg,https://upload.wikimedia.org/wikipedia/commons/3/3b/Stari_Grad_Plain.jpg?utm_source=commons.wikimedia.org&utm_campaign=imageinfo&utm_content=original,Stari Grad Plain.jpg,Schreckgespenst,CC BY-SA 4.0,https://creativecommons.org/licenses/by-sa/4.0,Own work,Φάρος · Αρχαιολογική άποψη,Pharos · Archaeological view,Φάρος: αρχαιολογική άποψη,Pharos: archaeological view,1600,737,5113dc1b1b4b20d36081450cb7a18129ab474ba3ea7a5a0db8e3a2a5cdbfbd6d,2026-08-15,reviewed
media-colony-pharos-hvar-02,colony-pharos-hvar,2,gallery,assets/media/colony-pharos-hvar/02.webp,https://commons.wikimedia.org/wiki/File:Stari_Grad_Plain_Path_1.jpg,https://upload.wikimedia.org/wikipedia/commons/a/a0/Stari_Grad_Plain_Path_1.jpg?utm_source=commons.wikimedia.org&utm_campaign=imageinfo&utm_content=original,Stari Grad Plain Path 1.jpg,Schreckgespenst,CC BY-SA 4.0,https://creativecommons.org/licenses/by-sa/4.0,Own work,Φάρος · Αρχαιολογική άποψη,Pharos · Archaeological view,Φάρος: αρχαιολογική άποψη,Pharos: archaeological view,1200,1600,79f74ee446a0f0e8108db7ddee4461d543ae7999c024ac2572c43837e50c6941,2026-08-15,reviewed
media-colony-phaselis-01,colony-phaselis,1,primary,assets/media/colony-phaselis/01.webp,https://commons.wikimedia.org/wiki/File:Phaselis_August_2019_02.jpg,https://upload.wikimedia.org/wikipedia/commons/0/0c/Phaselis_August_2019_02.jpg?utm_source=commons.wikimedia.org&utm_campaign=imageinfo&utm_content=original,Phaselis August 2019 02.jpg,Лобачев Владимир,CC BY-SA 4.0,https://creativecommons.org/licenses/by-sa/4.0,Own work,Φάσηλις · Αρχαιολογική άποψη,Phaselis · Archaeological view,Φάσηλις: αρχαιολογική άποψη,Phaselis: archaeological view,1600,1200,11f28773e6fd2ce13e86a457f877f52197a445c57b9b6f7207990aa9b7769ade,2026-08-15,reviewed
media-colony-phaselis-02,colony-phaselis,2,gallery,assets/media/colony-phaselis/02.webp,https://commons.wikimedia.org/wiki/File:Phaselis_August_2019_04.jpg,https://upload.wikimedia.org/wikipedia/commons/4/4b/Phaselis_August_2019_04.jpg?utm_source=commons.wikimedia.org&utm_campaign=imageinfo&utm_content=original,Phaselis August 2019 04.jpg,Лобачев Владимир,CC BY-SA 4.0,https://creativecommons.org/licenses/by-sa/4.0,Own work,Φάσηλις · Αρχαιολογική άποψη,Phaselis · Archaeological view,Φάσηλις: αρχαιολογική άποψη,Phaselis: archaeological view,1600,1200,50552536cf03da2266749791ef98f7ba6c221b8eadbe12e6f3d184f05472e28d,2026-08-15,reviewed
media-colony-phasis-city-01,colony-phasis-city,1,primary,assets/media/colony-phasis-city/01.webp,https://commons.wikimedia.org/wiki/File:Phasis_-_480-440_BC_-_silver_coin_-_lion_-_river_god_-_Berlin_MK_BM_18200121.jpg,https://upload.wikimedia.org/wikipedia/commons/f/fa/Phasis_-_480-440_BC_-_silver_coin_-_lion_-_river_god_-_Berlin_MK_BM_18200121.jpg?utm_source=commons.wikimedia.org&utm_campaign=imageinfo&utm_content=original,Phasis - 480-440 BC - silver coin - lion - river god - Berlin MK BM 18200121.jpg,ArchaiOptix,CC BY-SA 4.0,https://creativecommons.org/licenses/by-sa/4.0,Own work,Φάσις · Αρχαίο έργο ή εύρημα,Phasis · Ancient artwork or object,Φάσις: αρχαίο έργο ή εύρημα,Phasis: ancient artwork or object,1600,1600,b787bcec058b7c972814f368a6977292894b0e3922ee1ccbfe90cca8e9057eed,2026-08-15,reviewed
media-colony-phasis-city-02,colony-phasis-city,2,gallery,assets/media/colony-phasis-city/02.webp,https://commons.wikimedia.org/wiki/File:Mouth_of_the_Phasis_at_Poti_-_Ainsworth_William_Francis_-_1870.jpg,https://upload.wikimedia.org/wikipedia/commons/c/ca/Mouth_of_the_Phasis_at_Poti_-_Ainsworth_William_Francis_-_1870.jpg?utm_source=commons.wikimedia.org&utm_campaign=imageinfo&utm_content=original,Mouth of the Phasis at Poti - Ainsworth William Francis - 1870.jpg,William Francis Ainsworth,Public domain,https://creativecommons.org/publicdomain/mark/1.0/,http://eng.travelogues.gr/collection.php?view=250,Φάσις · Αρχαιολογική άποψη,Phasis · Archaeological view,Φάσις: αρχαιολογική άποψη,Phasis: archaeological view,1500,1168,14bdc8269dd41f43fcb526f29c222f09a1edc6cf224b467fa58b87419b4d4811,2026-08-15,reviewed
media-colony-philippi-01,colony-philippi,1,primary,assets/media/colony-philippi/01.webp,https://commons.wikimedia.org/wiki/File:Ruins_at_the_Archaeological_Site_of_Philippi%2C_Greece.jpg,https://upload.wikimedia.org/wikipedia/commons/2/29/Ruins_at_the_Archaeological_Site_of_Philippi%2C_Greece.jpg?utm_source=commons.wikimedia.org&utm_campaign=imageinfo&utm_content=original,"Ruins at the Archaeological Site of Philippi, Greece.jpg",Salwa Farwaneh Dameh,CC0 1.0,https://creativecommons.org/publicdomain/zero/1.0/deed.en,Own work,Φίλιπποι · Αρχαιολογική άποψη,Philippi · Archaeological view,Φίλιπποι: αρχαιολογική άποψη,Philippi: archaeological view,1200,1600,f26db5482aec54b54436dda94d26e69d6d915744f33f38af99c0cfe73d222732,2026-08-15,reviewed
media-colony-philippi-02,colony-philippi,2,gallery,assets/media/colony-philippi/02.webp,https://commons.wikimedia.org/wiki/File:The_ruins_of_palaestra_next_to_the_Basilica_B%2C_Philippi_(7272673030).jpg,https://upload.wikimedia.org/wikipedia/commons/8/8f/The_ruins_of_palaestra_next_to_the_Basilica_B%2C_Philippi_%287272673030%29.jpg?utm_source=commons.wikimedia.org&utm_campaign=imageinfo&utm_content=original,"The ruins of palaestra next to the Basilica B, Philippi (7272673030).jpg","Carole Raddato from FRANKFURT, Germany",CC BY-SA 2.0,https://creativecommons.org/licenses/by-sa/2.0,"The ruins of palaestra next to the Basilica B, Philippi Uploaded by Marcus Cyron",Φίλιπποι · Αρχαιολογική άποψη,Philippi · Archaeological view,Φίλιπποι: αρχαιολογική άποψη,Philippi: archaeological view,1600,1200,f6e47904c88b9cf2caf982b03fa7ee3a32b75894a792e42e25f6fce5f4fd0896,2026-08-15,reviewed
media-colony-phocaea-01,colony-phocaea,1,primary,assets/media/colony-phocaea/01.webp,https://commons.wikimedia.org/wiki/File:Ancient_theatre_Fo%C3%A7a525.jpg,https://upload.wikimedia.org/wikipedia/commons/5/5b/Ancient_theatre_Fo%C3%A7a525.jpg?utm_source=commons.wikimedia.org&utm_campaign=imageinfo&utm_content=original,Ancient theatre Foça525.jpg,QuartierLatin1968,CC BY-SA 3.0,https://creativecommons.org/licenses/by-sa/3.0/,Own work,Φώκαια · Αρχαιολογική άποψη,Phocaea · Archaeological view,Φώκαια: αρχαιολογική άποψη,Phocaea: archaeological view,1600,1068,8b399e3ee97181ff1ff538c3235d2432a3404ec04fe67755d8ca6dfba0f44ec5,2026-08-15,reviewed
media-colony-phocaea-02,colony-phocaea,2,gallery,assets/media/colony-phocaea/02.webp,https://commons.wikimedia.org/wiki/File:Ancient_coins_from_Phocaea_(1%2C_2)%2C_Sardes_(3%2C_4)%2C_and_possibly_Izmir_(5%2C_6)_-_Spon_Jacob_-_1678.jpg,https://upload.wikimedia.org/wikipedia/commons/1/12/Ancient_coins_from_Phocaea_%281%2C_2%29%2C_Sardes_%283%2C_4%29%2C_and_possibly_Izmir_%285%2C_6%29_-_Spon_Jacob_-_1678.jpg?utm_source=commons.wikimedia.org&utm_campaign=imageinfo&utm_content=original,"Ancient coins from Phocaea (1, 2), Sardes (3, 4), and possibly Izmir (5, 6) - Spon Jacob - 1678.jpg",Jacob Spon,Public domain,https://creativecommons.org/publicdomain/mark/1.0/,http://eng.travelogues.gr/travelogue.php?view=294&creator=978920&tag=8852,Φώκαια · Αρχαίο έργο ή εύρημα,Phocaea · Ancient artwork or object,Φώκαια: αρχαίο έργο ή εύρημα,Phocaea: ancient artwork or object,789,1500,8f2150564ea54e265fcad339e683768b1e5aba5a995e11313c01d25eaf40d4aa,2026-08-15,reviewed
media-colony-poseidonia-01,colony-poseidonia,1,primary,assets/media/colony-poseidonia/01.webp,https://commons.wikimedia.org/wiki/File:Paestum_-_Poseidonia_-_ruins_-_July_13th_2013_-_03.jpg,https://upload.wikimedia.org/wikipedia/commons/2/25/Paestum_-_Poseidonia_-_ruins_-_July_13th_2013_-_03.jpg?utm_source=commons.wikimedia.org&utm_campaign=imageinfo&utm_content=original,Paestum - Poseidonia - ruins - July 13th 2013 - 03.jpg,Norbert Nagel,CC BY-SA 3.0,https://creativecommons.org/licenses/by-sa/3.0,Own work,Ποσειδωνία · Αρχαιολογική άποψη,Poseidonia · Archaeological view,Ποσειδωνία: αρχαιολογική άποψη,Poseidonia: archaeological view,1600,1068,785438e5b912cdefa601ad37af7ecee9e57ebb42e3c74d7c9de1c7b4ac85f4d6,2026-08-15,reviewed
media-colony-poseidonia-02,colony-poseidonia,2,gallery,assets/media/colony-poseidonia/02.webp,https://commons.wikimedia.org/wiki/File:Aerial_image_of_Paestum_(view_from_the_south).jpg,https://upload.wikimedia.org/wikipedia/commons/d/db/Aerial_image_of_Paestum_%28view_from_the_south%29.jpg?utm_source=commons.wikimedia.org&utm_campaign=imageinfo&utm_content=original,Aerial image of Paestum (view from the south).jpg,Carsten Steger,CC BY-SA 4.0,https://creativecommons.org/licenses/by-sa/4.0,Own work,Ποσειδωνία · Αρχαιολογική άποψη,Poseidonia · Archaeological view,Ποσειδωνία: αρχαιολογική άποψη,Poseidonia: archaeological view,1600,988,f45fcf8565511d8420abf93344e69b2b9fbe40b7dbba2e69b036d31a72b0b1d1,2026-08-15,reviewed
media-colony-priene-01,colony-priene,1,primary,assets/media/colony-priene/01.webp,https://commons.wikimedia.org/wiki/File:Temple_of_Athena_at_Priene.jpg,https://upload.wikimedia.org/wikipedia/commons/6/6d/Temple_of_Athena_at_Priene.jpg?utm_source=commons.wikimedia.org&utm_campaign=imageinfo&utm_content=original,Temple of Athena at Priene.jpg,Ken and Nyetta,CC BY 2.0,https://creativecommons.org/licenses/by/2.0,Flickr: Temple of Athena at Priene,Πριήνη · Αρχαιολογική άποψη,Priene · Archaeological view,Πριήνη: αρχαιολογική άποψη,Priene: archaeological view,1600,1063,df1ff64a43c33d5929e01ac25f093433ff42289707514f342e4a83c2aa96b2d1,2026-08-15,reviewed
media-colony-priene-02,colony-priene,2,gallery,assets/media/colony-priene/02.webp,https://commons.wikimedia.org/wiki/File:Athena_Temple_Priene_1.jpg,https://upload.wikimedia.org/wikipedia/commons/2/2c/Athena_Temple_Priene_1.jpg?utm_source=commons.wikimedia.org&utm_campaign=imageinfo&utm_content=original,Athena Temple Priene 1.jpg,Tomisti,CC BY-SA 4.0,https://creativecommons.org/licenses/by-sa/4.0,Own work,Πριήνη · Αρχαιολογική άποψη,Priene · Archaeological view,Πριήνη: αρχαιολογική άποψη,Priene: archaeological view,1600,1200,2b1f668174c5122871d0bc54cd90327d0c29d4ef006f4b5a685e5b4850e37fba,2026-08-15,reviewed
media-colony-rhegion-01,colony-rhegion,1,primary,assets/media/colony-rhegion/01.webp,https://commons.wikimedia.org/wiki/File:Rhegion_-_461-445_BC_-_silver_tetradrachm_-_lion%C2%B4s_scalp_-_Iokastes_-_M%C3%BCnchen_SMS.jpg,https://upload.wikimedia.org/wikipedia/commons/8/8b/Rhegion_-_461-445_BC_-_silver_tetradrachm_-_lion%C2%B4s_scalp_-_Iokastes_-_M%C3%BCnchen_SMS.jpg?utm_source=commons.wikimedia.org&utm_campaign=imageinfo&utm_content=original,Rhegion - 461-445 BC - silver tetradrachm - lion´s scalp - Iokastes - München SMS.jpg,ArchaiOptix,CC BY-SA 4.0,https://creativecommons.org/licenses/by-sa/4.0,Own work,Ρήγιο · Αρχαίο έργο ή εύρημα,Rhegion · Ancient artwork or object,Ρήγιο: αρχαίο έργο ή εύρημα,Rhegion: ancient artwork or object,1600,1388,ac33bacca35db41e00f48107e81541fd8929d874d481bd9d2aa98427771448db,2026-08-15,reviewed
media-colony-rhegion-02,colony-rhegion,2,gallery,assets/media/colony-rhegion/02.webp,https://commons.wikimedia.org/wiki/File:Rhegion_-_350-218_BC_-_bronze_coin_-_lion%C2%B4s_scalp_-_head_of_Apollon_-_M%C3%BCnchen_SMS.jpg,https://upload.wikimedia.org/wikipedia/commons/e/e8/Rhegion_-_350-218_BC_-_bronze_coin_-_lion%C2%B4s_scalp_-_head_of_Apollon_-_M%C3%BCnchen_SMS.jpg?utm_source=commons.wikimedia.org&utm_campaign=imageinfo&utm_content=original,Rhegion - 350-218 BC - bronze coin - lion´s scalp - head of Apollon - München SMS.jpg,ArchaiOptix,CC BY-SA 4.0,https://creativecommons.org/licenses/by-sa/4.0,Own work,Ρήγιο · Αρχαίο έργο ή εύρημα,Rhegion · Ancient artwork or object,Ρήγιο: αρχαίο έργο ή εύρημα,Rhegion: ancient artwork or object,1600,1600,b07a0d7adc6991de77e6bc41c899b8f2008b7c2bce4bd24a27849ebd95fb0415,2026-08-15,reviewed
media-colony-selinus-01,colony-selinus,1,primary,assets/media/colony-selinus/01.webp,https://commons.wikimedia.org/wiki/File:Selinunte-pjt2.jpg,https://upload.wikimedia.org/wikipedia/commons/0/0c/Selinunte-pjt2.jpg?utm_source=commons.wikimedia.org&utm_campaign=imageinfo&utm_content=original,Selinunte-pjt2.jpg,pjt56 ---,CC BY-SA 3.0,https://creativecommons.org/licenses/by-sa/3.0,Own work,Σελινούντας · Αρχαιολογική άποψη,Selinus · Archaeological view,Σελινούντας: αρχαιολογική άποψη,Selinus: archaeological view,1600,1113,0e8e999c6b776d92a469877ff871ae106d72bc5ec9e999f1a2cbd032642e5050,2026-08-15,reviewed
media-colony-selinus-02,colony-selinus,2,gallery,assets/media/colony-selinus/02.webp,https://commons.wikimedia.org/wiki/File:Selinunte_Panoramic_View_1.jpg,https://upload.wikimedia.org/wikipedia/commons/9/92/Selinunte_Panoramic_View_1.jpg?utm_source=commons.wikimedia.org&utm_campaign=imageinfo&utm_content=original,Selinunte Panoramic View 1.jpg,Rattiane,Public domain,https://creativecommons.org/publicdomain/mark/1.0/,Own work,Σελινούντας · Αρχαιολογική άποψη,Selinus · Archaeological view,Σελινούντας: αρχαιολογική άποψη,Selinus: archaeological view,1600,573,01f68b79dd76a3493d8efd6ebe4d6e82c9f67430b6a114cba5a5b85386c413a7,2026-08-15,reviewed
media-colony-sinope-01,colony-sinope,1,primary,assets/media/colony-sinope/01.webp,https://commons.wikimedia.org/wiki/File:Coinage_of_Abrocomas_Sinope_Paphlagonia.jpg,https://upload.wikimedia.org/wikipedia/commons/9/9a/Coinage_of_Abrocomas_Sinope_Paphlagonia.jpg?utm_source=commons.wikimedia.org&utm_campaign=imageinfo&utm_content=original,Coinage of Abrocomas Sinope Paphlagonia.jpg,Bibliothèque nationale de France,CC0 1.0,https://creativecommons.org/publicdomain/zero/1.0/deed.en,This file comes from Gallica Digital Library and is available under the digital ID btv1b85344638,Σινώπη · Αρχαίο έργο ή εύρημα,Sinope · Ancient artwork or object,Σινώπη: αρχαίο έργο ή εύρημα,Sinope: ancient artwork or object,1600,815,1edf8c2a9d5ef044670bbc2540b07a3be99b7794f55dbc1ba0432727f6b5c94a,2026-08-15,reviewed
media-colony-sinope-02,colony-sinope,2,gallery,assets/media/colony-sinope/02.webp,https://commons.wikimedia.org/wiki/File:Sinop_Hellenistic_tower_of_north_walls_9560.jpg,https://upload.wikimedia.org/wikipedia/commons/d/db/Sinop_Hellenistic_tower_of_north_walls_9560.jpg?utm_source=commons.wikimedia.org&utm_campaign=imageinfo&utm_content=original,Sinop Hellenistic tower of north walls 9560.jpg,Dosseman,CC BY-SA 4.0,https://creativecommons.org/licenses/by-sa/4.0,Own work,Σινώπη · Αρχαιολογική άποψη,Sinope · Archaeological view,Σινώπη: αρχαιολογική άποψη,Sinope: archaeological view,1064,1600,33681fdce0bcbfa31fb4092cda6fe984ca750dc00dd3195c6468cc3254b024c6,2026-08-15,reviewed
media-colony-sybaris-01,colony-sybaris,1,primary,assets/media/colony-sybaris/01.webp,https://commons.wikimedia.org/wiki/File:Sybaris_archeological_park_1.jpg,https://upload.wikimedia.org/wikipedia/commons/6/6f/Sybaris_archeological_park_1.jpg?utm_source=commons.wikimedia.org&utm_campaign=imageinfo&utm_content=original,Sybaris archeological park 1.jpg,Peter Stewart,CC BY-SA 2.0,https://creativecommons.org/licenses/by-sa/2.0,Flickr: IMG_1894.jpg,Σύβαρις · Αρχαιολογική άποψη,Sybaris · Archaeological view,Σύβαρις: αρχαιολογική άποψη,Sybaris: archaeological view,1600,1067,380f9a77f9fe78b203b8bb7f62d583e0d3bbe6c0ef368384dbfed85453126753,2026-08-15,reviewed
media-colony-sybaris-02,colony-sybaris,2,gallery,assets/media/colony-sybaris/02.webp,https://commons.wikimedia.org/wiki/File:Sybaris_archeological_park_3.jpg,https://upload.wikimedia.org/wikipedia/commons/e/e4/Sybaris_archeological_park_3.jpg?utm_source=commons.wikimedia.org&utm_campaign=imageinfo&utm_content=original,Sybaris archeological park 3.jpg,Peter Stewart,CC BY-SA 2.0,https://creativecommons.org/licenses/by-sa/2.0,Flickr: IMG_1908.jpg,Σύβαρις · Αρχαιολογική άποψη,Sybaris · Archaeological view,Σύβαρις: αρχαιολογική άποψη,Sybaris: archaeological view,1600,1067,7f784eff76d6dafa411178525bbe2d0c0db093ccce256b4dae60debd6e024963,2026-08-15,reviewed
media-colony-syracuse-01,colony-syracuse,1,primary,assets/media/colony-syracuse/01.webp,https://commons.wikimedia.org/wiki/File:Teatro_greco_di_Siracusa_2024a.jpg,https://upload.wikimedia.org/wikipedia/commons/1/14/Teatro_greco_di_Siracusa_2024a.jpg?utm_source=commons.wikimedia.org&utm_campaign=imageinfo&utm_content=original,Teatro greco di Siracusa 2024a.jpg,Antony-22,CC BY-SA 4.0,https://creativecommons.org/licenses/by-sa/4.0,Own work,Συρακούσες · Αρχαιολογική άποψη,Syracuse · Archaeological view,Συρακούσες: αρχαιολογική άποψη,Syracuse: archaeological view,1600,1067,936200cba936278988bb8176c65f3431383363af50fb5dfad549ab215ca2c719,2026-08-15,reviewed
media-colony-syracuse-02,colony-syracuse,2,gallery,assets/media/colony-syracuse/02.webp,https://commons.wikimedia.org/wiki/File:Greek_Ruins%2C_market_in_Ortigia%2C_Syracuse.jpg,https://upload.wikimedia.org/wikipedia/commons/8/8c/Greek_Ruins%2C_market_in_Ortigia%2C_Syracuse.jpg?utm_source=commons.wikimedia.org&utm_campaign=imageinfo&utm_content=original,"Greek Ruins, market in Ortigia, Syracuse.jpg",s9-4pr,CC BY 2.0,https://creativecommons.org/licenses/by/2.0,Fonte,Συρακούσες · Αρχαιολογική άποψη,Syracuse · Archaeological view,Συρακούσες: αρχαιολογική άποψη,Syracuse: archaeological view,1600,1067,520cee6eddf1b56e1befc8e099333e65879f9153b93be1352ab4deb8f9ce9674,2026-08-15,reviewed
media-colony-tanais-01,colony-tanais,1,primary,assets/media/colony-tanais/01.webp,https://commons.wikimedia.org/wiki/File:Excavations_of_Tanais_(3).jpg,https://upload.wikimedia.org/wikipedia/commons/2/22/Excavations_of_Tanais_%283%29.jpg?utm_source=commons.wikimedia.org&utm_campaign=imageinfo&utm_content=original,Excavations of Tanais (3).jpg,Altes,CC BY-SA 4.0,https://creativecommons.org/licenses/by-sa/4.0,Own work,Τάναϊς · Αρχαιολογική άποψη,Tanais · Archaeological view,Τάναϊς: αρχαιολογική άποψη,Tanais: archaeological view,1600,900,eb95e0d52c573c81dd5a4dd972e27fc4b9e95fe94cfc8f4703f1e79c37fa0c5b,2026-08-15,reviewed
media-colony-tanais-02,colony-tanais,2,gallery,assets/media/colony-tanais/02.webp,https://commons.wikimedia.org/wiki/File:Reconstruction_of_Tanais_fortification.jpg,https://upload.wikimedia.org/wikipedia/commons/d/d2/Reconstruction_of_Tanais_fortification.jpg?utm_source=commons.wikimedia.org&utm_campaign=imageinfo&utm_content=original,Reconstruction of Tanais fortification.jpg,Davide Mauro,CC BY-SA 4.0,https://creativecommons.org/licenses/by-sa/4.0,Own work,Τάναϊς · Αρχαιολογική άποψη,Tanais · Archaeological view,Τάναϊς: αρχαιολογική άποψη,Tanais: archaeological view,1600,1067,4de6ea5fe332253b7ed123513dc3189d817920bf935131d421ba404a16bb4a88,2026-08-15,reviewed
media-colony-taras-01,colony-taras,1,primary,assets/media/colony-taras/01.webp,https://commons.wikimedia.org/wiki/File:Taras_Doric_columns.jpg,https://upload.wikimedia.org/wikipedia/commons/a/a9/Taras_Doric_columns.jpg?utm_source=commons.wikimedia.org&utm_campaign=imageinfo&utm_content=original,Taras Doric columns.jpg,User:Livioandronico2013,CC BY-SA 3.0,https://creativecommons.org/licenses/by-sa/3.0,Cropped version of https://commons.wikimedia.org/wiki/File:Colonne_Doriche.JPG,Τάρας · Αρχαιολογική άποψη,Taras · Archaeological view,Τάρας: αρχαιολογική άποψη,Taras: archaeological view,1600,1353,62fccd07e1c4f7ba5b0e4d02b54a32c6180637afe6032b46e2928ea5ccd025b7,2026-08-15,reviewed
media-colony-taras-02,colony-taras,2,gallery,assets/media/colony-taras/02.webp,https://commons.wikimedia.org/wiki/File:Taras_-_473-460_BC_-_silver_didrachm_-_youth_riding_dolphin_-_man_seated_with_spindle_-_M%C3%BCnchen_SMS.jpg,https://upload.wikimedia.org/wikipedia/commons/4/4b/Taras_-_473-460_BC_-_silver_didrachm_-_youth_riding_dolphin_-_man_seated_with_spindle_-_M%C3%BCnchen_SMS.jpg?utm_source=commons.wikimedia.org&utm_campaign=imageinfo&utm_content=original,Taras - 473-460 BC - silver didrachm - youth riding dolphin - man seated with spindle - München SMS.jpg,ArchaiOptix,CC BY-SA 4.0,https://creativecommons.org/licenses/by-sa/4.0,Own work,Τάρας · Αρχαιολογική άποψη,Taras · Archaeological view,Τάρας: αρχαιολογική άποψη,Taras: archaeological view,1600,1308,b9338ebccadc3b57923a32bc91f551f244d211f1fcebebe1823322aaab5746e2,2026-08-15,reviewed
media-colony-taucheira-01,colony-taucheira,1,primary,assets/media/colony-taucheira/01.webp,https://commons.wikimedia.org/wiki/File:9_E_Church.jpg,https://upload.wikimedia.org/wikipedia/commons/2/2c/9_E_Church.jpg?utm_source=commons.wikimedia.org&utm_campaign=imageinfo&utm_content=original,9 E Church.jpg,slsphotolibrary,CC BY-SA 2.0,https://creativecommons.org/licenses/by-sa/2.0,https://www.flickr.com/photos/189018824@N02/51814125186/,Ταύχειρα · Αρχαιολογική άποψη,Taucheira · Archaeological view,Ταύχειρα: αρχαιολογική άποψη,Taucheira: archaeological view,1600,1067,60de724509fb913a4a46dba36566a61430b6119e786dd5c034e66155742145c7,2026-08-15,reviewed
media-colony-taucheira-02,colony-taucheira,2,gallery,assets/media/colony-taucheira/02.webp,https://commons.wikimedia.org/wiki/File:Panathenaic_prize_amphora_of_a_chariot_race%2C_Made_in_Athens_about_410%E2%80%93400_BC%2C_found_at_Taucheira_in_Cyrenaica%2C_modern_Libya%2C_Winning_at_the_ancient_Games%2C_British_Museum_(7642691328).jpg,https://upload.wikimedia.org/wikipedia/commons/7/75/Panathenaic_prize_amphora_of_a_chariot_race%2C_Made_in_Athens_about_410%E2%80%93400_BC%2C_found_at_Taucheira_in_Cyrenaica%2C_modern_Libya%2C_Winning_at_the_ancient_Games%2C_British_Museum_%287642691328%29.jpg?utm_source=commons.wikimedia.org&utm_campaign=imageinfo&utm_content=original,"Panathenaic prize amphora of a chariot race, Made in Athens about 410–400 BC, found at Taucheira in Cyrenaica, modern Libya, Winning at the ancient Games, British Museum (7642691328).jpg","Carole Raddato from FRANKFURT, Germany",CC BY-SA 2.0,https://creativecommons.org/licenses/by-sa/2.0,"Panathenaic prize amphora of a chariot race, Made in Athens about 410–400 BC, found at Taucheira in Cyrenaica, modern Libya, Winning at the ancient Games, British Museum Uploaded by Marcus Cyron",Ταύχειρα · Αρχαιολογική άποψη,Taucheira · Archaeological view,Ταύχειρα: αρχαιολογική άποψη,Taucheira: archaeological view,1070,1600,09adab2b0ea6a551ac88b7f7a19095e2bcb21a9279f76b4af2f9b8184df26677,2026-08-15,reviewed
media-colony-teos-01,colony-teos,1,primary,assets/media/colony-teos/01.webp,https://commons.wikimedia.org/wiki/File:Theater_teos.JPG,https://upload.wikimedia.org/wikipedia/commons/a/a5/Theater_teos.JPG?utm_source=commons.wikimedia.org&utm_campaign=imageinfo&utm_content=original,Theater teos.JPG,Philipp Pilhofer,CC BY-SA 3.0,https://creativecommons.org/licenses/by-sa/3.0,Own work,Τέως · Αρχαιολογική άποψη,Teos · Archaeological view,Τέως: αρχαιολογική άποψη,Teos: archaeological view,1600,1067,80d88baec5311ef8451927c10933e976db940f032b1fa02be7b89ed92520cca7,2026-08-15,reviewed
media-colony-teos-02,colony-teos,2,gallery,assets/media/colony-teos/02.webp,https://commons.wikimedia.org/wiki/File:Esmirna_(provincia)_1998_03.jpg,https://upload.wikimedia.org/wikipedia/commons/c/c1/Esmirna_%28provincia%29_1998_03.jpg?utm_source=commons.wikimedia.org&utm_campaign=imageinfo&utm_content=original,Esmirna (provincia) 1998 03.jpg,LBM1948,CC BY-SA 4.0,https://creativecommons.org/licenses/by-sa/4.0,Own work,Τέως · Αρχαιολογική άποψη,Teos · Archaeological view,Τέως: αρχαιολογική άποψη,Teos: archaeological view,994,641,d794a8da2e6a04ade4cdb82a972b755a62f217433dd905e6c0ffd61ff84e193f,2026-08-15,reviewed
media-colony-theodosia-crimea-01,colony-theodosia-crimea,1,primary,assets/media/colony-theodosia-crimea/01.webp,https://commons.wikimedia.org/wiki/File:THEODOSIA_01.jpg,https://upload.wikimedia.org/wikipedia/commons/1/16/THEODOSIA_01.jpg?utm_source=commons.wikimedia.org&utm_campaign=imageinfo&utm_content=original,THEODOSIA 01.jpg,Qypchak,Public domain,https://creativecommons.org/publicdomain/mark/1.0/,Own work,Θεοδοσία · Αρχαιολογική άποψη,Theodosia · Archaeological view,Θεοδοσία: αρχαιολογική άποψη,Theodosia: archaeological view,1600,1053,de280d9692db9b53436053e099f27d5c937f6e570f8543906b47c2fae9e4753a,2026-08-15,reviewed
media-colony-theodosia-crimea-02,colony-theodosia-crimea,2,gallery,assets/media/colony-theodosia-crimea/02.webp,https://commons.wikimedia.org/wiki/File:%D0%9A%D0%B0%D1%80%D0%BB%D0%BE_%D0%91%D0%BE%D1%81%D1%81%D0%BE%D0%BB%D0%B8._%D0%A4%D0%B5%D0%BE%D0%B4%D0%BE%D1%81%D0%B8%D1%8F.jpg,https://upload.wikimedia.org/wikipedia/commons/e/ed/%D0%9A%D0%B0%D1%80%D0%BB%D0%BE_%D0%91%D0%BE%D1%81%D1%81%D0%BE%D0%BB%D0%B8._%D0%A4%D0%B5%D0%BE%D0%B4%D0%BE%D1%81%D0%B8%D1%8F.jpg?utm_source=commons.wikimedia.org&utm_campaign=imageinfo&utm_content=original,Карло Боссоли. Феодосия.jpg,Carlo Bossoli,Public domain,https://creativecommons.org/publicdomain/mark/1.0/,Альбом. «Пейзажи и достопримечательности Крыма» - http://allday.ru/2008/12/06/karlo-bossoli.albom.pejjzazhi-i.html,Θεοδοσία · Αρχαιολογική άποψη,Theodosia · Archaeological view,Θεοδοσία: αρχαιολογική άποψη,Theodosia: archaeological view,1600,1219,05935466bbb15a175fe1fc6a63223c6c54ab52c0f0f42662ae9f5d98d82121ad,2026-08-15,reviewed
media-colony-tomis-01,colony-tomis,1,primary,assets/media/colony-tomis/01.webp,https://commons.wikimedia.org/wiki/File:Ruinele_Orasului_antic_Tomis_1.jpg,https://upload.wikimedia.org/wikipedia/commons/0/08/Ruinele_Orasului_antic_Tomis_1.jpg?utm_source=commons.wikimedia.org&utm_campaign=imageinfo&utm_content=original,Ruinele Orasului antic Tomis 1.jpg,Deeamadalina,CC BY-SA 4.0,https://creativecommons.org/licenses/by-sa/4.0,Own work,Τόμις · Αρχαιολογική άποψη,Tomis · Archaeological view,Τόμις: αρχαιολογική άποψη,Tomis: archaeological view,1600,1200,1d61b469e8683418307a02771af1b00c58bf70f0e4e07a1a3a8c18e56e144d6e,2026-08-15,reviewed
media-colony-tomis-02,colony-tomis,2,gallery,assets/media/colony-tomis/02.webp,https://commons.wikimedia.org/wiki/File:Ruinele_Orasului_antic_Tomis_2.jpg,https://upload.wikimedia.org/wikipedia/commons/7/7e/Ruinele_Orasului_antic_Tomis_2.jpg?utm_source=commons.wikimedia.org&utm_campaign=imageinfo&utm_content=original,Ruinele Orasului antic Tomis 2.jpg,Deeamadalina,CC BY-SA 4.0,https://creativecommons.org/licenses/by-sa/4.0,Own work,Τόμις · Αρχαιολογική άποψη,Tomis · Archaeological view,Τόμις: αρχαιολογική άποψη,Tomis: archaeological view,1600,1200,a98171484c1d9368f257057034f08efea0b546d20e34fa00ccb95ac8feb57f0d,2026-08-15,reviewed
media-colony-tragurion-01,colony-tragurion,1,primary,assets/media/colony-tragurion/01.webp,https://commons.wikimedia.org/wiki/File:Ancient_relief_in_the_Kairos_museum_of_Trogir.jpg,https://upload.wikimedia.org/wikipedia/commons/0/04/Ancient_relief_in_the_Kairos_museum_of_Trogir.jpg?utm_source=commons.wikimedia.org&utm_campaign=imageinfo&utm_content=original,Ancient relief in the Kairos museum of Trogir.jpg,TimeTravelRome,CC BY 2.0,https://creativecommons.org/licenses/by/2.0,https://www.flickr.com/photos/168399512@N02/51388042725/,Τραγούριον · Αρχαίο έργο ή εύρημα,Tragurion · Ancient artwork or object,Τραγούριον: αρχαίο έργο ή εύρημα,Tragurion: ancient artwork or object,1600,1067,c43d4a1f1bc3191a46d92396fb7b5acc84f4852858dc1fcd9c2bd32fdd5ef9cc,2026-08-15,reviewed
media-colony-tragurion-02,colony-tragurion,2,gallery,assets/media/colony-tragurion/02.webp,https://commons.wikimedia.org/wiki/File:Greek_inscription_in_the_Kairos_museum_of_Trogir.jpg,https://upload.wikimedia.org/wikipedia/commons/5/50/Greek_inscription_in_the_Kairos_museum_of_Trogir.jpg?utm_source=commons.wikimedia.org&utm_campaign=imageinfo&utm_content=original,Greek inscription in the Kairos museum of Trogir.jpg,TimeTravelRome,CC BY 2.0,https://creativecommons.org/licenses/by/2.0,https://www.flickr.com/photos/168399512@N02/51386275357/,Τραγούριον · Αρχαιολογική άποψη,Tragurion · Archaeological view,Τραγούριον: αρχαιολογική άποψη,Tragurion: archaeological view,1600,1067,3f3de2e9cad1c3df19347f596f44d19c86daf21ffdc05f30504e680592d3d2ed,2026-08-15,reviewed
media-colony-trapezus-01,colony-trapezus,1,primary,assets/media/colony-trapezus/01.webp,https://commons.wikimedia.org/wiki/File:Trapezus.png,https://upload.wikimedia.org/wikipedia/commons/e/e9/Trapezus.png?utm_source=commons.wikimedia.org&utm_campaign=imageinfo&utm_content=original,Trapezus.png,Kensai at English Wikipedia,Public domain,https://creativecommons.org/publicdomain/mark/1.0/,Transferred from en.wikipedia to Commons.,Τραπεζούντα · Αρχαιολογική άποψη,Trapezus · Archaeological view,Τραπεζούντα: αρχαιολογική άποψη,Trapezus: archaeological view,1527,1600,5e3b4dcde55903f09f67c511136a9641cbd75a1eeb01ca4a61e925665bc722a3,2026-08-15,reviewed
media-colony-trapezus-02,colony-trapezus,2,gallery,assets/media/colony-trapezus/02.webp,https://commons.wikimedia.org/wiki/File:Monnaie_-_Bronze%2C_Trap%C3%A9zos_-_btv1b85610201_(1_of_2).jpg,https://upload.wikimedia.org/wikipedia/commons/b/b1/Monnaie_-_Bronze%2C_Trap%C3%A9zos_-_btv1b85610201_%281_of_2%29.jpg?utm_source=commons.wikimedia.org&utm_campaign=imageinfo&utm_content=original,"Monnaie - Bronze, Trapézos - btv1b85610201 (1 of 2).jpg",Gordien III (0225?-0244 ; empereur romain). Autorité émettrice de monnaie Trapézos (Pont ; atelier monétaire). Atelier monétaire,Public domain,https://creativecommons.org/publicdomain/mark/1.0/,Bibliothèque nationale de France,Τραπεζούντα · Αρχαιολογική άποψη,Trapezus · Archaeological view,Τραπεζούντα: αρχαιολογική άποψη,Trapezus: archaeological view,1600,1573,c422ebe1c3a6c0b98eb3b0bc7c87bf5401cc055df48b4f8438702a6cc588d2c3,2026-08-15,reviewed
media-colony-tyras-01,colony-tyras,1,primary,assets/media/colony-tyras/01.webp,https://commons.wikimedia.org/wiki/File:Tyras4.jpg,https://upload.wikimedia.org/wikipedia/commons/7/79/Tyras4.jpg?utm_source=commons.wikimedia.org&utm_campaign=imageinfo&utm_content=original,Tyras4.jpg,Minami Himemiya,CC BY-SA 2.5,https://creativecommons.org/licenses/by-sa/2.5,Own work,Τύρας · Αρχαιολογική άποψη,Tyras · Archaeological view,Τύρας: αρχαιολογική άποψη,Tyras: archaeological view,1600,1200,b969110f914d1fcb6fb6e1f391debb402b1c37c6b5acbd1aaeff5568c4c5d183,2026-08-15,reviewed
media-colony-tyras-02,colony-tyras,2,gallery,assets/media/colony-tyras/02.webp,https://commons.wikimedia.org/wiki/File:Tyras_coins1.JPG,https://upload.wikimedia.org/wikipedia/commons/4/42/Tyras_coins1.JPG?utm_source=commons.wikimedia.org&utm_campaign=imageinfo&utm_content=original,Tyras coins1.JPG,Cyborian,CC BY-SA 4.0,https://creativecommons.org/licenses/by-sa/4.0,Own work,Τύρας · Αρχαίο έργο ή εύρημα,Tyras · Ancient artwork or object,Τύρας: αρχαίο έργο ή εύρημα,Tyras: ancient artwork or object,1280,960,f96568a7ad90e4db181d5ff7a9ea99163a7a50498fd737fd2c5603b640cf2522,2026-08-15,reviewed
media-colony-zancle-messana-01,colony-zancle-messana,1,primary,assets/media/colony-zancle-messana/01.webp,https://commons.wikimedia.org/wiki/File:Monete_della_sicilia_greca%2C_zancle_(messena)%2C_tetradracma_in_argento%2C_con_lepre%2C_V_secolo_ac.jpg,https://upload.wikimedia.org/wikipedia/commons/f/f3/Monete_della_sicilia_greca%2C_zancle_%28messena%29%2C_tetradracma_in_argento%2C_con_lepre%2C_V_secolo_ac.jpg?utm_source=commons.wikimedia.org&utm_campaign=imageinfo&utm_content=original,"Monete della sicilia greca, zancle (messena), tetradracma in argento, con lepre, V secolo ac.jpg",Francesco Bini,CC BY-SA 4.0,https://creativecommons.org/licenses/by-sa/4.0,Own work,Ζάγκλη · Αρχαιολογική άποψη,Zancle · Archaeological view,Ζάγκλη: αρχαιολογική άποψη,Zancle: archaeological view,1597,1600,560b76f246fd4f64595c586033360a262acc7bb8707331f293787d3303315e5e,2026-08-15,reviewed
media-colony-zancle-messana-02,colony-zancle-messana,2,gallery,assets/media/colony-zancle-messana/02.webp,https://commons.wikimedia.org/wiki/File:Zankle-Messene_-_515-493_BC_-_silver_trite_-_dolphin_-_shell_-_London_BM_1946-0101-1075.jpg,https://upload.wikimedia.org/wikipedia/commons/6/65/Zankle-Messene_-_515-493_BC_-_silver_trite_-_dolphin_-_shell_-_London_BM_1946-0101-1075.jpg?utm_source=commons.wikimedia.org&utm_campaign=imageinfo&utm_content=original,Zankle-Messene - 515-493 BC - silver trite - dolphin - shell - London BM 1946-0101-1075.jpg,ArchaiOptix,CC BY-SA 4.0,https://creativecommons.org/licenses/by-sa/4.0,Own work,Ζάγκλη · Αρχαιολογική άποψη,Zancle · Archaeological view,Ζάγκλη: αρχαιολογική άποψη,Zancle: archaeological view,1448,1448,e6a1b6658332c2ca5c7bababa7cf6b32fbc2db66abfb720d3df6bfbbc10b8aa4,2026-08-15,reviewed
media-kingdom-alexander-empire-01,kingdom-alexander-empire,1,primary,assets/media/kingdom-alexander-empire/01.webp,https://commons.wikimedia.org/wiki/File:1832_Delamarche_Map_of_the_Empire_of_Alexander_the_Great_-_Geographicus_-_AlexandriMagni-delamarche-1832.jpg,https://upload.wikimedia.org/wikipedia/commons/d/d7/1832_Delamarche_Map_of_the_Empire_of_Alexander_the_Great_-_Geographicus_-_AlexandriMagni-delamarche-1832.jpg?utm_source=commons.wikimedia.org&utm_campaign=imageinfo&utm_content=original,1832 Delamarche Map of the Empire of Alexander the Great - Geographicus - AlexandriMagni-delamarche-1832.jpg,http://www.geographicus.com/mm5/cartographers/delamarche.txt,Public domain,https://creativecommons.org/publicdomain/mark/1.0/,"This file was provided to Wikimedia Commons by Geographicus Rare Antique Maps, a specialist dealer in rare maps and other cartography of the 15th, 16th, 17th, 18th and 19th centuries, as part of a cooperation project.",Αυτοκρατορία του Αλεξάνδρου · Ιστορικός χάρτης,Empire of Alexander the Great · Historical map,Αυτοκρατορία του Αλεξάνδρου: ιστορικόσ χάρτησ,Empire of Alexander the Great: historical map,1600,1089,6421decf70a752436165aadb7a0799c7af3e2916631874f4ed36ff5c1791d976,2026-08-15,reviewed
media-kingdom-alexander-empire-02,kingdom-alexander-empire,2,gallery,assets/media/kingdom-alexander-empire/02.webp,https://commons.wikimedia.org/wiki/File:1854_Spruner_Map_of_the_Empire_of_Alexander_the_Great_-_Geographicus_-_AlexandriMagni-spruner-1854.jpg,https://upload.wikimedia.org/wikipedia/commons/9/9d/1854_Spruner_Map_of_the_Empire_of_Alexander_the_Great_-_Geographicus_-_AlexandriMagni-spruner-1854.jpg?utm_source=commons.wikimedia.org&utm_campaign=imageinfo&utm_content=original,1854 Spruner Map of the Empire of Alexander the Great - Geographicus - AlexandriMagni-spruner-1854.jpg,Friedrich von Stülpnagel,Public domain,https://creativecommons.org/publicdomain/mark/1.0/,"This file was provided to Wikimedia Commons by Geographicus Rare Antique Maps, a specialist dealer in rare maps and other cartography of the 15th, 16th, 17th, 18th and 19th centuries, as part of a cooperation project.",Αυτοκρατορία του Αλεξάνδρου · Ιστορικός χάρτης,Empire of Alexander the Great · Historical map,Αυτοκρατορία του Αλεξάνδρου: ιστορικόσ χάρτησ,Empire of Alexander the Great: historical map,1600,1234,ac418fb932e6e6b59af6f78a6a2e8e335965436295b609504d1029d52c56ba32,2026-08-15,reviewed
media-kingdom-athens-mycenaean-01,kingdom-athens-mycenaean,1,primary,assets/media/kingdom-athens-mycenaean/01.webp,https://commons.wikimedia.org/wiki/File:The_Mycenaean_Fountain_of_the_Acropolis_of_Athens_on_March_12%2C_2022.jpg,https://upload.wikimedia.org/wikipedia/commons/0/07/The_Mycenaean_Fountain_of_the_Acropolis_of_Athens_on_March_12%2C_2022.jpg?utm_source=commons.wikimedia.org&utm_campaign=imageinfo&utm_content=original,"The Mycenaean Fountain of the Acropolis of Athens on March 12, 2022.jpg",George E. Koronaios,CC BY-SA 4.0,https://creativecommons.org/licenses/by-sa/4.0,Own work,Μυκηναϊκό κέντρο της Αθήνας · Αρχαιολογική άποψη,Mycenaean Athens Polity · Archaeological view,Μυκηναϊκό κέντρο της Αθήνας: αρχαιολογική άποψη,Mycenaean Athens Polity: archaeological view,1600,1067,4164a839657b26196594f8d46877ee8659515cb6177cbb0be677d4d3f63db811,2026-08-15,reviewed
media-kingdom-athens-mycenaean-02,kingdom-athens-mycenaean,2,gallery,assets/media/kingdom-athens-mycenaean/02.webp,https://commons.wikimedia.org/wiki/File:Athens_Acropolis_Mycenaean_wall_behind_Nike_bastion.jpg,https://upload.wikimedia.org/wikipedia/commons/7/7f/Athens_Acropolis_Mycenaean_wall_behind_Nike_bastion.jpg?utm_source=commons.wikimedia.org&utm_campaign=imageinfo&utm_content=original,Athens Acropolis Mycenaean wall behind Nike bastion.jpg,Mark Landon,CC BY-SA 4.0,https://creativecommons.org/licenses/by-sa/4.0,Mark Landon / Wikimedia Commons,Μυκηναϊκό κέντρο της Αθήνας · Αρχαιολογική άποψη,Mycenaean Athens Polity · Archaeological view,Μυκηναϊκό κέντρο της Αθήνας: αρχαιολογική άποψη,Mycenaean Athens Polity: archaeological view,1600,1054,ed659722b0a6383897772e7b8676aa0dbea36dcf81bd469b3b789b339bf7c0b6,2026-08-15,reviewed
media-kingdom-attalid-pergamon-01,kingdom-attalid-pergamon,1,primary,assets/media/kingdom-attalid-pergamon/01.webp,https://commons.wikimedia.org/wiki/File:Pergamon_Ruins.jpg,https://upload.wikimedia.org/wikipedia/commons/f/f6/Pergamon_Ruins.jpg?utm_source=commons.wikimedia.org&utm_campaign=imageinfo&utm_content=original,Pergamon Ruins.jpg,Hugh Llewelyn,CC BY-SA 2.0,https://creativecommons.org/licenses/by-sa/2.0,https://www.flickr.com/photos/camperdown/50279006821/,Βασίλειο της Περγάμου των Ατταλιδών · Αρχαιολογική άποψη,Attalid Kingdom of Pergamon · Archaeological view,Βασίλειο της Περγάμου των Ατταλιδών: αρχαιολογική άποψη,Attalid Kingdom of Pergamon: archaeological view,1600,1065,fdef54b4a05af491eab59106cb2bf032af7f8b0575561873efbe3408c1f55e47,2026-08-15,reviewed
media-kingdom-attalid-pergamon-02,kingdom-attalid-pergamon,2,gallery,assets/media/kingdom-attalid-pergamon/02.webp,https://commons.wikimedia.org/wiki/File:The_propylon_of_the_Sanctuary_of_Athena_Nikephoros_from_the_Pergamon_Acropolis%2C_Pergamon_Museum_Berlin_(8404176285).jpg,https://upload.wikimedia.org/wikipedia/commons/6/64/The_propylon_of_the_Sanctuary_of_Athena_Nikephoros_from_the_Pergamon_Acropolis%2C_Pergamon_Museum_Berlin_%288404176285%29.jpg?utm_source=commons.wikimedia.org&utm_campaign=imageinfo&utm_content=original,"The propylon of the Sanctuary of Athena Nikephoros from the Pergamon Acropolis, Pergamon Museum Berlin (8404176285).jpg","Carole Raddato from FRANKFURT, Germany",CC BY-SA 2.0,https://creativecommons.org/licenses/by-sa/2.0,"The propylon of the Sanctuary of Athena Nikephoros from the Pergamon Acropolis, Pergamon Museum Berlin Uploaded by Marcus Cyron",Βασίλειο της Περγάμου των Ατταλιδών · Αρχαιολογική άποψη,Attalid Kingdom of Pergamon · Archaeological view,Βασίλειο της Περγάμου των Ατταλιδών: αρχαιολογική άποψη,Attalid Kingdom of Pergamon: archaeological view,1600,1258,ced8d81ccaf0bc584216ea3a4231a75801c1fafc9d8472c296b92644320a4f15,2026-08-15,reviewed
media-kingdom-bithynia-01,kingdom-bithynia,1,primary,assets/media/kingdom-bithynia/01.webp,https://commons.wikimedia.org/wiki/File:Bithynia_-_king_Nikomedes_II_-_149-127_BC_-_silver_tetradrachm_-_head_of_Nikomedes_II_-_Zeus_-_M%C3%BCnchen_GL.jpg,https://upload.wikimedia.org/wikipedia/commons/a/a5/Bithynia_-_king_Nikomedes_II_-_149-127_BC_-_silver_tetradrachm_-_head_of_Nikomedes_II_-_Zeus_-_M%C3%BCnchen_GL.jpg?utm_source=commons.wikimedia.org&utm_campaign=imageinfo&utm_content=original,Bithynia - king Nikomedes II - 149-127 BC - silver tetradrachm - head of Nikomedes II - Zeus - München GL.jpg,ArchaiOptix,CC BY-SA 4.0,https://creativecommons.org/licenses/by-sa/4.0,Own work,Βασίλειο της Βιθυνίας · Αρχαίο έργο ή εύρημα,Kingdom of Bithynia · Ancient artwork or object,Βασίλειο της Βιθυνίας: αρχαίο έργο ή εύρημα,Kingdom of Bithynia: ancient artwork or object,1600,1243,1861de2cdcc4690f15dcf62af2dec639aae79d15e6cceb02e1010c9e058caf8b,2026-08-15,reviewed
media-kingdom-bithynia-02,kingdom-bithynia,2,gallery,assets/media/kingdom-bithynia/02.webp,https://commons.wikimedia.org/wiki/File:Bithynia_-_king_Prusias_I_-_228-182_BC_-_silver_tetradrachm_-_head_of_Prusias_I_-_Zeus_-_M%C3%BCnchen_GL.jpg,https://upload.wikimedia.org/wikipedia/commons/d/d2/Bithynia_-_king_Prusias_I_-_228-182_BC_-_silver_tetradrachm_-_head_of_Prusias_I_-_Zeus_-_M%C3%BCnchen_GL.jpg?utm_source=commons.wikimedia.org&utm_campaign=imageinfo&utm_content=original,Bithynia - king Prusias I - 228-182 BC - silver tetradrachm - head of Prusias I - Zeus - München GL.jpg,ArchaiOptix,CC BY-SA 4.0,https://creativecommons.org/licenses/by-sa/4.0,Own work,Βασίλειο της Βιθυνίας · Αρχαίο έργο ή εύρημα,Kingdom of Bithynia · Ancient artwork or object,Βασίλειο της Βιθυνίας: αρχαίο έργο ή εύρημα,Kingdom of Bithynia: ancient artwork or object,1600,1303,75dfa58c1e4a7436eddb67a693c542349293697e08a58814e28c19699e54339d,2026-08-15,reviewed
media-kingdom-bosporus-archaeanactid-01,kingdom-bosporus-archaeanactid,1,primary,assets/media/kingdom-bosporus-archaeanactid/01.webp,https://commons.wikimedia.org/wiki/File:Pantikapaion_-_M%C3%BCnzkabinett%2C_Berlin_-_5477756.jpg,https://upload.wikimedia.org/wikipedia/commons/a/ae/Pantikapaion_-_M%C3%BCnzkabinett%2C_Berlin_-_5477756.jpg?utm_source=commons.wikimedia.org&utm_campaign=imageinfo&utm_content=original,"Pantikapaion - Münzkabinett, Berlin - 5477756.jpg",Reinhard Saczewski,Public domain,https://creativecommons.org/publicdomain/mark/1.0/,Onlinesammlung der Staatlichen Museen zu Berlin: 2355679,Βασίλειο του Κιμμερίου Βοσπόρου — Αρχαιανακτίδες · Αρχαιολογική άποψη,Bosporan Kingdom — Archaeanactid Phase · Archaeological view,Βασίλειο του Κιμμερίου Βοσπόρου — Αρχαιανακτίδες: αρχαιολογική άποψη,Bosporan Kingdom — Archaeanactid Phase: archaeological view,1096,529,ca40fb5a3b7cc46bf2db591d3f35a33b44bc1f0380b550b58123af070f233335,2026-08-15,reviewed
media-kingdom-bosporus-archaeanactid-02,kingdom-bosporus-archaeanactid,2,gallery,assets/media/kingdom-bosporus-archaeanactid/02.webp,https://commons.wikimedia.org/wiki/File:Pantikapaion_-_M%C3%BCnzkabinett%2C_Berlin_-_5501464.jpg,https://upload.wikimedia.org/wikipedia/commons/a/a0/Pantikapaion_-_M%C3%BCnzkabinett%2C_Berlin_-_5501464.jpg?utm_source=commons.wikimedia.org&utm_campaign=imageinfo&utm_content=original,"Pantikapaion - Münzkabinett, Berlin - 5501464.jpg",Reinhard Saczewski,Public domain,https://creativecommons.org/publicdomain/mark/1.0/,Onlinesammlung der Staatlichen Museen zu Berlin: 2363749,Βασίλειο του Κιμμερίου Βοσπόρου — Αρχαιανακτίδες · Αρχαιολογική άποψη,Bosporan Kingdom — Archaeanactid Phase · Archaeological view,Βασίλειο του Κιμμερίου Βοσπόρου — Αρχαιανακτίδες: αρχαιολογική άποψη,Bosporan Kingdom — Archaeanactid Phase: archaeological view,895,430,d0b97e589224748859781202dcc0fd37075a77069ea86dbaf6eb450f8fcc769b,2026-08-15,reviewed
media-kingdom-bosporus-mithridatic-01,kingdom-bosporus-mithridatic,1,primary,assets/media/kingdom-bosporus-mithridatic/01.webp,https://commons.wikimedia.org/wiki/File:Mithridates_VI_Eupator_Dionysus_Stater.jpg,https://upload.wikimedia.org/wikipedia/commons/0/04/Mithridates_VI_Eupator_Dionysus_Stater.jpg?utm_source=commons.wikimedia.org&utm_campaign=imageinfo&utm_content=original,Mithridates VI Eupator Dionysus Stater.jpg,Epiphanesnikophoros,CC BY-SA 4.0,https://creativecommons.org/licenses/by-sa/4.0,Own work,Βασίλειο του Κιμμερίου Βοσπόρου — Μιθριδατική φάση · Αρχαίο έργο ή εύρημα,Bosporan Kingdom — Mithridatic Phase · Ancient artwork or object,Βασίλειο του Κιμμερίου Βοσπόρου — Μιθριδατική φάση: αρχαίο έργο ή εύρημα,Bosporan Kingdom — Mithridatic Phase: ancient artwork or object,1500,736,15dfc0e2e461908172a3e4d02e2ba03788630a03838db8eb55a2694f3f6fe047,2026-08-15,reviewed
media-kingdom-bosporus-mithridatic-02,kingdom-bosporus-mithridatic,2,gallery,assets/media/kingdom-bosporus-mithridatic/02.webp,https://commons.wikimedia.org/wiki/File:Monnaie_-_T%C3%A9tradrachme%2C_Argent%2C_Incertain%2C_Pont%2C_Mithridate_Vi_Eupator_-_btv1b85014193_(2_of_2).jpg,https://upload.wikimedia.org/wikipedia/commons/f/f0/Monnaie_-_T%C3%A9tradrachme%2C_Argent%2C_Incertain%2C_Pont%2C_Mithridate_Vi_Eupator_-_btv1b85014193_%282_of_2%29.jpg?utm_source=commons.wikimedia.org&utm_campaign=imageinfo&utm_content=original,"Monnaie - Tétradrachme, Argent, Incertain, Pont, Mithridate Vi Eupator - btv1b85014193 (2 of 2).jpg",Mithridate VI (0132?-0063 av. J.-C. ; roi du Pont). Autorité émettrice de monnaie,Public domain,https://creativecommons.org/publicdomain/mark/1.0/,Bibliothèque nationale de France,Βασίλειο του Κιμμερίου Βοσπόρου — Μιθριδατική φάση · Αρχαίο έργο ή εύρημα,Bosporan Kingdom — Mithridatic Phase · Ancient artwork or object,Βασίλειο του Κιμμερίου Βοσπόρου — Μιθριδατική φάση: αρχαίο έργο ή εύρημα,Bosporan Kingdom — Mithridatic Phase: ancient artwork or object,1600,1600,13beb0068cd295204b931e4c5e88e49c88a74f47f827e2b26b38be5486d4f5bc,2026-08-15,reviewed
media-kingdom-bosporus-spartocid-01,kingdom-bosporus-spartocid,1,primary,assets/media/kingdom-bosporus-spartocid/01.webp,https://commons.wikimedia.org/wiki/File:Bronze_coin_from_Pantikapaion%2C_Bosporan_Kingdom.jpg,https://upload.wikimedia.org/wikipedia/commons/3/3e/Bronze_coin_from_Pantikapaion%2C_Bosporan_Kingdom.jpg?utm_source=commons.wikimedia.org&utm_campaign=imageinfo&utm_content=original,"Bronze coin from Pantikapaion, Bosporan Kingdom.jpg",DmVlKam,CC0 1.0,https://creativecommons.org/publicdomain/zero/1.0/deed.en,Own work,Βασίλειο του Κιμμερίου Βοσπόρου — Σπαρτοκίδες · Αρχαίο έργο ή εύρημα,Bosporan Kingdom — Spartocid Phase · Ancient artwork or object,Βασίλειο του Κιμμερίου Βοσπόρου — Σπαρτοκίδες: αρχαίο έργο ή εύρημα,Bosporan Kingdom — Spartocid Phase: ancient artwork or object,1080,540,20a87d9f2f1b31ff67b007f7fe7f9e95015382f5fd830dff8de5c3157341ecc0,2026-08-15,reviewed
media-kingdom-bosporus-spartocid-02,kingdom-bosporus-spartocid,2,gallery,assets/media/kingdom-bosporus-spartocid/02.webp,https://commons.wikimedia.org/wiki/File:Monnaie_-_Stat%C3%A8re%2C_%C3%89lectrum%2C_Incertain%2C_Bosphore_Cimm%C3%A9rien%2C_Eupator_-_btv1b10300652q_(1_of_2).jpg,https://upload.wikimedia.org/wikipedia/commons/c/c2/Monnaie_-_Stat%C3%A8re%2C_%C3%89lectrum%2C_Incertain%2C_Bosphore_Cimm%C3%A9rien%2C_Eupator_-_btv1b10300652q_%281_of_2%29.jpg?utm_source=commons.wikimedia.org&utm_campaign=imageinfo&utm_content=original,"Monnaie - Statère, Électrum, Incertain, Bosphore Cimmérien, Eupator - btv1b10300652q (1 of 2).jpg",Eupator (roi du Bosphore). Autorité émettrice de monnaie Antonin le Pieux (0086-0161 ; empereur romain). Autorité émettrice de monnaie prétendue,Public domain,https://creativecommons.org/publicdomain/mark/1.0/,Bibliothèque nationale de France,Βασίλειο του Κιμμερίου Βοσπόρου — Σπαρτοκίδες · Αρχαίο έργο ή εύρημα,Bosporan Kingdom — Spartocid Phase · Ancient artwork or object,Βασίλειο του Κιμμερίου Βοσπόρου — Σπαρτοκίδες: αρχαίο έργο ή εύρημα,Bosporan Kingdom — Spartocid Phase: ancient artwork or object,1600,1513,ac94121fc3d46cad01c00986700b722b069c60997ba9caa957d5ea0c0308ca91,2026-08-15,reviewed
media-kingdom-cappadocia-ariarathid-01,kingdom-cappadocia-ariarathid,1,primary,assets/media/kingdom-cappadocia-ariarathid/01.webp,https://commons.wikimedia.org/wiki/File:Tetradrachm_Ariarathes_IV_of_Cappadocia_CdM_Paris.jpg,https://upload.wikimedia.org/wikipedia/commons/1/1b/Tetradrachm_Ariarathes_IV_of_Cappadocia_CdM_Paris.jpg?utm_source=commons.wikimedia.org&utm_campaign=imageinfo&utm_content=original,Tetradrachm Ariarathes IV of Cappadocia CdM Paris.jpg,Unknown artistUnknown artist,CC BY 2.5,https://creativecommons.org/licenses/by/2.5,"Marie-Lan Nguyen (User:Jastrow), 2008-04-11",Βασίλειο της Καππαδοκίας των Αριαραθιδών · Αρχαίο έργο ή εύρημα,Ariarathid Kingdom of Cappadocia · Ancient artwork or object,Βασίλειο της Καππαδοκίας των Αριαραθιδών: αρχαίο έργο ή εύρημα,Ariarathid Kingdom of Cappadocia: ancient artwork or object,1125,1125,7d4869b40801b091b39e4fda2db00af82691bc5919d365762f4d52e5fa34401c,2026-08-15,reviewed
media-kingdom-cappadocia-ariarathid-02,kingdom-cappadocia-ariarathid,2,gallery,assets/media/kingdom-cappadocia-ariarathid/02.webp,https://commons.wikimedia.org/wiki/File:Monnaie_-_T%C3%A9tradrachme%2C_Argent%2C_Incertain%2C_Cappadoce%2C_Ariarathe_V_-_btv1b8480923c_(1_of_2).jpg,https://upload.wikimedia.org/wikipedia/commons/1/13/Monnaie_-_T%C3%A9tradrachme%2C_Argent%2C_Incertain%2C_Cappadoce%2C_Ariarathe_V_-_btv1b8480923c_%281_of_2%29.jpg?utm_source=commons.wikimedia.org&utm_campaign=imageinfo&utm_content=original,"Monnaie - Tétradrachme, Argent, Incertain, Cappadoce, Ariarathe V - btv1b8480923c (1 of 2).jpg",Ariarathe V (roi de Cappadoce). Autorité émettrice de monnaie,Public domain,https://creativecommons.org/publicdomain/mark/1.0/,Bibliothèque nationale de France,Βασίλειο της Καππαδοκίας των Αριαραθιδών · Αρχαίο έργο ή εύρημα,Ariarathid Kingdom of Cappadocia · Ancient artwork or object,Βασίλειο της Καππαδοκίας των Αριαραθιδών: αρχαίο έργο ή εύρημα,Ariarathid Kingdom of Cappadocia: ancient artwork or object,1600,1600,586632660d92637c3a6f189b9282e45eed2a514e229e9c0dba207232d8c600bf,2026-08-15,reviewed
media-kingdom-cappadocia-late-client-01,kingdom-cappadocia-late-client,1,primary,assets/media/kingdom-cappadocia-late-client/01.webp,https://commons.wikimedia.org/wiki/File:Coin_of_Ariobarzanes%2C_minted_at_Mazaca_in_83_or_82_BC.jpg,https://upload.wikimedia.org/wikipedia/commons/1/13/Coin_of_Ariobarzanes%2C_minted_at_Mazaca_in_83_or_82_BC.jpg?utm_source=commons.wikimedia.org&utm_campaign=imageinfo&utm_content=original,"Coin of Ariobarzanes, minted at Mazaca in 83 or 82 BC.jpg",Classical Numismatic Group; [1],CC BY-SA 3.0,https://creativecommons.org/licenses/by-sa/3.0/,"Classical Numismatic Group, Inc. http://www.cngcoins.com",Ύστερο Βασίλειο της Καππαδοκίας · Αρχαίο έργο ή εύρημα,Late Kingdom of Cappadocia · Ancient artwork or object,Ύστερο Βασίλειο της Καππαδοκίας: αρχαίο έργο ή εύρημα,Late Kingdom of Cappadocia: ancient artwork or object,1600,786,8df8c5fa0cc12a89f6f664387a5baab6b464b2ff7df013f0d5df1ab351958a46,2026-08-15,reviewed
media-kingdom-cappadocia-late-client-02,kingdom-cappadocia-late-client,2,gallery,assets/media/kingdom-cappadocia-late-client/02.webp,https://commons.wikimedia.org/wiki/File:Kappadokia_-_king_Archelaos_-_17-16_BC_-_silver_drachma_-_head_of_Archelaos_-_club_-_Berlin_MK_BM_18200192.jpg,https://upload.wikimedia.org/wikipedia/commons/6/6d/Kappadokia_-_king_Archelaos_-_17-16_BC_-_silver_drachma_-_head_of_Archelaos_-_club_-_Berlin_MK_BM_18200192.jpg?utm_source=commons.wikimedia.org&utm_campaign=imageinfo&utm_content=original,Kappadokia - king Archelaos - 17-16 BC - silver drachma - head of Archelaos - club - Berlin MK BM 18200192.jpg,ArchaiOptix,CC BY-SA 4.0,https://creativecommons.org/licenses/by-sa/4.0,Own work,Ύστερο Βασίλειο της Καππαδοκίας · Αρχαιολογική άποψη,Late Kingdom of Cappadocia · Archaeological view,Ύστερο Βασίλειο της Καππαδοκίας: αρχαιολογική άποψη,Late Kingdom of Cappadocia: archaeological view,1439,1439,9dd580b701d083c71788fe6d08611fa3dfd906de433a530d50a20a967edd2d58,2026-08-15,reviewed
media-kingdom-commagene-01,kingdom-commagene,1,primary,assets/media/kingdom-commagene/01.webp,https://commons.wikimedia.org/wiki/File:Stone_relief_depicting_Antiochus_I_of_Commagene_shaking_hands_with_Herakles%2C_70%E2%80%9338_BC%2C_Arsameia%2C_kingdom_of_Commagene%2C_Turkey_(35857168323).jpg,https://upload.wikimedia.org/wikipedia/commons/8/88/Stone_relief_depicting_Antiochus_I_of_Commagene_shaking_hands_with_Herakles%2C_70%E2%80%9338_BC%2C_Arsameia%2C_kingdom_of_Commagene%2C_Turkey_%2835857168323%29.jpg?utm_source=commons.wikimedia.org&utm_campaign=imageinfo&utm_content=original,"Stone relief depicting Antiochus I of Commagene shaking hands with Herakles, 70–38 BC, Arsameia, kingdom of Commagene, Turkey (35857168323).jpg","Carole Raddato from FRANKFURT, Germany",CC BY-SA 2.0,https://creativecommons.org/licenses/by-sa/2.0,"Stone relief depicting Antiochus I of Commagene shaking hands with Herakles, 70–38 BC, Arsameia, kingdom of Commagene, Turkey",Βασίλειο της Κομμαγηνής · Αρχαίο έργο ή εύρημα,Kingdom of Commagene · Ancient artwork or object,Βασίλειο της Κομμαγηνής: αρχαίο έργο ή εύρημα,Kingdom of Commagene: ancient artwork or object,1060,1600,e9a7d1f89ab19041ed3967e69cc4a30f89162fb4f3b715e063d3749128a5595c,2026-08-15,reviewed
media-kingdom-commagene-02,kingdom-commagene,2,gallery,assets/media/kingdom-commagene/02.webp,https://commons.wikimedia.org/wiki/File:Arsameia%2C_kingdom_of_Commagene%2C_Turkey_(35831565594).jpg,https://upload.wikimedia.org/wikipedia/commons/d/d4/Arsameia%2C_kingdom_of_Commagene%2C_Turkey_%2835831565594%29.jpg?utm_source=commons.wikimedia.org&utm_campaign=imageinfo&utm_content=original,"Arsameia, kingdom of Commagene, Turkey (35831565594).jpg","Carole Raddato from FRANKFURT, Germany",CC BY-SA 2.0,https://creativecommons.org/licenses/by-sa/2.0,"Arsameia, kingdom of Commagene, Turkey",Βασίλειο της Κομμαγηνής · Αρχαιολογική άποψη,Kingdom of Commagene · Archaeological view,Βασίλειο της Κομμαγηνής: αρχαιολογική άποψη,Kingdom of Commagene: archaeological view,1600,1060,6d5871e2789c13b1ba15c6df6c8ae6e72dee5090612742b8c094a833a64f7b79,2026-08-15,reviewed
media-kingdom-cyrene-battiad-01,kingdom-cyrene-battiad,1,primary,assets/media/kingdom-cyrene-battiad/01.webp,https://commons.wikimedia.org/wiki/File:Arkesilas_Painter_-_Arkesilas_supervising_the_silphion_trade_-_Paris_BnF_CabMed_189_-_02.jpg,https://upload.wikimedia.org/wikipedia/commons/4/47/Arkesilas_Painter_-_Arkesilas_supervising_the_silphion_trade_-_Paris_BnF_CabMed_189_-_02.jpg?utm_source=commons.wikimedia.org&utm_campaign=imageinfo&utm_content=original,Arkesilas Painter - Arkesilas supervising the silphion trade - Paris BnF CabMed 189 - 02.jpg,ArchaiOptix,CC BY-SA 4.0,https://creativecommons.org/licenses/by-sa/4.0,Own work,Βασίλειο της Κυρήνης των Βαττιαδών · Αρχαιολογική άποψη,Battiad Kingdom of Cyrene · Archaeological view,Βασίλειο της Κυρήνης των Βαττιαδών: αρχαιολογική άποψη,Battiad Kingdom of Cyrene: archaeological view,1600,1287,4f5b1ba02d832e9cc25075aaaeaf79168dcaf1d545536d33b049537b5b39ad30,2026-08-15,reviewed
media-kingdom-cyrene-battiad-02,kingdom-cyrene-battiad,2,gallery,assets/media/kingdom-cyrene-battiad/02.webp,https://commons.wikimedia.org/wiki/File:Kyrene_-_M%C3%BCnzkabinett%2C_Berlin_-_5486471.jpg,https://upload.wikimedia.org/wikipedia/commons/b/bd/Kyrene_-_M%C3%BCnzkabinett%2C_Berlin_-_5486471.jpg?utm_source=commons.wikimedia.org&utm_campaign=imageinfo&utm_content=original,"Kyrene - Münzkabinett, Berlin - 5486471.jpg",Reinhard Saczewski,Public domain,https://creativecommons.org/publicdomain/mark/1.0/,Onlinesammlung der Staatlichen Museen zu Berlin: 2358639,Βασίλειο της Κυρήνης των Βαττιαδών · Αρχαιολογική άποψη,Battiad Kingdom of Cyrene · Archaeological view,Βασίλειο της Κυρήνης των Βαττιαδών: αρχαιολογική άποψη,Battiad Kingdom of Cyrene: archaeological view,1600,786,74456c823f1a9bcd84bccf23c47f5aaaf2c63b2ae515a9a3edf21f6c60d967b9,2026-08-15,reviewed
media-kingdom-cyrene-magas-01,kingdom-cyrene-magas,1,primary,assets/media/kingdom-cyrene-magas/01.webp,https://commons.wikimedia.org/wiki/File:Monnaie_-_1-3_de_stat%C3%A8re%2C_or%2C_Cyr%C3%A8ne_(%3F)_Cyr%C3%A9na%C3%AFque%2C_Magas_-_btv1b84810292_(1_of_2).jpg,https://upload.wikimedia.org/wikipedia/commons/c/c0/Monnaie_-_1-3_de_stat%C3%A8re%2C_or%2C_Cyr%C3%A8ne_%28%3F%29_Cyr%C3%A9na%C3%AFque%2C_Magas_-_btv1b84810292_%281_of_2%29.jpg?utm_source=commons.wikimedia.org&utm_campaign=imageinfo&utm_content=original,"Monnaie - 1-3 de statère, or, Cyrène (?) Cyrénaïque, Magas - btv1b84810292 (1 of 2).jpg",Magas (roi de Cyrène). Autorité émettrice de monnaie Cyrène (Cyrénaïque ; atelier monétaire). Atelier monétaire,Public domain,https://creativecommons.org/publicdomain/mark/1.0/,Bibliothèque nationale de France,Βασίλειο της Κυρήνης του Μάγα · Αρχαίο έργο ή εύρημα,Kingdom of Cyrene under Magas · Ancient artwork or object,Βασίλειο της Κυρήνης του Μάγα: αρχαίο έργο ή εύρημα,Kingdom of Cyrene under Magas: ancient artwork or object,1327,1327,3b21b1c4effe8a7fc478b05bb88c517598e5c748bbed089f8416763ced58ad98,2026-08-15,reviewed
media-kingdom-cyrene-magas-02,kingdom-cyrene-magas,2,gallery,assets/media/kingdom-cyrene-magas/02.webp,https://commons.wikimedia.org/wiki/File:Monnaie_-_1-3_de_stat%C3%A8re%2C_or%2C_Cyr%C3%A8ne_(%3F)_Cyr%C3%A9na%C3%AFque%2C_Magas_-_btv1b84810292_(2_of_2).jpg,https://upload.wikimedia.org/wikipedia/commons/2/22/Monnaie_-_1-3_de_stat%C3%A8re%2C_or%2C_Cyr%C3%A8ne_%28%3F%29_Cyr%C3%A9na%C3%AFque%2C_Magas_-_btv1b84810292_%282_of_2%29.jpg?utm_source=commons.wikimedia.org&utm_campaign=imageinfo&utm_content=original,"Monnaie - 1-3 de statère, or, Cyrène (?) Cyrénaïque, Magas - btv1b84810292 (2 of 2).jpg",Magas (roi de Cyrène). Autorité émettrice de monnaie Cyrène (Cyrénaïque ; atelier monétaire). Atelier monétaire,Public domain,https://creativecommons.org/publicdomain/mark/1.0/,Bibliothèque nationale de France,Βασίλειο της Κυρήνης του Μάγα · Αρχαίο έργο ή εύρημα,Kingdom of Cyrene under Magas · Ancient artwork or object,Βασίλειο της Κυρήνης του Μάγα: αρχαίο έργο ή εύρημα,Kingdom of Cyrene under Magas: ancient artwork or object,1327,1327,0020da855a23d124eaaf60741c1797923d3767c06febb6a7c729d995f58a189c,2026-08-15,reviewed
media-kingdom-epirus-aeacid-01,kingdom-epirus-aeacid,1,primary,assets/media/kingdom-epirus-aeacid/01.webp,https://commons.wikimedia.org/wiki/File:Monnaie_-_Stat%C3%A8re%2C_Argent%2C_Incertain%2C_%C3%89pire%2C_Pyrrhus_-_btv1b8479048m_(2_of_2).jpg,https://upload.wikimedia.org/wikipedia/commons/d/d4/Monnaie_-_Stat%C3%A8re%2C_Argent%2C_Incertain%2C_%C3%89pire%2C_Pyrrhus_-_btv1b8479048m_%282_of_2%29.jpg?utm_source=commons.wikimedia.org&utm_campaign=imageinfo&utm_content=original,"Monnaie - Statère, Argent, Incertain, Épire, Pyrrhus - btv1b8479048m (2 of 2).jpg",Pyrrhus (0318-0272 av. J.-C. ; roi d'Epire). Autorité émettrice de monnaie,Public domain,https://creativecommons.org/publicdomain/mark/1.0/,Bibliothèque nationale de France,Βασίλειο της Ηπείρου των Αιακιδών · Αρχαίο έργο ή εύρημα,Aeacid Kingdom of Epirus · Ancient artwork or object,Βασίλειο της Ηπείρου των Αιακιδών: αρχαίο έργο ή εύρημα,Aeacid Kingdom of Epirus: ancient artwork or object,1600,1600,67ebf3eac59c8e5181a6e06aa4fe372af222d1203f960dca51d964b384ae66fc,2026-08-15,reviewed
media-kingdom-epirus-aeacid-02,kingdom-epirus-aeacid,2,gallery,assets/media/kingdom-epirus-aeacid/02.webp,https://commons.wikimedia.org/wiki/File:Epeiros_-_king_Pyrrhos_-_295-272_BC_-_silver_stater_-_head_of_Achilles_-_Thetis_riding_hippocamp_-_London_BM_1946-0101-657.jpg,https://upload.wikimedia.org/wikipedia/commons/8/8a/Epeiros_-_king_Pyrrhos_-_295-272_BC_-_silver_stater_-_head_of_Achilles_-_Thetis_riding_hippocamp_-_London_BM_1946-0101-657.jpg?utm_source=commons.wikimedia.org&utm_campaign=imageinfo&utm_content=original,Epeiros - king Pyrrhos - 295-272 BC - silver stater - head of Achilles - Thetis riding hippocamp - London BM 1946-0101-657.jpg,ArchaiOptix,CC BY-SA 4.0,https://creativecommons.org/licenses/by-sa/4.0,Own work,Βασίλειο της Ηπείρου των Αιακιδών · Αρχαίο έργο ή εύρημα,Aeacid Kingdom of Epirus · Ancient artwork or object,Βασίλειο της Ηπείρου των Αιακιδών: αρχαίο έργο ή εύρημα,Aeacid Kingdom of Epirus: ancient artwork or object,1277,1277,bf3f181264afee95b29bbe9e17cd39d6920f2a4e0963eeb631ddc678b1004f0d,2026-08-15,reviewed
media-kingdom-greco-bactrian-diodotid-01,kingdom-greco-bactrian-diodotid,1,primary,assets/media/kingdom-greco-bactrian-diodotid/01.webp,https://commons.wikimedia.org/wiki/File:Diodotus_I_tetradrachm_obverse_and_reverse_NMAT_N473-1_v2.jpg,https://upload.wikimedia.org/wikipedia/commons/a/af/Diodotus_I_tetradrachm_obverse_and_reverse_NMAT_N473-1_v2.jpg?utm_source=commons.wikimedia.org&utm_campaign=imageinfo&utm_content=original,Diodotus I tetradrachm obverse and reverse NMAT N473-1 v2.jpg,Marie-Lan Nguyen,Public domain,https://creativecommons.org/publicdomain/mark/1.0/,© Marie-Lan Nguyen / Wikimedia Commons,Ελληνοβακτριανό Βασίλειο — Διοδοτίδες · Αρχαίο έργο ή εύρημα,Greco-Bactrian Kingdom — Diodotid Phase · Ancient artwork or object,Ελληνοβακτριανό Βασίλειο — Διοδοτίδες: αρχαίο έργο ή εύρημα,Greco-Bactrian Kingdom — Diodotid Phase: ancient artwork or object,1600,806,b19fc84046491d80bc5d4c55fc66bbbece7d5efd753f30b5a4ed252b2145edca,2026-08-15,reviewed
media-kingdom-greco-bactrian-diodotid-02,kingdom-greco-bactrian-diodotid,2,gallery,assets/media/kingdom-greco-bactrian-diodotid/02.webp,https://commons.wikimedia.org/wiki/File:Gold_coin_of_Diodotus%2C_Indo-Greek%2C_National_Museum%2C_New_Delhi.jpg,https://upload.wikimedia.org/wikipedia/commons/d/dc/Gold_coin_of_Diodotus%2C_Indo-Greek%2C_National_Museum%2C_New_Delhi.jpg?utm_source=commons.wikimedia.org&utm_campaign=imageinfo&utm_content=original,"Gold coin of Diodotus, Indo-Greek, National Museum, New Delhi.jpg",SpeakingArch,CC BY-SA 4.0,https://creativecommons.org/licenses/by-sa/4.0,Own work,Ελληνοβακτριανό Βασίλειο — Διοδοτίδες · Αρχαίο έργο ή εύρημα,Greco-Bactrian Kingdom — Diodotid Phase · Ancient artwork or object,Ελληνοβακτριανό Βασίλειο — Διοδοτίδες: αρχαίο έργο ή εύρημα,Greco-Bactrian Kingdom — Diodotid Phase: ancient artwork or object,1157,794,5a28aa890888074a2f61e6f1715ceb6eb870af7325a03e9ac0463578447917a4,2026-08-15,reviewed
media-kingdom-greco-bactrian-eucratid-01,kingdom-greco-bactrian-eucratid,1,primary,assets/media/kingdom-greco-bactrian-eucratid/01.webp,https://commons.wikimedia.org/wiki/File:%22Eucratideion%22%2C_gold_coin_of_Eucratides_I.jpg,https://upload.wikimedia.org/wikipedia/commons/8/80/%22Eucratideion%22%2C_gold_coin_of_Eucratides_I.jpg?utm_source=commons.wikimedia.org&utm_campaign=imageinfo&utm_content=original,"""Eucratideion"", gold coin of Eucratides I.jpg",ALFGRN,CC BY-SA 2.0,https://creativecommons.org/licenses/by-sa/2.0,https://www.flickr.com/photos/156915032@N07/51654437366/,Ελληνοβακτριανό Βασίλειο — Ευκρατίδες · Αρχαίο έργο ή εύρημα,Greco-Bactrian Kingdom — Eucratid Phase · Ancient artwork or object,Ελληνοβακτριανό Βασίλειο — Ευκρατίδες: αρχαίο έργο ή εύρημα,Greco-Bactrian Kingdom — Eucratid Phase: ancient artwork or object,1600,786,f1f35a03a82648923895ce0c4e5467ef58e24abfd73f6319d269c5d402d43912,2026-08-15,reviewed
media-kingdom-greco-bactrian-eucratid-02,kingdom-greco-bactrian-eucratid,2,gallery,assets/media/kingdom-greco-bactrian-eucratid/02.webp,https://commons.wikimedia.org/wiki/File:20_stater_of_Eucratides_P1060317.jpg,https://upload.wikimedia.org/wikipedia/commons/0/07/20_stater_of_Eucratides_P1060317.jpg?utm_source=commons.wikimedia.org&utm_campaign=imageinfo&utm_content=original,20 stater of Eucratides P1060317.jpg,Siren-Com,CC BY-SA 4.0,https://creativecommons.org/licenses/by-sa/4.0,Own work (2010-04-23),Ελληνοβακτριανό Βασίλειο — Ευκρατίδες · Αρχαίο έργο ή εύρημα,Greco-Bactrian Kingdom — Eucratid Phase · Ancient artwork or object,Ελληνοβακτριανό Βασίλειο — Ευκρατίδες: αρχαίο έργο ή εύρημα,Greco-Bactrian Kingdom — Eucratid Phase: ancient artwork or object,1600,1200,4de9980f08d95f583a5d15ed258d5a4d9523ed2d939f6d8ee3c35462af1c2302,2026-08-15,reviewed
media-kingdom-greco-bactrian-euthydemid-01,kingdom-greco-bactrian-euthydemid,1,primary,assets/media/kingdom-greco-bactrian-euthydemid/01.webp,https://commons.wikimedia.org/wiki/File:Silver_tetradrachm_of_Euthydemos_I_of_Bactria%2C_206-200_BC_-_Sackler_Museum_-_Harvard_University_-_PXL_20250722_152558164.jpg,https://upload.wikimedia.org/wikipedia/commons/4/4f/Silver_tetradrachm_of_Euthydemos_I_of_Bactria%2C_206-200_BC_-_Sackler_Museum_-_Harvard_University_-_PXL_20250722_152558164.jpg?utm_source=commons.wikimedia.org&utm_campaign=imageinfo&utm_content=original,"Silver tetradrachm of Euthydemos I of Bactria, 206-200 BC - Sackler Museum - Harvard University - PXL 20250722 152558164.jpg",Daderot,CC0 1.0,https://creativecommons.org/publicdomain/zero/1.0/deed.en,Own work,Ελληνοβακτριανό Βασίλειο — Ευθυδημίδες · Αρχαίο έργο ή εύρημα,Greco-Bactrian Kingdom — Euthydemid Phase · Ancient artwork or object,Ελληνοβακτριανό Βασίλειο — Ευθυδημίδες: αρχαίο έργο ή εύρημα,Greco-Bactrian Kingdom — Euthydemid Phase: ancient artwork or object,1568,1600,6da1b0578765bd96d81d25bb93ff11861856e01bcd61d1aded78c63cd26f09fc,2026-08-15,reviewed
media-kingdom-greco-bactrian-euthydemid-02,kingdom-greco-bactrian-euthydemid,2,gallery,assets/media/kingdom-greco-bactrian-euthydemid/02.webp,https://commons.wikimedia.org/wiki/File:AgathoklesCoinWithEuthydemusTheou.JPG,https://upload.wikimedia.org/wikipedia/commons/7/7a/AgathoklesCoinWithEuthydemusTheou.JPG?utm_source=commons.wikimedia.org&utm_campaign=imageinfo&utm_content=original,AgathoklesCoinWithEuthydemusTheou.JPG,PHGCOM,CC BY-SA 3.0,https://creativecommons.org/licenses/by-sa/3.0/,"I, PHGCOM",Ελληνοβακτριανό Βασίλειο — Ευθυδημίδες · Αρχαίο έργο ή εύρημα,Greco-Bactrian Kingdom — Euthydemid Phase · Ancient artwork or object,Ελληνοβακτριανό Βασίλειο — Ευθυδημίδες: αρχαίο έργο ή εύρημα,Greco-Bactrian Kingdom — Euthydemid Phase: ancient artwork or object,923,940,352801672cdd5693975dbd5e813644aeb1e9ad780ed301afe65b031a3917f016,2026-08-15,reviewed
media-kingdom-indo-greek-early-01,kingdom-indo-greek-early,1,primary,assets/media/kingdom-indo-greek-early/01.webp,https://commons.wikimedia.org/wiki/File:Dinastia_indo-battriana%2C_tetradracma_di_demetrio_I%2C_200-190_ac_ca.JPG,https://upload.wikimedia.org/wikipedia/commons/8/87/Dinastia_indo-battriana%2C_tetradracma_di_demetrio_I%2C_200-190_ac_ca.JPG?utm_source=commons.wikimedia.org&utm_campaign=imageinfo&utm_content=original,"Dinastia indo-battriana, tetradracma di demetrio I, 200-190 ac ca.JPG",Sailko,CC BY 3.0,https://creativecommons.org/licenses/by/3.0,Own work,Πρώιμο Ινδοελληνικό Βασίλειο · Αρχαιολογική άποψη,Early Indo-Greek Kingdom · Archaeological view,Πρώιμο Ινδοελληνικό Βασίλειο: αρχαιολογική άποψη,Early Indo-Greek Kingdom: archaeological view,1328,1384,207860b6beaef776672e71f6da64afc336638817793c6bd78b84899f3610f28c,2026-08-15,reviewed
media-kingdom-indo-greek-early-02,kingdom-indo-greek-early,2,gallery,assets/media/kingdom-indo-greek-early/02.webp,https://commons.wikimedia.org/wiki/File:Monnaie_-_Argent%2C_Incertain%2C_Bactriane%2C_Apollodote_I_-_btv1b85019778_(1_of_2).jpg,https://upload.wikimedia.org/wikipedia/commons/8/88/Monnaie_-_Argent%2C_Incertain%2C_Bactriane%2C_Apollodote_I_-_btv1b85019778_%281_of_2%29.jpg?utm_source=commons.wikimedia.org&utm_campaign=imageinfo&utm_content=original,"Monnaie - Argent, Incertain, Bactriane, Apollodote I - btv1b85019778 (1 of 2).jpg",Apollodote I (roi indo-grec). Autorité émettrice de monnaie,Public domain,https://creativecommons.org/publicdomain/mark/1.0/,Bibliothèque nationale de France,Πρώιμο Ινδοελληνικό Βασίλειο · Αρχαιολογική άποψη,Early Indo-Greek Kingdom · Archaeological view,Πρώιμο Ινδοελληνικό Βασίλειο: αρχαιολογική άποψη,Early Indo-Greek Kingdom: archaeological view,1600,1600,a8d7ee36fcff0c861762c7d9c0554f27bd5509ab061ab0ad91d02a2caa079461,2026-08-15,reviewed
media-kingdom-indo-greek-late-01,kingdom-indo-greek-late,1,primary,assets/media/kingdom-indo-greek-late/01.webp,https://commons.wikimedia.org/wiki/File:Map_of_the_Indo-Greeks.png,https://upload.wikimedia.org/wikipedia/commons/f/f4/Map_of_the_Indo-Greeks.png?utm_source=commons.wikimedia.org&utm_campaign=imageinfo&utm_content=original,Map of the Indo-Greeks.png,"Map created from DEMIS Mapserver, which are public domain. Koba-chan. Reference: Schwartzberg Atlas, p. 145",CC BY-SA 3.0,https://creativecommons.org/licenses/by-sa/3.0/,This image has been extracted from another file,Ύστερα Ινδοελληνικά Βασίλεια · Ιστορικός χάρτης,Late Indo-Greek Kingdoms · Historical map,Ύστερα Ινδοελληνικά Βασίλεια: ιστορικόσ χάρτησ,Late Indo-Greek Kingdoms: historical map,1600,1481,073aae427f1089268b873594d85db309682a848935f4e6d74751c6e267b84ab8,2026-08-15,reviewed
media-kingdom-indo-greek-late-02,kingdom-indo-greek-late,2,gallery,assets/media/kingdom-indo-greek-late/02.webp,https://commons.wikimedia.org/wiki/File:Indo-GreekStupaIII.jpg,https://upload.wikimedia.org/wikipedia/commons/9/92/Indo-GreekStupaIII.jpg?utm_source=commons.wikimedia.org&utm_campaign=imageinfo&utm_content=original,Indo-GreekStupaIII.jpg,No machine-readable author provided. World Imaging assumed (based on copyright claims).,CC BY-SA 3.0,https://creativecommons.org/licenses/by-sa/3.0/,No machine-readable source provided. Own work assumed (based on copyright claims).,Ύστερα Ινδοελληνικά Βασίλεια · Αρχαιολογική άποψη,Late Indo-Greek Kingdoms · Archaeological view,Ύστερα Ινδοελληνικά Βασίλεια: αρχαιολογική άποψη,Late Indo-Greek Kingdoms: archaeological view,980,704,9608b61ee7c42326b8b237aff1cddac3e7f6daa4e8374cfb6eabbc943a0dfe1d,2026-08-15,reviewed
media-kingdom-indo-greek-menandrid-01,kingdom-indo-greek-menandrid,1,primary,assets/media/kingdom-indo-greek-menandrid/01.webp,https://commons.wikimedia.org/wiki/File:Coins_of_Menander_I_Soter%2C_circa_165-130_BCE%2C_Euthydemid_Dynasty_of_Indo-Greek_kings%2C_housed_in_the_Chatrapati_Shivaji_Maharaj_Vastu_Sanghralaya%2C_Mumbai.jpg,https://upload.wikimedia.org/wikipedia/commons/d/d9/Coins_of_Menander_I_Soter%2C_circa_165-130_BCE%2C_Euthydemid_Dynasty_of_Indo-Greek_kings%2C_housed_in_the_Chatrapati_Shivaji_Maharaj_Vastu_Sanghralaya%2C_Mumbai.jpg?utm_source=commons.wikimedia.org&utm_campaign=imageinfo&utm_content=original,"Coins of Menander I Soter, circa 165-130 BCE, Euthydemid Dynasty of Indo-Greek kings, housed in the Chatrapati Shivaji Maharaj Vastu Sanghralaya, Mumbai.jpg",SpeakingArch,CC BY-SA 4.0,https://creativecommons.org/licenses/by-sa/4.0,Own work,Ινδοελληνικό Βασίλειο του Μενάνδρου · Αρχαίο έργο ή εύρημα,Indo-Greek Kingdom — Menander Phase · Ancient artwork or object,Ινδοελληνικό Βασίλειο του Μενάνδρου: αρχαίο έργο ή εύρημα,Indo-Greek Kingdom — Menander Phase: ancient artwork or object,1200,726,b0b6b7f38ee6f6704f306a3274d5fc7c711a52c8e2eda9425071f60843cc7d44,2026-08-15,reviewed
media-kingdom-indo-greek-menandrid-02,kingdom-indo-greek-menandrid,2,gallery,assets/media/kingdom-indo-greek-menandrid/02.webp,https://commons.wikimedia.org/wiki/File:Menander_Soter_wheel_coin.jpg,https://upload.wikimedia.org/wikipedia/commons/b/b8/Menander_Soter_wheel_coin.jpg?utm_source=commons.wikimedia.org&utm_campaign=imageinfo&utm_content=original,Menander Soter wheel coin.jpg,"Gardner, Percy, 1846-1937; Poole, Reginald Stuart, 1832-1895",Public domain,https://creativecommons.org/publicdomain/mark/1.0/,"The coins of the Greek and Scythic kings of Bactria and India in the British Museum, published 1886 [2]",Ινδοελληνικό Βασίλειο του Μενάνδρου · Αρχαίο έργο ή εύρημα,Indo-Greek Kingdom — Menander Phase · Ancient artwork or object,Ινδοελληνικό Βασίλειο του Μενάνδρου: αρχαίο έργο ή εύρημα,Indo-Greek Kingdom — Menander Phase: ancient artwork or object,1008,534,bc8c9bc52ff266b1f6db80b63ff6abd880e84b6279bd40232cce5b9e5bea00dc,2026-08-15,reviewed
media-kingdom-iolcos-palatial-01,kingdom-iolcos-palatial,1,primary,assets/media/kingdom-iolcos-palatial/01.webp,https://commons.wikimedia.org/wiki/File:Dimini_ancient_furnace_DSC_2079a-2.jpg,https://upload.wikimedia.org/wikipedia/commons/2/2c/Dimini_ancient_furnace_DSC_2079a-2.jpg?utm_source=commons.wikimedia.org&utm_campaign=imageinfo&utm_content=original,Dimini ancient furnace DSC 2079a-2.jpg,Kritheus,CC BY-SA 4.0,https://creativecommons.org/licenses/by-sa/4.0,Own work,Ανακτορικό κράτος της Ιωλκού · Αρχαιολογική άποψη,Iolcos Palatial State · Archaeological view,Ανακτορικό κράτος της Ιωλκού: αρχαιολογική άποψη,Iolcos Palatial State: archaeological view,1600,1063,b3a42c5b25f65de60b668806a8643356800b1206401e2fdeb365b2cf78a730ad,2026-08-15,reviewed
media-kingdom-iolcos-palatial-02,kingdom-iolcos-palatial,2,gallery,assets/media/kingdom-iolcos-palatial/02.webp,https://commons.wikimedia.org/wiki/File:Dimini_DSC_2044a.jpg,https://upload.wikimedia.org/wikipedia/commons/8/84/Dimini_DSC_2044a.jpg?utm_source=commons.wikimedia.org&utm_campaign=imageinfo&utm_content=original,Dimini DSC 2044a.jpg,Kritheus,CC BY-SA 4.0,https://creativecommons.org/licenses/by-sa/4.0,Own work,Ανακτορικό κράτος της Ιωλκού · Αρχαιολογική άποψη,Iolcos Palatial State · Archaeological view,Ανακτορικό κράτος της Ιωλκού: αρχαιολογική άποψη,Iolcos Palatial State: archaeological view,1600,1063,6b027d07b7ec183e8829ea0041c39c3cb86c1de163919f18543c78486a0e34bb,2026-08-15,reviewed
media-kingdom-knossos-mycenaean-01,kingdom-knossos-mycenaean,1,primary,assets/media/kingdom-knossos-mycenaean/01.webp,https://commons.wikimedia.org/wiki/File:Knossos_-_Palace_of_the_Minoans.jpg,https://upload.wikimedia.org/wikipedia/commons/f/f9/Knossos_-_Palace_of_the_Minoans.jpg?utm_source=commons.wikimedia.org&utm_campaign=imageinfo&utm_content=original,Knossos - Palace of the Minoans.jpg,CMOSPOWER,CC BY-SA 4.0,https://creativecommons.org/licenses/by-sa/4.0,Own work,Μυκηναϊκή ανακτορική φάση της Κνωσού · Αρχαιολογική άποψη,Mycenaean Knossos Palatial State · Archaeological view,Μυκηναϊκή ανακτορική φάση της Κνωσού: αρχαιολογική άποψη,Mycenaean Knossos Palatial State: archaeological view,1600,900,c6f5efb6e5a8ec7ddf98c5c3afb9174dfd6fea1f59243af21f32e3b6879e6862,2026-08-15,reviewed
media-kingdom-knossos-mycenaean-02,kingdom-knossos-mycenaean,2,gallery,assets/media/kingdom-knossos-mycenaean/02.webp,https://commons.wikimedia.org/wiki/File:Tablet_with_Linear_B_Script_from_the_Palace_of_Knossos_-_1375_BC.jpg,https://upload.wikimedia.org/wikipedia/commons/1/1b/Tablet_with_Linear_B_Script_from_the_Palace_of_Knossos_-_1375_BC.jpg?utm_source=commons.wikimedia.org&utm_campaign=imageinfo&utm_content=original,Tablet with Linear B Script from the Palace of Knossos - 1375 BC.jpg,TimeTravelRome,CC BY 2.0,https://creativecommons.org/licenses/by/2.0,https://www.flickr.com/photos/168399512@N02/52027751695/,Μυκηναϊκή ανακτορική φάση της Κνωσού · Αρχαιολογική άποψη,Mycenaean Knossos Palatial State · Archaeological view,Μυκηναϊκή ανακτορική φάση της Κνωσού: αρχαιολογική άποψη,Mycenaean Knossos Palatial State: archaeological view,1047,1600,da23828c34990ec426494ba155421b676aae377e19fa1875a3e1d12ec216db75,2026-08-15,reviewed
media-kingdom-lysimachid-01,kingdom-lysimachid,1,primary,assets/media/kingdom-lysimachid/01.webp,https://commons.wikimedia.org/wiki/File:Thrace_-_king_Lysimachos_-_297-281_BC_-_siver_tetradrachm_-_head_of_Alexander_III_-_Athena_Nikephoros_-_M%C3%BCnchen_GL.jpg,https://upload.wikimedia.org/wikipedia/commons/3/35/Thrace_-_king_Lysimachos_-_297-281_BC_-_siver_tetradrachm_-_head_of_Alexander_III_-_Athena_Nikephoros_-_M%C3%BCnchen_GL.jpg?utm_source=commons.wikimedia.org&utm_campaign=imageinfo&utm_content=original,Thrace - king Lysimachos - 297-281 BC - siver tetradrachm - head of Alexander III - Athena Nikephoros - München GL.jpg,ArchaiOptix,CC BY-SA 4.0,https://creativecommons.org/licenses/by-sa/4.0,Own work,Βασίλειο του Λυσιμάχου · Αρχαίο έργο ή εύρημα,Lysimachid Kingdom · Ancient artwork or object,Βασίλειο του Λυσιμάχου: αρχαίο έργο ή εύρημα,Lysimachid Kingdom: ancient artwork or object,1600,1344,896f71a55e559bbbb7f75f9f5768631983c62aef52c115101b5079c08aef6296,2026-08-15,reviewed
media-kingdom-lysimachid-02,kingdom-lysimachid,2,gallery,assets/media/kingdom-lysimachid/02.webp,https://commons.wikimedia.org/wiki/File:Greece_from_the_Coming_of_the_Hellenes_to_AD._14%2C_page_271%2C_Coin.jpg,https://upload.wikimedia.org/wikipedia/commons/a/a8/Greece_from_the_Coming_of_the_Hellenes_to_AD._14%2C_page_271%2C_Coin.jpg?utm_source=commons.wikimedia.org&utm_campaign=imageinfo&utm_content=original,"Greece from the Coming of the Hellenes to AD. 14, page 271, Coin.jpg",Unknown authorUnknown author,CC0 1.0,https://creativecommons.org/publicdomain/zero/1.0/deed.en,"Greece from the Coming of the Hellenes to AD. 14, page 271.",Βασίλειο του Λυσιμάχου · Αρχαίο έργο ή εύρημα,Lysimachid Kingdom · Ancient artwork or object,Βασίλειο του Λυσιμάχου: αρχαίο έργο ή εύρημα,Lysimachid Kingdom: ancient artwork or object,1360,670,0c1c247b1cac6bc01331f3cf6ed0193726c2b31cfc4b06922f18a475eb0c1d7a,2026-08-15,reviewed
media-kingdom-macedon-antigonid-01,kingdom-macedon-antigonid,1,primary,assets/media/kingdom-macedon-antigonid/01.webp,https://commons.wikimedia.org/wiki/File:Macedonia_-_king_Antigonos_II_Gonatas_-_270_BC_-_silver_tetradrachm_-_head_of_Pan_-_Athena_Alkidemos_-_M%C3%BCnchen_SMS.jpg,https://upload.wikimedia.org/wikipedia/commons/a/a5/Macedonia_-_king_Antigonos_II_Gonatas_-_270_BC_-_silver_tetradrachm_-_head_of_Pan_-_Athena_Alkidemos_-_M%C3%BCnchen_SMS.jpg?utm_source=commons.wikimedia.org&utm_campaign=imageinfo&utm_content=original,Macedonia - king Antigonos II Gonatas - 270 BC - silver tetradrachm - head of Pan - Athena Alkidemos - München SMS.jpg,ArchaiOptix,CC BY-SA 4.0,https://creativecommons.org/licenses/by-sa/4.0,Own work,Βασίλειο της Μακεδονίας των Αντιγονιδών · Αρχαίο έργο ή εύρημα,Antigonid Kingdom of Macedon · Ancient artwork or object,Βασίλειο της Μακεδονίας των Αντιγονιδών: αρχαίο έργο ή εύρημα,Antigonid Kingdom of Macedon: ancient artwork or object,1600,1600,2fdfb25498e2fe0a3e775b99b687046764b2b7aad87186ec3f1d0d71d80a9a4c,2026-08-15,reviewed
media-kingdom-macedon-antigonid-02,kingdom-macedon-antigonid,2,gallery,assets/media/kingdom-macedon-antigonid/02.webp,https://commons.wikimedia.org/wiki/File:Macedonia_-_king_Antigonos_II_Gonatas_-_270_BC_-_silver_tetradrachm_-_head_of_Pan_-_Athena_-_Berlin_MK_BM.jpg,https://upload.wikimedia.org/wikipedia/commons/b/b2/Macedonia_-_king_Antigonos_II_Gonatas_-_270_BC_-_silver_tetradrachm_-_head_of_Pan_-_Athena_-_Berlin_MK_BM.jpg?utm_source=commons.wikimedia.org&utm_campaign=imageinfo&utm_content=original,Macedonia - king Antigonos II Gonatas - 270 BC - silver tetradrachm - head of Pan - Athena - Berlin MK BM.jpg,ArchaiOptix,CC BY-SA 4.0,https://creativecommons.org/licenses/by-sa/4.0,Own work,Βασίλειο της Μακεδονίας των Αντιγονιδών · Αρχαίο έργο ή εύρημα,Antigonid Kingdom of Macedon · Ancient artwork or object,Βασίλειο της Μακεδονίας των Αντιγονιδών: αρχαίο έργο ή εύρημα,Antigonid Kingdom of Macedon: ancient artwork or object,1600,1600,d4e7e539925c53cad30d6eb4d5107bf57465caa6c72343e9ef72614617834944,2026-08-15,reviewed
media-kingdom-macedon-argead-01,kingdom-macedon-argead,1,primary,assets/media/kingdom-macedon-argead/01.webp,https://commons.wikimedia.org/wiki/File:Coins_of_Alexander_I%2C_B.C._498-454%2C_Archaeological_Museum%2C_Pella_(7061131661).jpg,https://upload.wikimedia.org/wikipedia/commons/3/32/Coins_of_Alexander_I%2C_B.C._498-454%2C_Archaeological_Museum%2C_Pella_%287061131661%29.jpg?utm_source=commons.wikimedia.org&utm_campaign=imageinfo&utm_content=original,"Coins of Alexander I, B.C. 498-454, Archaeological Museum, Pella (7061131661).jpg","Carole Raddato from FRANKFURT, Germany",CC BY-SA 2.0,https://creativecommons.org/licenses/by-sa/2.0,"Alexander I, B.C. 498-454, Archaeological Museum, Pella Uploaded by Marcus Cyron",Βασίλειο της Μακεδονίας των Αργεαδών · Αρχαίο έργο ή εύρημα,Argead Kingdom of Macedon · Ancient artwork or object,Βασίλειο της Μακεδονίας των Αργεαδών: αρχαίο έργο ή εύρημα,Argead Kingdom of Macedon: ancient artwork or object,1200,1600,c65004c02d75f96d48623c249d4dfa28159b37dc3e2055d84d4b48b3d32108be,2026-08-15,reviewed
media-kingdom-macedon-argead-02,kingdom-macedon-argead,2,gallery,assets/media/kingdom-macedon-argead/02.webp,https://commons.wikimedia.org/wiki/File:KINGS_of_MACEDON._Alexander_I._498-454_BC._AR_Tetradrachm_(13.38_gm%2C_3h)._Struck_circa_480-470_BC.jpg,https://upload.wikimedia.org/wikipedia/commons/e/e5/KINGS_of_MACEDON._Alexander_I._498-454_BC._AR_Tetradrachm_%2813.38_gm%2C_3h%29._Struck_circa_480-470_BC.jpg?utm_source=commons.wikimedia.org&utm_campaign=imageinfo&utm_content=original,"KINGS of MACEDON. Alexander I. 498-454 BC. AR Tetradrachm (13.38 gm, 3h). Struck circa 480-470 BC.jpg",CNG,CC BY-SA 3.0,https://creativecommons.org/licenses/by-sa/3.0/,"Classical Numismatic Group, Inc. http://www.cngcoins.com",Βασίλειο της Μακεδονίας των Αργεαδών · Αρχαίο έργο ή εύρημα,Argead Kingdom of Macedon · Ancient artwork or object,Βασίλειο της Μακεδονίας των Αργεαδών: αρχαίο έργο ή εύρημα,Argead Kingdom of Macedon: ancient artwork or object,1000,500,1b7fe6985582f5f92fc6b83bdec3e2196c6276633bf95d5d7b4b7c3a9ed0c35a,2026-08-15,reviewed
media-kingdom-macedon-kassandrid-01,kingdom-macedon-kassandrid,1,primary,assets/media/kingdom-macedon-kassandrid/01.webp,https://commons.wikimedia.org/wiki/File:Greek_Coin_%2C_Bronze_of_Cassander_(FindID_514450).jpg,https://upload.wikimedia.org/wikipedia/commons/f/f0/Greek_Coin_%2C_Bronze_of_Cassander_%28FindID_514450%29.jpg?utm_source=commons.wikimedia.org&utm_campaign=imageinfo&utm_content=original,"Greek Coin , Bronze of Cassander (FindID 514450).jpg","York Museums Trust, Rebecca Griffiths, 2012-08-02 11:51:45",CC BY-SA 2.0,https://creativecommons.org/licenses/by-sa/2.0,The Portable Antiquities Scheme/ The Trustees of the British Museum,Βασίλειο της Μακεδονίας των Κασσανδριδών · Αρχαίο έργο ή εύρημα,Kassandrid Kingdom of Macedon · Ancient artwork or object,Βασίλειο της Μακεδονίας των Κασσανδριδών: αρχαίο έργο ή εύρημα,Kassandrid Kingdom of Macedon: ancient artwork or object,1600,1091,eb85153c611881292e9970b7ec92025d6e3545f3764f12a38ad29417580dab77,2026-08-15,reviewed
media-kingdom-macedon-kassandrid-02,kingdom-macedon-kassandrid,2,gallery,assets/media/kingdom-macedon-kassandrid/02.webp,https://commons.wikimedia.org/wiki/File:Macedonia_-_king_Kassandros_-_316-297_BC_-_silver_tetradrachm_-_head_of_Alexander_III_-_Zeus_aetophoros_-_M%C3%BCnchen_AS.jpg,https://upload.wikimedia.org/wikipedia/commons/a/ad/Macedonia_-_king_Kassandros_-_316-297_BC_-_silver_tetradrachm_-_head_of_Alexander_III_-_Zeus_aetophoros_-_M%C3%BCnchen_AS.jpg?utm_source=commons.wikimedia.org&utm_campaign=imageinfo&utm_content=original,Macedonia - king Kassandros - 316-297 BC - silver tetradrachm - head of Alexander III - Zeus aetophoros - München AS.jpg,ArchaiOptix,CC BY-SA 4.0,https://creativecommons.org/licenses/by-sa/4.0,Own work,Βασίλειο της Μακεδονίας των Κασσανδριδών · Αρχαίο έργο ή εύρημα,Kassandrid Kingdom of Macedon · Ancient artwork or object,Βασίλειο της Μακεδονίας των Κασσανδριδών: αρχαίο έργο ή εύρημα,Kassandrid Kingdom of Macedon: ancient artwork or object,1600,1600,2d720fb586fe823dab7db80865b5bbeda01d4f7bd739fdcd9684e165868c9c69,2026-08-15,reviewed
media-kingdom-mycenae-palatial-01,kingdom-mycenae-palatial,1,primary,assets/media/kingdom-mycenae-palatial/01.webp,https://commons.wikimedia.org/wiki/File:Lion_Gate_-_Mycenae_-_2.jpg,https://upload.wikimedia.org/wikipedia/commons/1/12/Lion_Gate_-_Mycenae_-_2.jpg?utm_source=commons.wikimedia.org&utm_campaign=imageinfo&utm_content=original,Lion Gate - Mycenae - 2.jpg,Annatsach,CC BY-SA 4.0,https://creativecommons.org/licenses/by-sa/4.0,Own work,Ανακτορικό κράτος των Μυκηνών · Αρχαιολογική άποψη,Mycenae Palatial State · Archaeological view,Ανακτορικό κράτος των Μυκηνών: αρχαιολογική άποψη,Mycenae Palatial State: archaeological view,1600,1068,dac32532ca3150491468ecf939274c2f42b4a5a932c001930bcba9bb1a8759fb,2026-08-15,reviewed
media-kingdom-mycenae-palatial-02,kingdom-mycenae-palatial,2,gallery,assets/media/kingdom-mycenae-palatial/02.webp,https://commons.wikimedia.org/wiki/File:Mycenaean_tablet_inscriptio_linear_B%2C_NAMA_7668_080860.jpg,https://upload.wikimedia.org/wikipedia/commons/0/0d/Mycenaean_tablet_inscriptio_linear_B%2C_NAMA_7668_080860.jpg?utm_source=commons.wikimedia.org&utm_campaign=imageinfo&utm_content=original,"Mycenaean tablet inscriptio linear B, NAMA 7668 080860.jpg",Zde,CC BY-SA 3.0,https://creativecommons.org/licenses/by-sa/3.0,Own work,Ανακτορικό κράτος των Μυκηνών · Αρχαιολογική άποψη,Mycenae Palatial State · Archaeological view,Ανακτορικό κράτος των Μυκηνών: αρχαιολογική άποψη,Mycenae Palatial State: archaeological view,1065,1600,d887f41bee05c9dc78a709c78610f92ce40766f4288402e67a21f07937d69ecd,2026-08-15,reviewed
media-kingdom-orchomenos-palatial-01,kingdom-orchomenos-palatial,1,primary,assets/media/kingdom-orchomenos-palatial/01.webp,https://commons.wikimedia.org/wiki/File:Mycenaean_Type_A_swords_at_the_National_Archaeological_Museum_of_Athens_on_26_October_2021.jpg,https://upload.wikimedia.org/wikipedia/commons/7/71/Mycenaean_Type_A_swords_at_the_National_Archaeological_Museum_of_Athens_on_26_October_2021.jpg?utm_source=commons.wikimedia.org&utm_campaign=imageinfo&utm_content=original,Mycenaean Type A swords at the National Archaeological Museum of Athens on 26 October 2021.jpg,George E. Koronaios,CC BY-SA 4.0,https://creativecommons.org/licenses/by-sa/4.0,Own work,Ανακτορικό κράτος του Ορχομενού · Αρχαιολογική άποψη,Orchomenos Palatial State · Archaeological view,Ανακτορικό κράτος του Ορχομενού: αρχαιολογική άποψη,Orchomenos Palatial State: archaeological view,1600,1067,da0ddac419d272b45e6fdec6d09c24aed0fa43a06f8aff9dfc190b23fa828b57,2026-08-15,reviewed
media-kingdom-orchomenos-palatial-02,kingdom-orchomenos-palatial,2,gallery,assets/media/kingdom-orchomenos-palatial/02.webp,https://commons.wikimedia.org/wiki/File:Orchomenos_Treasury_of_Minyas_1990_01.jpg,https://upload.wikimedia.org/wikipedia/commons/1/19/Orchomenos_Treasury_of_Minyas_1990_01.jpg?utm_source=commons.wikimedia.org&utm_campaign=imageinfo&utm_content=original,Orchomenos Treasury of Minyas 1990 01.jpg,Mark Landon,CC0 1.0,https://creativecommons.org/publicdomain/zero/1.0/deed.en,Mark Landon / Wikimedia Commons,Ανακτορικό κράτος του Ορχομενού · Αρχαιολογική άποψη,Orchomenos Palatial State · Archaeological view,Ανακτορικό κράτος του Ορχομενού: αρχαιολογική άποψη,Orchomenos Palatial State: archaeological view,1600,1077,b4fb9c0d662370e0c8ff0eb94acef9b23158c17a111149f8b0e158ce87512d20,2026-08-15,reviewed
media-kingdom-paphos-cyprus-01,kingdom-paphos-cyprus,1,primary,assets/media/kingdom-paphos-cyprus/01.webp,https://commons.wikimedia.org/wiki/File:The_remains_of_the_Bronze_Age_temenos_wall%2C_Palaepaphos%2C_the_famous_Sanctuary_of_Aphrodite%2C_a_large_centre_of_worship_established_in_the_12th_century_BC%2C_Kouklia%2C_Cyprus.jpg,https://upload.wikimedia.org/wikipedia/commons/1/1d/The_remains_of_the_Bronze_Age_temenos_wall%2C_Palaepaphos%2C_the_famous_Sanctuary_of_Aphrodite%2C_a_large_centre_of_worship_established_in_the_12th_century_BC%2C_Kouklia%2C_Cyprus.jpg?utm_source=commons.wikimedia.org&utm_campaign=imageinfo&utm_content=original,"The remains of the Bronze Age temenos wall, Palaepaphos, the famous Sanctuary of Aphrodite, a large centre of worship established in the 12th century BC, Kouklia, Cyprus.jpg",Carole Raddato,CC BY-SA 2.0,https://creativecommons.org/licenses/by-sa/2.0,https://www.flickr.com/photos/41523983@N08/24241410120/,Πόλη-βασίλειο της Πάφου · Αρχαιολογική άποψη,City-Kingdom of Paphos · Archaeological view,Πόλη-βασίλειο της Πάφου: αρχαιολογική άποψη,City-Kingdom of Paphos: archaeological view,1600,1060,c2cf513d6a876a87bc3625e91d890d01cc476ef4333f98df96902e6179d44831,2026-08-15,reviewed
media-kingdom-paphos-cyprus-02,kingdom-paphos-cyprus,2,gallery,assets/media/kingdom-paphos-cyprus/02.webp,https://commons.wikimedia.org/wiki/File:Limestone_sarcophagus_painted_with_Homeric_scenes%2C_unearthed_in_2006_in_a_tomb_near_the_village_of_Kouklia_probably_belonging_to_an_ancient_warrior%2C_1st_half_of_5th_century_BC%2C_Palaepaphos_Museum%2C_Cyprus_(22271185499).jpg,https://upload.wikimedia.org/wikipedia/commons/e/e3/Limestone_sarcophagus_painted_with_Homeric_scenes%2C_unearthed_in_2006_in_a_tomb_near_the_village_of_Kouklia_probably_belonging_to_an_ancient_warrior%2C_1st_half_of_5th_century_BC%2C_Palaepaphos_Museum%2C_Cyprus_%2822271185499%29.jpg?utm_source=commons.wikimedia.org&utm_campaign=imageinfo&utm_content=original,"Limestone sarcophagus painted with Homeric scenes, unearthed in 2006 in a tomb near the village of Kouklia probably belonging to an ancient warrior, 1st half of 5th century BC, Palaepaphos Museum, Cyprus (22271185499).jpg","Carole Raddato from Frankfurt, Germany",CC BY-SA 2.0,https://creativecommons.org/licenses/by-sa/2.0,"Limestone sarcophagus painted with Homeric scenes, unearthed in 2006 in a tomb near the village of Kouklia probably belonging to an ancient warrior, 1st half of 5th century BC, Palaepaphos Museum, Cyprus",Πόλη-βασίλειο της Πάφου · Αρχαιολογική άποψη,City-Kingdom of Paphos · Archaeological view,Πόλη-βασίλειο της Πάφου: αρχαιολογική άποψη,City-Kingdom of Paphos: archaeological view,962,1600,f34b6f4448cc9a96aec31c994388024205f4ab9c12f357494208f207a5e537f0,2026-08-15,reviewed
media-kingdom-pontus-mithridatid-01,kingdom-pontus-mithridatid,1,primary,assets/media/kingdom-pontus-mithridatid/01.webp,https://commons.wikimedia.org/wiki/File:Kingdom_of_Pontus_map.png,https://upload.wikimedia.org/wikipedia/commons/b/b6/Kingdom_of_Pontus_map.png?utm_source=commons.wikimedia.org&utm_campaign=imageinfo&utm_content=original,Kingdom of Pontus map.png,Joyfulmapper,CC0 1.0,https://creativecommons.org/publicdomain/zero/1.0/deed.en,Own work,Βασίλειο του Πόντου · Ιστορικός χάρτης,Kingdom of Pontus · Historical map,Βασίλειο του Πόντου: ιστορικόσ χάρτησ,Kingdom of Pontus: historical map,1600,1231,f26346867af125f6a79d3ac1bb6a55aedf229dddd8d7e1969ddf29547a4851e9,2026-08-15,reviewed
media-kingdom-pontus-mithridatid-02,kingdom-pontus-mithridatid,2,gallery,assets/media/kingdom-pontus-mithridatid/02.webp,https://commons.wikimedia.org/wiki/File:Pontus_188-160.png,https://upload.wikimedia.org/wikipedia/commons/f/f3/Pontus_188-160.png?utm_source=commons.wikimedia.org&utm_campaign=imageinfo&utm_content=original,Pontus 188-160.png,Jolle,CC BY-SA 4.0,https://creativecommons.org/licenses/by-sa/4.0,Own work,Βασίλειο του Πόντου · Αρχαιολογική άποψη,Kingdom of Pontus · Archaeological view,Βασίλειο του Πόντου: αρχαιολογική άποψη,Kingdom of Pontus: archaeological view,1600,1177,961b8d26412112aca89286792c247316b51cdac845b2f56f2b767800e5d43c21,2026-08-15,reviewed
media-kingdom-ptolemaic-egypt-01,kingdom-ptolemaic-egypt,1,primary,assets/media/kingdom-ptolemaic-egypt/01.webp,https://commons.wikimedia.org/wiki/File:Ancient_Greece_Coins_(Ptolemaic_Egypt)_(28453434290).jpg,https://upload.wikimedia.org/wikipedia/commons/4/4d/Ancient_Greece_Coins_%28Ptolemaic_Egypt%29_%2828453434290%29.jpg?utm_source=commons.wikimedia.org&utm_campaign=imageinfo&utm_content=original,Ancient Greece Coins (Ptolemaic Egypt) (28453434290).jpg,"Gary Todd from Xinzheng, China",CC0 1.0,https://creativecommons.org/publicdomain/zero/1.0/deed.en,Ancient Greece Coins (Ptolemaic Egypt),Πτολεμαϊκό Βασίλειο της Αιγύπτου · Αρχαίο έργο ή εύρημα,Ptolemaic Kingdom of Egypt · Ancient artwork or object,Πτολεμαϊκό Βασίλειο της Αιγύπτου: αρχαίο έργο ή εύρημα,Ptolemaic Kingdom of Egypt: ancient artwork or object,1600,1067,da832c241a635daa1dc3e560641f7051554faf4a6f22f43b5336e1f035a28d41,2026-08-15,reviewed
media-kingdom-ptolemaic-egypt-02,kingdom-ptolemaic-egypt,2,gallery,assets/media/kingdom-ptolemaic-egypt/02.webp,https://commons.wikimedia.org/wiki/File:Coin_of_Ptolemy_II_from_a_Ptolemaic_hoard_MET_DP245488.jpg,https://upload.wikimedia.org/wikipedia/commons/e/e6/Coin_of_Ptolemy_II_from_a_Ptolemaic_hoard_MET_DP245488.jpg?utm_source=commons.wikimedia.org&utm_campaign=imageinfo&utm_content=original,Coin of Ptolemy II from a Ptolemaic hoard MET DP245488.jpg,Unknown creator,CC0 1.0,https://creativecommons.org/publicdomain/zero/1.0/deed.en,This file was donated to Wikimedia Commons as part of a project by the Metropolitan Museum of Art. See the Image and Data Resources Open Access Policy,Πτολεμαϊκό Βασίλειο της Αιγύπτου · Αρχαίο έργο ή εύρημα,Ptolemaic Kingdom of Egypt · Ancient artwork or object,Πτολεμαϊκό Βασίλειο της Αιγύπτου: αρχαίο έργο ή εύρημα,Ptolemaic Kingdom of Egypt: ancient artwork or object,1600,1200,9d248ecb4587be01b9aedc94c481539a02fd4136778c2c553b1d7ed09e136113,2026-08-15,reviewed
media-kingdom-pylos-palatial-01,kingdom-pylos-palatial,1,primary,assets/media/kingdom-pylos-palatial/01.webp,https://commons.wikimedia.org/wiki/File:Palace_of_Nestor_ruins_(9).jpg,https://upload.wikimedia.org/wikipedia/commons/a/a5/Palace_of_Nestor_ruins_%289%29.jpg?utm_source=commons.wikimedia.org&utm_campaign=imageinfo&utm_content=original,Palace of Nestor ruins (9).jpg,Peulle,CC BY-SA 4.0,https://creativecommons.org/licenses/by-sa/4.0,Own work,Ανακτορικό κράτος της Πύλου · Αρχαιολογική άποψη,Pylos Palatial State · Archaeological view,Ανακτορικό κράτος της Πύλου: αρχαιολογική άποψη,Pylos Palatial State: archaeological view,1600,724,24cba6f1dd2c8df167da7a0ee654286bb2be926d751955a418e6b7418b57abfb,2026-08-15,reviewed
media-kingdom-pylos-palatial-02,kingdom-pylos-palatial,2,gallery,assets/media/kingdom-pylos-palatial/02.webp,https://commons.wikimedia.org/wiki/File:20190508_077_pylos_nestor.jpg,https://upload.wikimedia.org/wikipedia/commons/3/3d/20190508_077_pylos_nestor.jpg?utm_source=commons.wikimedia.org&utm_campaign=imageinfo&utm_content=original,20190508 077 pylos nestor.jpg,Jean Housen,CC BY-SA 4.0,https://creativecommons.org/licenses/by-sa/4.0,Own work,Ανακτορικό κράτος της Πύλου · Αρχαιολογική άποψη,Pylos Palatial State · Archaeological view,Ανακτορικό κράτος της Πύλου: αρχαιολογική άποψη,Pylos Palatial State: archaeological view,1600,1067,de5b459e4cb5ba8de15e52aa05eadf68410e2343d3a8437ef51df90978e2534f,2026-08-15,reviewed
media-kingdom-salamis-cyprus-01,kingdom-salamis-cyprus,1,primary,assets/media/kingdom-salamis-cyprus/01.webp,https://commons.wikimedia.org/wiki/File:The_Gymnasium_with_its_columned_palaestra%2C_built_over_the_ruins_of_an_earlier_Hellenistic_gymnasium_in_the_2nd_century_AD_during_Trajan_and_Hadrian%27s_reign_after_Salamis_had_been_greatly_damaged_in_116_AD_during_Jewish_revolt_12.jpg,https://upload.wikimedia.org/wikipedia/commons/7/7b/The_Gymnasium_with_its_columned_palaestra%2C_built_over_the_ruins_of_an_earlier_Hellenistic_gymnasium_in_the_2nd_century_AD_during_Trajan_and_Hadrian%27s_reign_after_Salamis_had_been_greatly_damaged_in_116_AD_during_Jewish_revolt_12.jpg?utm_source=commons.wikimedia.org&utm_campaign=imageinfo&utm_content=original,"The Gymnasium with its columned palaestra, built over the ruins of an earlier Hellenistic gymnasium in the 2nd century AD during Trajan and Hadrian's reign after Salamis had been greatly damaged in 116 AD during Jewish revolt 12.jpg","Carole Raddato from FRANKFURT, Germany",CC BY-SA 2.0,https://creativecommons.org/licenses/by-sa/2.0,"The Gymnasium with its columned palaestra, built over the ruins of an earlier Hellenistic gymnasium in the 2nd century AD during Trajan and Hadrian's reign after Salamis had been greatly damaged in 116 AD during Jewish revolt, Salamis, Northern Cyprus",Πόλη-βασίλειο της Σαλαμίνας Κύπρου · Αρχαιολογική άποψη,"City-Kingdom of Salamis, Cyprus · Archaeological view",Πόλη-βασίλειο της Σαλαμίνας Κύπρου: αρχαιολογική άποψη,"City-Kingdom of Salamis, Cyprus: archaeological view",1600,1060,4288f7b794e79e345e233ba400d751ee7c3765a80f9e0b7bbf20cb343bdf172a,2026-08-15,reviewed
media-kingdom-salamis-cyprus-02,kingdom-salamis-cyprus,2,gallery,assets/media/kingdom-salamis-cyprus/02.webp,https://commons.wikimedia.org/wiki/File:Ruins_of_Salamis%2C_Cyprus_(27409306078).jpg,https://upload.wikimedia.org/wikipedia/commons/1/1d/Ruins_of_Salamis%2C_Cyprus_%2827409306078%29.jpg?utm_source=commons.wikimedia.org&utm_campaign=imageinfo&utm_content=original,"Ruins of Salamis, Cyprus (27409306078).jpg",Mike McBey,CC BY 2.0,https://creativecommons.org/licenses/by/2.0,"Ruins of Salamis, Cyprus",Πόλη-βασίλειο της Σαλαμίνας Κύπρου · Αρχαιολογική άποψη,"City-Kingdom of Salamis, Cyprus · Archaeological view",Πόλη-βασίλειο της Σαλαμίνας Κύπρου: αρχαιολογική άποψη,"City-Kingdom of Salamis, Cyprus: archaeological view",1600,1067,6963c7ce45d4fb96cbb2ff514166dc474ef52b478783e4ad8865a40d8edd3d43,2026-08-15,reviewed
media-kingdom-seleucid-01,kingdom-seleucid,1,primary,assets/media/kingdom-seleucid/01.webp,https://commons.wikimedia.org/wiki/File:Seleucid_Empire_alternative_map_edited.jpg,https://upload.wikimedia.org/wikipedia/commons/7/79/Seleucid_Empire_alternative_map_edited.jpg?utm_source=commons.wikimedia.org&utm_campaign=imageinfo&utm_content=original,Seleucid Empire alternative map edited.jpg,Avantiputra7,CC BY-SA 4.0,https://creativecommons.org/licenses/by-sa/4.0,Own work,Σελευκιδικό Βασίλειο · Ιστορικός χάρτης,Seleucid Empire · Historical map,Σελευκιδικό Βασίλειο: ιστορικόσ χάρτησ,Seleucid Empire: historical map,1600,847,eb74140b152924f993575458ec63f7aacf50e8a12287b4876327756683b69d75,2026-08-15,reviewed
media-kingdom-seleucid-02,kingdom-seleucid,2,gallery,assets/media/kingdom-seleucid/02.webp,https://commons.wikimedia.org/wiki/File:Seleucid_Empire_alternative_map.jpg,https://upload.wikimedia.org/wikipedia/commons/9/94/Seleucid_Empire_alternative_map.jpg?utm_source=commons.wikimedia.org&utm_campaign=imageinfo&utm_content=original,Seleucid Empire alternative map.jpg,User:Cattette,CC BY-SA 4.0,https://creativecommons.org/licenses/by-sa/4.0,This image has been extracted from another file,Σελευκιδικό Βασίλειο · Ιστορικός χάρτης,Seleucid Empire · Historical map,Σελευκιδικό Βασίλειο: ιστορικόσ χάρτησ,Seleucid Empire: historical map,1600,847,42c80a48ff699e0cf745836c3164bb61c6a018d638f51dea09ef7bfd90c554ec,2026-08-15,reviewed
media-kingdom-syracuse-agathocles-01,kingdom-syracuse-agathocles,1,primary,assets/media/kingdom-syracuse-agathocles/01.webp,https://commons.wikimedia.org/wiki/File:Monnaie_-_T%C3%A9tradrachme%2C_Argent%2C_Syracuse%2C_Sicile%2C_Agathocle_-_btv1b11316439w_(2_of_2).jpg,https://upload.wikimedia.org/wikipedia/commons/9/96/Monnaie_-_T%C3%A9tradrachme%2C_Argent%2C_Syracuse%2C_Sicile%2C_Agathocle_-_btv1b11316439w_%282_of_2%29.jpg?utm_source=commons.wikimedia.org&utm_campaign=imageinfo&utm_content=original,"Monnaie - Tétradrachme, Argent, Syracuse, Sicile, Agathocle - btv1b11316439w (2 of 2).jpg",Agathocle (0361-0289 av. J.-C.). Autorité émettrice de monnaie Syracuse (Sicile ; atelier monétaire). Atelier monétaire,Public domain,https://creativecommons.org/publicdomain/mark/1.0/,Bibliothèque nationale de France,Βασίλειο των Συρακουσών του Αγαθοκλή · Αρχαίο έργο ή εύρημα,Kingdom of Syracuse under Agathocles · Ancient artwork or object,Βασίλειο των Συρακουσών του Αγαθοκλή: αρχαίο έργο ή εύρημα,Kingdom of Syracuse under Agathocles: ancient artwork or object,1600,1600,89b5d5a58c8a4a73be06992ecd9ec1446e779e7179637f87848a9e28f9cb413b,2026-08-15,reviewed
media-kingdom-syracuse-agathocles-02,kingdom-syracuse-agathocles,2,gallery,assets/media/kingdom-syracuse-agathocles/02.webp,https://commons.wikimedia.org/wiki/File:Monnaie_-_T%C3%A9tradrachme%2C_Argent%2C_Syracuse%2C_Sicile%2C_Agathocle_-_btv1b113164408_(2_of_2).jpg,https://upload.wikimedia.org/wikipedia/commons/6/62/Monnaie_-_T%C3%A9tradrachme%2C_Argent%2C_Syracuse%2C_Sicile%2C_Agathocle_-_btv1b113164408_%282_of_2%29.jpg?utm_source=commons.wikimedia.org&utm_campaign=imageinfo&utm_content=original,"Monnaie - Tétradrachme, Argent, Syracuse, Sicile, Agathocle - btv1b113164408 (2 of 2).jpg",Agathocle (0361-0289 av. J.-C.). Autorité émettrice de monnaie Syracuse (Sicile ; atelier monétaire). Atelier monétaire,Public domain,https://creativecommons.org/publicdomain/mark/1.0/,Bibliothèque nationale de France,Βασίλειο των Συρακουσών του Αγαθοκλή · Αρχαίο έργο ή εύρημα,Kingdom of Syracuse under Agathocles · Ancient artwork or object,Βασίλειο των Συρακουσών του Αγαθοκλή: αρχαίο έργο ή εύρημα,Kingdom of Syracuse under Agathocles: ancient artwork or object,1600,1600,82afbd6a6036617fb9f8fecf8e6c5f24bab4fd636cd8a52e478cfeaff1890567,2026-08-15,reviewed
media-kingdom-syracuse-hieron-ii-01,kingdom-syracuse-hieron-ii,1,primary,assets/media/kingdom-syracuse-hieron-ii/01.webp,https://commons.wikimedia.org/wiki/File:Syrakosai_-_king_Hieron_II_-_274-216_BC_-_bronze_coin_-_head_of_Hieron_II_-_rider_-_M%C3%BCnchen_SMS_-_01_(cropped).jpg,https://upload.wikimedia.org/wikipedia/commons/e/ea/Syrakosai_-_king_Hieron_II_-_274-216_BC_-_bronze_coin_-_head_of_Hieron_II_-_rider_-_M%C3%BCnchen_SMS_-_01_%28cropped%29.jpg?utm_source=commons.wikimedia.org&utm_campaign=imageinfo&utm_content=original,Syrakosai - king Hieron II - 274-216 BC - bronze coin - head of Hieron II - rider - München SMS - 01 (cropped).jpg,ArchaiOptix,CC BY-SA 4.0,https://creativecommons.org/licenses/by-sa/4.0,Own work,Βασίλειο των Συρακουσών του Ιέρωνα Β΄ · Αρχαίο έργο ή εύρημα,Kingdom of Syracuse under Hieron II · Ancient artwork or object,Βασίλειο των Συρακουσών του Ιέρωνα Β΄: αρχαίο έργο ή εύρημα,Kingdom of Syracuse under Hieron II: ancient artwork or object,1591,1600,a71582c5595846fc7921338cbc2f7cfdd8c28748462127a050ae44766ed41c7b,2026-08-15,reviewed
media-kingdom-syracuse-hieron-ii-02,kingdom-syracuse-hieron-ii,2,gallery,assets/media/kingdom-syracuse-hieron-ii/02.webp,https://commons.wikimedia.org/wiki/File:Syrakosai_-_king_Hieron_II_-_274-216_BC_-_bronze_coin_-_head_of_Hieron_II_-_rider_-_M%C3%BCnchen_SMS_-_01.jpg,https://upload.wikimedia.org/wikipedia/commons/0/05/Syrakosai_-_king_Hieron_II_-_274-216_BC_-_bronze_coin_-_head_of_Hieron_II_-_rider_-_M%C3%BCnchen_SMS_-_01.jpg?utm_source=commons.wikimedia.org&utm_campaign=imageinfo&utm_content=original,Syrakosai - king Hieron II - 274-216 BC - bronze coin - head of Hieron II - rider - München SMS - 01.jpg,ArchaiOptix,CC BY-SA 4.0,https://creativecommons.org/licenses/by-sa/4.0,Own work,Βασίλειο των Συρακουσών του Ιέρωνα Β΄ · Αρχαίο έργο ή εύρημα,Kingdom of Syracuse under Hieron II · Ancient artwork or object,Βασίλειο των Συρακουσών του Ιέρωνα Β΄: αρχαίο έργο ή εύρημα,Kingdom of Syracuse under Hieron II: ancient artwork or object,1600,1600,c4f19876f5f908328450cff1c62beab45a35c872edc9ee51d3090c4fde11c47c,2026-08-15,reviewed
media-kingdom-thebes-palatial-01,kingdom-thebes-palatial,1,primary,assets/media/kingdom-thebes-palatial/01.webp,https://commons.wikimedia.org/wiki/File:Clay_larnax_with_Sphinx%2C_Mycenaean%2C_AM_of_Thebes%2C_201081.jpg,https://upload.wikimedia.org/wikipedia/commons/9/95/Clay_larnax_with_Sphinx%2C_Mycenaean%2C_AM_of_Thebes%2C_201081.jpg?utm_source=commons.wikimedia.org&utm_campaign=imageinfo&utm_content=original,"Clay larnax with Sphinx, Mycenaean, AM of Thebes, 201081.jpg",Zde,CC BY-SA 4.0,https://creativecommons.org/licenses/by-sa/4.0,Own work,Ανακτορικό κράτος της Θήβας · Αρχαιολογική άποψη,Thebes Palatial State · Archaeological view,Ανακτορικό κράτος της Θήβας: αρχαιολογική άποψη,Thebes Palatial State: archaeological view,1600,1064,483e78a3d2bd594677300b500e26bc0ed5e0fd807f87e64e28d76a57340c512b,2026-08-15,reviewed
media-kingdom-thebes-palatial-02,kingdom-thebes-palatial,2,gallery,assets/media/kingdom-thebes-palatial/02.webp,https://commons.wikimedia.org/wiki/File:Mycenaean_antiquities%2C_AM_of_Thebes%2C_201126.jpg,https://upload.wikimedia.org/wikipedia/commons/7/74/Mycenaean_antiquities%2C_AM_of_Thebes%2C_201126.jpg?utm_source=commons.wikimedia.org&utm_campaign=imageinfo&utm_content=original,"Mycenaean antiquities, AM of Thebes, 201126.jpg",Zde,CC BY-SA 4.0,https://creativecommons.org/licenses/by-sa/4.0,Own work,Ανακτορικό κράτος της Θήβας · Αρχαιολογική άποψη,Thebes Palatial State · Archaeological view,Ανακτορικό κράτος της Θήβας: αρχαιολογική άποψη,Thebes Palatial State: archaeological view,1600,1064,f50155c916ce054ab88ff83b296e9407cae4bd5438f13f798b2aa110912f94f0,2026-08-15,reviewed
media-kingdom-tiryns-palatial-01,kingdom-tiryns-palatial,1,primary,assets/media/kingdom-tiryns-palatial/01.webp,https://commons.wikimedia.org/wiki/File:Model_of_the_Mycenaean_citadel_of_Tiryns_at_the_National_Archaeological_Museum_of_Athens_on_October_6%2C_2021.jpg,https://upload.wikimedia.org/wikipedia/commons/f/f9/Model_of_the_Mycenaean_citadel_of_Tiryns_at_the_National_Archaeological_Museum_of_Athens_on_October_6%2C_2021.jpg?utm_source=commons.wikimedia.org&utm_campaign=imageinfo&utm_content=original,"Model of the Mycenaean citadel of Tiryns at the National Archaeological Museum of Athens on October 6, 2021.jpg",George E. Koronaios,CC BY-SA 4.0,https://creativecommons.org/licenses/by-sa/4.0,Own work,Ανακτορικό κράτος της Τίρυνθας · Αρχαιολογική άποψη,Tiryns Palatial State · Archaeological view,Ανακτορικό κράτος της Τίρυνθας: αρχαιολογική άποψη,Tiryns Palatial State: archaeological view,1600,1067,035ab556ac16c2f5cf25433272041d146d7978f3cba813a60533780d20fe5996,2026-08-15,reviewed
media-kingdom-tiryns-palatial-02,kingdom-tiryns-palatial,2,gallery,assets/media/kingdom-tiryns-palatial/02.webp,https://commons.wikimedia.org/wiki/File:View_of_the_ruins_of_the_lower_citadel.2.jpg,https://upload.wikimedia.org/wikipedia/commons/d/d6/View_of_the_ruins_of_the_lower_citadel.2.jpg?utm_source=commons.wikimedia.org&utm_campaign=imageinfo&utm_content=original,View of the ruins of the lower citadel.2.jpg,Karelksir,CC BY-SA 4.0,https://creativecommons.org/licenses/by-sa/4.0,Own work,Ανακτορικό κράτος της Τίρυνθας · Αρχαιολογική άποψη,Tiryns Palatial State · Archaeological view,Ανακτορικό κράτος της Τίρυνθας: αρχαιολογική άποψη,Tiryns Palatial State: archaeological view,1600,903,f4bd3b6daf29b91e754eee0f6885cec53be376523a9ed2b4ed64658e37831d0d,2026-08-15,reviewed
media-sanctuary-aegina-aphaia-sanctuary-01,sanctuary-aegina-aphaia-sanctuary,1,primary,assets/media/sanctuary-aegina-aphaia-sanctuary/01.webp,https://commons.wikimedia.org/wiki/File:Aegina_-_Temple_of_Aphaia_03.jpg,https://upload.wikimedia.org/wikipedia/commons/9/90/Aegina_-_Temple_of_Aphaia_03.jpg?utm_source=commons.wikimedia.org&utm_campaign=imageinfo&utm_content=original,Aegina - Temple of Aphaia 03.jpg,Paweł 'pbm' Szubert (talk),CC BY-SA 3.0,https://creativecommons.org/licenses/by-sa/3.0,Own work,Ιερό της Αφαίας στην Αίγινα · Αρχαιολογική άποψη,Sanctuary of Aphaia on Aegina · Archaeological view,Ιερό της Αφαίας στην Αίγινα: αρχαιολογική άποψη,Sanctuary of Aphaia on Aegina: archaeological view,1600,1126,93853f51b6d13af6dfade4582f34df3d4507a5f148a4d7c9cb8e859edbcc73bd,2026-08-15,reviewed
media-sanctuary-aegina-aphaia-sanctuary-02,sanctuary-aegina-aphaia-sanctuary,2,gallery,assets/media/sanctuary-aegina-aphaia-sanctuary/02.webp,https://commons.wikimedia.org/wiki/File:Room_with_monuments_of_Later_temple_of_Aphaia%2C_490_BC%2C_Aegina%2C_17M1242.jpg,https://upload.wikimedia.org/wikipedia/commons/b/b2/Room_with_monuments_of_Later_temple_of_Aphaia%2C_490_BC%2C_Aegina%2C_17M1242.jpg?utm_source=commons.wikimedia.org&utm_campaign=imageinfo&utm_content=original,"Room with monuments of Later temple of Aphaia, 490 BC, Aegina, 17M1242.jpg",Zde,CC BY-SA 4.0,https://creativecommons.org/licenses/by-sa/4.0,Own work,Ιερό της Αφαίας στην Αίγινα · Αρχαιολογική άποψη,Sanctuary of Aphaia on Aegina · Archaeological view,Ιερό της Αφαίας στην Αίγινα: αρχαιολογική άποψη,Sanctuary of Aphaia on Aegina: archaeological view,1600,1066,ddda50aed36b6b91800ebcf3badac9be9d4b7833065cae3db0c9809ac54f9a95,2026-08-15,reviewed
media-sanctuary-akragas-concordia-temple-sanctuary-01,sanctuary-akragas-concordia-temple-sanctuary,1,primary,assets/media/sanctuary-akragas-concordia-temple-sanctuary/01.webp,https://commons.wikimedia.org/wiki/File:Agrigento-Tempio_della_Concordia01.JPG,https://upload.wikimedia.org/wikipedia/commons/1/13/Agrigento-Tempio_della_Concordia01.JPG?utm_source=commons.wikimedia.org&utm_campaign=imageinfo&utm_content=original,Agrigento-Tempio della Concordia01.JPG,Evan Erickson,Public domain,https://creativecommons.org/publicdomain/mark/1.0/,Own work,Ναός της Ομόνοιας στον Ακράγαντα · Αρχαιολογική άποψη,Temple of Concordia at Akragas · Archaeological view,Ναός της Ομόνοιας στον Ακράγαντα: αρχαιολογική άποψη,Temple of Concordia at Akragas: archaeological view,1600,1200,ec8f183c1f13a21c4c9358a570b5ac328901899bb0449ce0c7476a018db9a065,2026-08-15,reviewed
media-sanctuary-akragas-concordia-temple-sanctuary-02,sanctuary-akragas-concordia-temple-sanctuary,2,gallery,assets/media/sanctuary-akragas-concordia-temple-sanctuary/02.webp,https://commons.wikimedia.org/wiki/File:Koldewey-Akragas-Temple-of-Concord-scheme.png,https://upload.wikimedia.org/wikipedia/commons/5/5e/Koldewey-Akragas-Temple-of-Concord-scheme.png?utm_source=commons.wikimedia.org&utm_campaign=imageinfo&utm_content=original,Koldewey-Akragas-Temple-of-Concord-scheme.png,Unknown creator,Public domain,https://creativecommons.org/publicdomain/mark/1.0/,Unknown creator / Wikimedia Commons / Public domain,Ναός της Ομόνοιας στον Ακράγαντα · Αρχαιολογική άποψη,Temple of Concordia at Akragas · Archaeological view,Ναός της Ομόνοιας στον Ακράγαντα: αρχαιολογική άποψη,Temple of Concordia at Akragas: archaeological view,1219,661,aeb6c10851bed4b92c95d704ae2faac610f2bde134195d0c468231fe76105ef0,2026-08-15,reviewed
media-sanctuary-alexandria-serapeum-01,sanctuary-alexandria-serapeum,1,primary,assets/media/sanctuary-alexandria-serapeum/01.webp,https://commons.wikimedia.org/wiki/File:Alexandria_-_Pompey%27s_Pillar_-_view_of_ruins.JPG,https://upload.wikimedia.org/wikipedia/commons/8/86/Alexandria_-_Pompey%27s_Pillar_-_view_of_ruins.JPG?utm_source=commons.wikimedia.org&utm_campaign=imageinfo&utm_content=original,Alexandria - Pompey's Pillar - view of ruins.JPG,Daniel Mayer,CC BY-SA 4.0,https://creativecommons.org/licenses/by-sa/4.0,Own work,Σεραπείο Αλεξάνδρειας · Αρχαιολογική άποψη,Serapeum of Alexandria · Archaeological view,Σεραπείο Αλεξάνδρειας: αρχαιολογική άποψη,Serapeum of Alexandria: archaeological view,1600,1200,e7ea2dd2d951f1bf22e3cf910e27c80a7ccd40069dbf1c914b25039c27d8a754,2026-08-15,reviewed
media-sanctuary-alexandria-serapeum-02,sanctuary-alexandria-serapeum,2,gallery,assets/media/sanctuary-alexandria-serapeum/02.webp,https://commons.wikimedia.org/wiki/File:Pompey%27s_Pillar_(Archaeological_site_in_Alexandria_2017)_%2C_photo_by_Hatem_moushir_10.jpg,https://upload.wikimedia.org/wikipedia/commons/9/9d/Pompey%27s_Pillar_%28Archaeological_site_in_Alexandria_2017%29_%2C_photo_by_Hatem_moushir_10.jpg?utm_source=commons.wikimedia.org&utm_campaign=imageinfo&utm_content=original,"Pompey's Pillar (Archaeological site in Alexandria 2017) , photo by Hatem moushir 10.jpg",Hatem Moushir,CC BY-SA 4.0,https://creativecommons.org/licenses/by-sa/4.0,Own work,Σεραπείο Αλεξάνδρειας · Αρχαιολογική άποψη,Serapeum of Alexandria · Archaeological view,Σεραπείο Αλεξάνδρειας: αρχαιολογική άποψη,Serapeum of Alexandria: archaeological view,1600,1060,7f448d31f70728bd271fd13e4d88e3a5d4ef4b20a233853eb033fdc3b80c947a,2026-08-15,reviewed
media-sanctuary-amyklaion-apollo-sanctuary-01,sanctuary-amyklaion-apollo-sanctuary,1,primary,assets/media/sanctuary-amyklaion-apollo-sanctuary/01.webp,https://commons.wikimedia.org/wiki/File:Sparta_-_king_Kleomenes_III_-_227-217_BC_-_silver_tetradrachm_-_head_of_Kleomenes_III_-_cult_statue_of_Apollon_of_Amyklai_-_M%C3%BCnchen_SMS.jpg,https://upload.wikimedia.org/wikipedia/commons/2/2e/Sparta_-_king_Kleomenes_III_-_227-217_BC_-_silver_tetradrachm_-_head_of_Kleomenes_III_-_cult_statue_of_Apollon_of_Amyklai_-_M%C3%BCnchen_SMS.jpg?utm_source=commons.wikimedia.org&utm_campaign=imageinfo&utm_content=original,Sparta - king Kleomenes III - 227-217 BC - silver tetradrachm - head of Kleomenes III - cult statue of Apollon of Amyklai - München SMS.jpg,ArchaiOptix,CC BY-SA 4.0,https://creativecommons.org/licenses/by-sa/4.0,Own work,Αμυκλαίο · Αρχαίο έργο ή εύρημα,Amyklaion Sanctuary of Apollo · Ancient artwork or object,Αμυκλαίο: αρχαίο έργο ή εύρημα,Amyklaion Sanctuary of Apollo: ancient artwork or object,1600,1600,1f0d231ca94c2af7f67cea871266e5fb199e42d59581d937cb0251e2745c7001,2026-08-15,reviewed
media-sanctuary-amyklaion-apollo-sanctuary-02,sanctuary-amyklaion-apollo-sanctuary,2,gallery,assets/media/sanctuary-amyklaion-apollo-sanctuary/02.webp,https://commons.wikimedia.org/wiki/File:Sparta_-_king_Kleomenes_III_-_226-222_BC_-_silver_tetradrachm_-_head_of_Kleomenes_III_-_cult_statue_of_Apollon_of_Amyklai_-_Berlin_MK_BM.jpg,https://upload.wikimedia.org/wikipedia/commons/e/e4/Sparta_-_king_Kleomenes_III_-_226-222_BC_-_silver_tetradrachm_-_head_of_Kleomenes_III_-_cult_statue_of_Apollon_of_Amyklai_-_Berlin_MK_BM.jpg?utm_source=commons.wikimedia.org&utm_campaign=imageinfo&utm_content=original,Sparta - king Kleomenes III - 226-222 BC - silver tetradrachm - head of Kleomenes III - cult statue of Apollon of Amyklai - Berlin MK BM.jpg,ArchaiOptix,CC BY-SA 4.0,https://creativecommons.org/licenses/by-sa/4.0,Own work,Αμυκλαίο · Αρχαίο έργο ή εύρημα,Amyklaion Sanctuary of Apollo · Ancient artwork or object,Αμυκλαίο: αρχαίο έργο ή εύρημα,Amyklaion Sanctuary of Apollo: ancient artwork or object,1449,1449,9d0c5c9ef3ce38df48d8eeaaf24c993f13f0f932da9c22057e5a30b4519f39da,2026-08-15,reviewed
media-sanctuary-aphrodisias-aphrodite-sanctuary-01,sanctuary-aphrodisias-aphrodite-sanctuary,1,primary,assets/media/sanctuary-aphrodisias-aphrodite-sanctuary/01.webp,https://commons.wikimedia.org/wiki/File:APHRODISIAS_Ancient_City_-_The_monumental_gateway_or_tetrapylon.jpg,https://upload.wikimedia.org/wikipedia/commons/c/c3/APHRODISIAS_Ancient_City_-_The_monumental_gateway_or_tetrapylon.jpg?utm_source=commons.wikimedia.org&utm_campaign=imageinfo&utm_content=original,APHRODISIAS Ancient City - The monumental gateway or tetrapylon.jpg,Feridun F. Alkaya,CC0 1.0,https://creativecommons.org/publicdomain/zero/1.0/deed.en,https://www.flickr.com/photos/feridun_f_alkaya/30883743874/,Ιερό της Αφροδίτης στην Αφροδισιάδα · Αρχαιολογική άποψη,Sanctuary of Aphrodite at Aphrodisias · Archaeological view,Ιερό της Αφροδίτης στην Αφροδισιάδα: αρχαιολογική άποψη,Sanctuary of Aphrodite at Aphrodisias: archaeological view,1600,1067,fb2f5f3ad43b37e1b58781abb01f7ac23b1269f51299bcc1e5cd249a94d97aa8,2026-08-15,reviewed
media-sanctuary-aphrodisias-aphrodite-sanctuary-02,sanctuary-aphrodisias-aphrodite-sanctuary,2,gallery,assets/media/sanctuary-aphrodisias-aphrodite-sanctuary/02.webp,https://commons.wikimedia.org/wiki/File:Aphrodisias_-_Temple_of_Aphrodite_01.jpg,https://upload.wikimedia.org/wikipedia/commons/1/16/Aphrodisias_-_Temple_of_Aphrodite_01.jpg?utm_source=commons.wikimedia.org&utm_campaign=imageinfo&utm_content=original,Aphrodisias - Temple of Aphrodite 01.jpg,Bernard Gagnon,CC BY-SA 3.0,https://creativecommons.org/licenses/by-sa/3.0,Own work,Ιερό της Αφροδίτης στην Αφροδισιάδα · Αρχαιολογική άποψη,Sanctuary of Aphrodite at Aphrodisias · Archaeological view,Ιερό της Αφροδίτης στην Αφροδισιάδα: αρχαιολογική άποψη,Sanctuary of Aphrodite at Aphrodisias: archaeological view,1600,1067,a3b0371a31ec8fd6dd045d25ebcb7e126e05b692f07c27884ef43e5312dfee2b,2026-08-15,reviewed
media-sanctuary-apollonia-pontica-apollo-ietros-sanctuary-01,sanctuary-apollonia-pontica-apollo-ietros-sanctuary,1,primary,assets/media/sanctuary-apollonia-pontica-apollo-ietros-sanctuary/01.webp,https://commons.wikimedia.org/wiki/File:Apollonia_Pontica_tetradrachm.jpg,https://upload.wikimedia.org/wikipedia/commons/1/12/Apollonia_Pontica_tetradrachm.jpg?utm_source=commons.wikimedia.org&utm_campaign=imageinfo&utm_content=original,Apollonia Pontica tetradrachm.jpg,"Classical Numismatic Group (CNG), Inc., www.cngcoins.com",CC BY-SA 3.0,https://creativecommons.org/licenses/by-sa/3.0/,"Classical Numismatic Group, Inc. http://www.cngcoins.com",Ιερό του Απόλλωνα Ιητρού στην Απολλωνία Ποντική · Αρχαίο έργο ή εύρημα,Sanctuary of Apollo Ietros at Apollonia Pontica · Ancient artwork or object,Ιερό του Απόλλωνα Ιητρού στην Απολλωνία Ποντική: αρχαίο έργο ή εύρημα,Sanctuary of Apollo Ietros at Apollonia Pontica: ancient artwork or object,1600,862,e458781e9687249d4c5b66838e2355dc7fefd68f4a21af43ca7ebeab7aea88b3,2026-08-15,reviewed
media-sanctuary-apollonia-pontica-apollo-ietros-sanctuary-02,sanctuary-apollonia-pontica-apollo-ietros-sanctuary,2,gallery,assets/media/sanctuary-apollonia-pontica-apollo-ietros-sanctuary/02.webp,https://commons.wikimedia.org/wiki/File:Drachme_d%27Apollonia_Pontica_repr%C3%A9sentant_la_M%C3%A9duse.jpg,https://upload.wikimedia.org/wikipedia/commons/0/01/Drachme_d%27Apollonia_Pontica_repr%C3%A9sentant_la_M%C3%A9duse.jpg?utm_source=commons.wikimedia.org&utm_campaign=imageinfo&utm_content=original,Drachme d'Apollonia Pontica représentant la Méduse.jpg,cgb,CC BY-SA 3.0,https://creativecommons.org/licenses/by-sa/3.0,"https://www.cgb.fr/thrace-apollonia-pontica-drachme,bgr_258501,a.html",Ιερό του Απόλλωνα Ιητρού στην Απολλωνία Ποντική · Αρχαιολογική άποψη,Sanctuary of Apollo Ietros at Apollonia Pontica · Archaeological view,Ιερό του Απόλλωνα Ιητρού στην Απολλωνία Ποντική: αρχαιολογική άποψη,Sanctuary of Apollo Ietros at Apollonia Pontica: archaeological view,1200,615,10d62b2aa2ce45093e1d108e298482764892bd9c6235bb3553afe6ff0721d75c,2026-08-15,reviewed
media-sanctuary-argive-heraion-01,sanctuary-argive-heraion,1,primary,assets/media/sanctuary-argive-heraion/01.webp,https://commons.wikimedia.org/wiki/File:Heraion_of_Argos%2C_Greece_(14004357385).jpg,https://upload.wikimedia.org/wikipedia/commons/2/27/Heraion_of_Argos%2C_Greece_%2814004357385%29.jpg?utm_source=commons.wikimedia.org&utm_campaign=imageinfo&utm_content=original,"Heraion of Argos, Greece (14004357385).jpg","Carole Raddato from FRANKFURT, Germany",CC BY-SA 2.0,https://creativecommons.org/licenses/by-sa/2.0,"Heraion of Argos, Greece",Αργείο Ηραίο · Αρχαιολογική άποψη,Argive Heraion · Archaeological view,Αργείο Ηραίο: αρχαιολογική άποψη,Argive Heraion: archaeological view,1600,1062,c6a7952f91ea2f7122e448d69a1a437d35ce13e9b28087e77f24583c51987da0,2026-08-15,reviewed
media-sanctuary-argive-heraion-02,sanctuary-argive-heraion,2,gallery,assets/media/sanctuary-argive-heraion/02.webp,https://commons.wikimedia.org/wiki/File:Heraion_of_Argos%2C_Reconstruction_on_a_1902_painting.jpg,https://upload.wikimedia.org/wikipedia/commons/f/f8/Heraion_of_Argos%2C_Reconstruction_on_a_1902_painting.jpg?utm_source=commons.wikimedia.org&utm_campaign=imageinfo&utm_content=original,"Heraion of Argos, Reconstruction on a 1902 painting.jpg",Edward Lippincott Tilton,Public domain,https://creativecommons.org/publicdomain/mark/1.0/,"Charles Waldstein, The Argive Heraeum (Boston 1902), vol. I, plate VI (digitized by the University of Heidelberg library)",Αργείο Ηραίο · Αρχαιολογική άποψη,Argive Heraion · Archaeological view,Αργείο Ηραίο: αρχαιολογική άποψη,Argive Heraion: archaeological view,1600,1008,e4faaec5001f6bfff64335ec96431266ecb411bc2c3b27faa5fd1fbb813922b9,2026-08-15,reviewed
media-sanctuary-athens-acropolis-sacred-center-01,sanctuary-athens-acropolis-sacred-center,1,primary,assets/media/sanctuary-athens-acropolis-sacred-center/01.webp,https://commons.wikimedia.org/wiki/File:Attica_06-13_Athens_50_View_from_Philopappos_-_Acropolis_Hill.jpg,https://upload.wikimedia.org/wikipedia/commons/c/c6/Attica_06-13_Athens_50_View_from_Philopappos_-_Acropolis_Hill.jpg?utm_source=commons.wikimedia.org&utm_campaign=imageinfo&utm_content=original,Attica 06-13 Athens 50 View from Philopappos - Acropolis Hill.jpg,A.Savin,CC BY-SA 3.0,https://creativecommons.org/licenses/by-sa/3.0,Own work,Ιερό κέντρο της Ακρόπολης Αθηνών · Αρχαιολογική άποψη,Sacred Center of the Athenian Acropolis · Archaeological view,Ιερό κέντρο της Ακρόπολης Αθηνών: αρχαιολογική άποψη,Sacred Center of the Athenian Acropolis: archaeological view,1600,1000,d8083cf61cd904590f26281e9480ed81f5822d85abb44f62517933f73dbd8dfb,2026-08-15,reviewed
media-sanctuary-athens-acropolis-sacred-center-02,sanctuary-athens-acropolis-sacred-center,2,gallery,assets/media/sanctuary-athens-acropolis-sacred-center/02.webp,https://commons.wikimedia.org/wiki/File:The_Parthenon_on_the_Acropolis_in_Athens%2C_Greece.jpg,https://upload.wikimedia.org/wikipedia/commons/e/ee/The_Parthenon_on_the_Acropolis_in_Athens%2C_Greece.jpg?utm_source=commons.wikimedia.org&utm_campaign=imageinfo&utm_content=original,"The Parthenon on the Acropolis in Athens, Greece.jpg",philip.mallis,CC BY-SA 2.0,https://creativecommons.org/licenses/by-sa/2.0,https://www.flickr.com/photos/122687277@N03/53245326114/,Ιερό κέντρο της Ακρόπολης Αθηνών · Αρχαιολογική άποψη,Sacred Center of the Athenian Acropolis · Archaeological view,Ιερό κέντρο της Ακρόπολης Αθηνών: αρχαιολογική άποψη,Sacred Center of the Athenian Acropolis: archaeological view,1600,900,24e18459cb97afa414870b124e66a271cd31fa1e3cefe0e1b579e1963e3f6ecd,2026-08-15,reviewed
media-sanctuary-bassae-apollo-epikourios-01,sanctuary-bassae-apollo-epikourios,1,primary,assets/media/sanctuary-bassae-apollo-epikourios/01.webp,https://commons.wikimedia.org/wiki/File:Temple_of_Apollo_Bassae_1982.jpg,https://upload.wikimedia.org/wikipedia/commons/6/65/Temple_of_Apollo_Bassae_1982.jpg?utm_source=commons.wikimedia.org&utm_campaign=imageinfo&utm_content=original,Temple of Apollo Bassae 1982.jpg,Mark Landon (photographed in 1982; digitized in 2021),CC0 1.0,https://creativecommons.org/publicdomain/zero/1.0/deed.en,Own work,Ναός Επικουρίου Απόλλωνα στις Βάσσες · Αρχαιολογική άποψη,Temple of Apollo Epikourios at Bassae · Archaeological view,Ναός Επικουρίου Απόλλωνα στις Βάσσες: αρχαιολογική άποψη,Temple of Apollo Epikourios at Bassae: archaeological view,1600,853,2ef6c20b21084713f2dbb4b57fee153296564f6affbf50e7369f604ea2df4919,2026-08-15,reviewed
media-sanctuary-bassae-apollo-epikourios-02,sanctuary-bassae-apollo-epikourios,2,gallery,assets/media/sanctuary-bassae-apollo-epikourios/02.webp,https://commons.wikimedia.org/wiki/File:The_Temple_of_Apollo_Epikourios_at_Bassae%2C_Arcadia%2C_Greece_(14087191857).jpg,https://upload.wikimedia.org/wikipedia/commons/f/f1/The_Temple_of_Apollo_Epikourios_at_Bassae%2C_Arcadia%2C_Greece_%2814087191857%29.jpg?utm_source=commons.wikimedia.org&utm_campaign=imageinfo&utm_content=original,"The Temple of Apollo Epikourios at Bassae, Arcadia, Greece (14087191857).jpg","Carole Raddato from FRANKFURT, Germany",CC BY-SA 2.0,https://creativecommons.org/licenses/by-sa/2.0,"The Temple of Apollo Epikourios at Bassae, Arcadia, Greece",Ναός Επικουρίου Απόλλωνα στις Βάσσες · Αρχαιολογική άποψη,Temple of Apollo Epikourios at Bassae · Archaeological view,Ναός Επικουρίου Απόλλωνα στις Βάσσες: αρχαιολογική άποψη,Temple of Apollo Epikourios at Bassae: archaeological view,1600,1060,f472d9ac8e9bdb5da92345b138d39d1b8a58c1588bfafb68584c1347abf56ee5,2026-08-15,reviewed
media-sanctuary-brauron-artemis-sanctuary-01,sanctuary-brauron-artemis-sanctuary,1,primary,assets/media/sanctuary-brauron-artemis-sanctuary/01.webp,https://commons.wikimedia.org/wiki/File:Temple_of_Artemis%2C_Ancient_Brauron_(8188163756).jpg,https://upload.wikimedia.org/wikipedia/commons/d/dd/Temple_of_Artemis%2C_Ancient_Brauron_%288188163756%29.jpg?utm_source=commons.wikimedia.org&utm_campaign=imageinfo&utm_content=original,"Temple of Artemis, Ancient Brauron (8188163756).jpg","Carole Raddato from FRANKFURT, Germany",CC BY-SA 2.0,https://creativecommons.org/licenses/by-sa/2.0,"Temple of Artemis, Ancient Brauron Uploaded by Marcus Cyron",Ιερό της Αρτέμιδος στη Βραυρώνα · Αρχαιολογική άποψη,Sanctuary of Artemis at Brauron · Archaeological view,Ιερό της Αρτέμιδος στη Βραυρώνα: αρχαιολογική άποψη,Sanctuary of Artemis at Brauron: archaeological view,1203,1600,3528d990a52dc2c6b28c2285e5ce2eab6aef00550e592f264c1f404790b57f65,2026-08-15,reviewed
media-sanctuary-brauron-artemis-sanctuary-02,sanctuary-brauron-artemis-sanctuary,2,gallery,assets/media/sanctuary-brauron-artemis-sanctuary/02.webp,https://commons.wikimedia.org/wiki/File:Marble_votive_relief_at_the_Archaeological_Museum_of_Brauron_on_8_June_2018.jpg,https://upload.wikimedia.org/wikipedia/commons/7/7b/Marble_votive_relief_at_the_Archaeological_Museum_of_Brauron_on_8_June_2018.jpg?utm_source=commons.wikimedia.org&utm_campaign=imageinfo&utm_content=original,Marble votive relief at the Archaeological Museum of Brauron on 8 June 2018.jpg,George E. Koronaios,CC BY-SA 4.0,https://creativecommons.org/licenses/by-sa/4.0,Own work,Ιερό της Αρτέμιδος στη Βραυρώνα · Αρχαίο έργο ή εύρημα,Sanctuary of Artemis at Brauron · Ancient artwork or object,Ιερό της Αρτέμιδος στη Βραυρώνα: αρχαίο έργο ή εύρημα,Sanctuary of Artemis at Brauron: ancient artwork or object,1600,1067,d8073e913c8811d4dab863adb5009488a57728f90a56616f6b8fb84b63dd7936,2026-08-15,reviewed
media-sanctuary-chersonesos-parthenos-sanctuary-01,sanctuary-chersonesos-parthenos-sanctuary,1,primary,assets/media/sanctuary-chersonesos-parthenos-sanctuary/01.webp,https://commons.wikimedia.org/wiki/File:%D0%98%D0%B7%D0%BE%D0%B1%D1%80%D0%B0%D0%B6%D0%B5%D0%BD%D0%B8%D0%B5_%D0%94%D0%B5%D0%B2%D1%8B_%D0%B2_%D0%A5%D0%B5%D1%80%D1%81%D0%BE%D0%BD%D0%B5%D1%81%D0%B5.jpg,https://upload.wikimedia.org/wikipedia/commons/e/eb/%D0%98%D0%B7%D0%BE%D0%B1%D1%80%D0%B0%D0%B6%D0%B5%D0%BD%D0%B8%D0%B5_%D0%94%D0%B5%D0%B2%D1%8B_%D0%B2_%D0%A5%D0%B5%D1%80%D1%81%D0%BE%D0%BD%D0%B5%D1%81%D0%B5.jpg?utm_source=commons.wikimedia.org&utm_campaign=imageinfo&utm_content=original,Изображение Девы в Херсонесе.jpg,Colonel Lobo,CC BY-SA 4.0,https://creativecommons.org/licenses/by-sa/4.0,Own work,Ιερό της Παρθένου στη Χερσόνησο · Αρχαιολογική άποψη,Sanctuary of Parthenos at Tauric Chersonesos · Archaeological view,Ιερό της Παρθένου στη Χερσόνησο: αρχαιολογική άποψη,Sanctuary of Parthenos at Tauric Chersonesos: archaeological view,1600,1200,8528fba9d8534313f0aca701f659655132e3214c75aa9c0be3e2e562979dcca7,2026-08-15,reviewed
media-sanctuary-chersonesos-parthenos-sanctuary-02,sanctuary-chersonesos-parthenos-sanctuary,2,gallery,assets/media/sanctuary-chersonesos-parthenos-sanctuary/02.webp,https://commons.wikimedia.org/wiki/File:Artemis_from_Chersonesus_(3).jpg,https://upload.wikimedia.org/wikipedia/commons/1/1b/Artemis_from_Chersonesus_%283%29.jpg?utm_source=commons.wikimedia.org&utm_campaign=imageinfo&utm_content=original,Artemis from Chersonesus (3).jpg,Venzz,CC BY 4.0,https://creativecommons.org/licenses/by/4.0,Own work,Ιερό της Παρθένου στη Χερσόνησο · Αρχαιολογική άποψη,Sanctuary of Parthenos at Tauric Chersonesos · Archaeological view,Ιερό της Παρθένου στη Χερσόνησο: αρχαιολογική άποψη,Sanctuary of Parthenos at Tauric Chersonesos: archaeological view,900,1600,b793b84785ecde73349f50dfef4331a96719e0848081ab96c7a3534692634460,2026-08-15,reviewed
media-sanctuary-claros-apollo-oracle-01,sanctuary-claros-apollo-oracle,1,primary,assets/media/sanctuary-claros-apollo-oracle/01.webp,https://commons.wikimedia.org/wiki/File:Klaros01.jpg,https://upload.wikimedia.org/wikipedia/commons/1/1b/Klaros01.jpg?utm_source=commons.wikimedia.org&utm_campaign=imageinfo&utm_content=original,Klaros01.jpg,User:Nikater,CC BY-SA 4.0,https://creativecommons.org/licenses/by-sa/4.0,Own work by Nikater.,Μαντείο του Απόλλωνα στην Κλάρο · Αρχαιολογική άποψη,Oracle of Apollo at Claros · Archaeological view,Μαντείο του Απόλλωνα στην Κλάρο: αρχαιολογική άποψη,Oracle of Apollo at Claros: archaeological view,1600,1067,83420f7925304ea8813688919d7f933b416d4cbe46d3f94954fc1bc3a12fe502,2026-08-15,reviewed
media-sanctuary-claros-apollo-oracle-02,sanctuary-claros-apollo-oracle,2,gallery,assets/media/sanctuary-claros-apollo-oracle/02.webp,https://commons.wikimedia.org/wiki/File:The_Katagogeion_(hostel)_containing_twenty_rooms%2C_including_kitchen_and_bath%2C_it_is_located_south_of_the_Sanctuary_of_Apollo%2C_Claros%2C_Ionia%2C_Turkey.jpg,https://upload.wikimedia.org/wikipedia/commons/a/ab/The_Katagogeion_%28hostel%29_containing_twenty_rooms%2C_including_kitchen_and_bath%2C_it_is_located_south_of_the_Sanctuary_of_Apollo%2C_Claros%2C_Ionia%2C_Turkey.jpg?utm_source=commons.wikimedia.org&utm_campaign=imageinfo&utm_content=original,"The Katagogeion (hostel) containing twenty rooms, including kitchen and bath, it is located south of the Sanctuary of Apollo, Claros, Ionia, Turkey.jpg",Carole Raddato,CC BY-SA 2.0,https://creativecommons.org/licenses/by-sa/2.0,https://www.flickr.com/photos/41523983@N08/53579169076/,Μαντείο του Απόλλωνα στην Κλάρο · Αρχαιολογική άποψη,Oracle of Apollo at Claros · Archaeological view,Μαντείο του Απόλλωνα στην Κλάρο: αρχαιολογική άποψη,Oracle of Apollo at Claros: archaeological view,1600,1068,a91ccffb95c71952d74fd4f55f8e1ea4de3e125112687ce14d596c72576841d7,2026-08-15,reviewed
media-sanctuary-crete-idaion-antron-01,sanctuary-crete-idaion-antron,1,primary,assets/media/sanctuary-crete-idaion-antron/01.webp,https://commons.wikimedia.org/wiki/File:Idaean_Cave_panorama.jpg,https://upload.wikimedia.org/wikipedia/commons/a/a1/Idaean_Cave_panorama.jpg?utm_source=commons.wikimedia.org&utm_campaign=imageinfo&utm_content=original,Idaean Cave panorama.jpg,Tomisti,CC BY-SA 4.0,https://creativecommons.org/licenses/by-sa/4.0,Own work,Ιδαίο Άντρο · Αρχαιολογική άποψη,Idaean Cave Sanctuary · Archaeological view,Ιδαίο Άντρο: αρχαιολογική άποψη,Idaean Cave Sanctuary: archaeological view,1600,739,8c1bdee9a212c25ee8a2a47fa4872a00ca1e1083dd8fab0f234ff3b5b61f7e04,2026-08-15,reviewed
media-sanctuary-crete-idaion-antron-02,sanctuary-crete-idaion-antron,2,gallery,assets/media/sanctuary-crete-idaion-antron/02.webp,https://commons.wikimedia.org/wiki/File:%CE%A4%CF%8D%CE%BC%CF%80%CE%B1%CE%BD%CE%BF_%CE%99%CE%B4%CE%B1%CE%AF%CE%BF%CF%85_%CE%86%CE%BD%CE%B4%CF%81%CE%BF%CF%85_9098_rt.jpg,https://upload.wikimedia.org/wikipedia/commons/5/57/%CE%A4%CF%8D%CE%BC%CF%80%CE%B1%CE%BD%CE%BF_%CE%99%CE%B4%CE%B1%CE%AF%CE%BF%CF%85_%CE%86%CE%BD%CE%B4%CF%81%CE%BF%CF%85_9098_rt.jpg?utm_source=commons.wikimedia.org&utm_campaign=imageinfo&utm_content=original,Τύμπανο Ιδαίου Άνδρου 9098 rt.jpg,C messier,CC BY-SA 4.0,https://creativecommons.org/licenses/by-sa/4.0,Own work,Ιδαίο Άντρο · Αρχαιολογική άποψη,Idaean Cave Sanctuary · Archaeological view,Ιδαίο Άντρο: αρχαιολογική άποψη,Idaean Cave Sanctuary: archaeological view,1600,1480,3b91a49c7db40ace4c7a6b24fcbc4203073b68a2a156bb961aa6995e7e0641d5,2026-08-15,reviewed
media-sanctuary-crete-iuktas-peak-sanctuary-01,sanctuary-crete-iuktas-peak-sanctuary,1,primary,assets/media/sanctuary-crete-iuktas-peak-sanctuary/01.webp,https://commons.wikimedia.org/wiki/File:%CE%A8%CE%B7%CE%BB%CE%AE_%CE%9A%CE%BF%CF%81%CF%86%CE%AE_%CE%93%CE%B9%CE%BF%CF%8D%CF%87%CF%84%CE%B1_329.JPG,https://upload.wikimedia.org/wikipedia/commons/f/f9/%CE%A8%CE%B7%CE%BB%CE%AE_%CE%9A%CE%BF%CF%81%CF%86%CE%AE_%CE%93%CE%B9%CE%BF%CF%8D%CF%87%CF%84%CE%B1_329.JPG?utm_source=commons.wikimedia.org&utm_campaign=imageinfo&utm_content=original,Ψηλή Κορφή Γιούχτα 329.JPG,C messier,CC BY-SA 4.0,https://creativecommons.org/licenses/by-sa/4.0,Own work,Ιερό κορυφής Γιούχτα · Αρχαιολογική άποψη,Iuktas Peak Sanctuary · Archaeological view,Ιερό κορυφής Γιούχτα: αρχαιολογική άποψη,Iuktas Peak Sanctuary: archaeological view,1600,1192,330605a13986057af821c16a46c2709ef6121365f9a7e608e560095692d7fbad,2026-08-15,reviewed
media-sanctuary-crete-iuktas-peak-sanctuary-02,sanctuary-crete-iuktas-peak-sanctuary,2,gallery,assets/media/sanctuary-crete-iuktas-peak-sanctuary/02.webp,https://commons.wikimedia.org/wiki/File:Juktas_6.JPG,https://upload.wikimedia.org/wikipedia/commons/f/f5/Juktas_6.JPG?utm_source=commons.wikimedia.org&utm_campaign=imageinfo&utm_content=original,Juktas 6.JPG,Schuppi,CC BY-SA 3.0,https://creativecommons.org/licenses/by-sa/3.0,Own work,Ιερό κορυφής Γιούχτα · Αρχαιολογική άποψη,Iuktas Peak Sanctuary · Archaeological view,Ιερό κορυφής Γιούχτα: αρχαιολογική άποψη,Iuktas Peak Sanctuary: archaeological view,800,941,86f1df8a6090835f1577e8d4aa2aabd79990f9aff57bfd45e269b5f2070d0703,2026-08-15,reviewed
media-sanctuary-croton-hera-lacinia-sanctuary-01,sanctuary-croton-hera-lacinia-sanctuary,1,primary,assets/media/sanctuary-croton-hera-lacinia-sanctuary/01.webp,https://commons.wikimedia.org/wiki/File:Crotone%2C_parco_archeologico_di_capo_colonna%2C_tempio_di_hera_lacinia%2C_01.jpg,https://upload.wikimedia.org/wikipedia/commons/b/b5/Crotone%2C_parco_archeologico_di_capo_colonna%2C_tempio_di_hera_lacinia%2C_01.jpg?utm_source=commons.wikimedia.org&utm_campaign=imageinfo&utm_content=original,"Crotone, parco archeologico di capo colonna, tempio di hera lacinia, 01.jpg",Sailko,CC BY-SA 4.0,https://creativecommons.org/licenses/by-sa/4.0,Own work,Ιερό της Ήρας Λακινίας · Αρχαιολογική άποψη,Sanctuary of Hera Lacinia · Archaeological view,Ιερό της Ήρας Λακινίας: αρχαιολογική άποψη,Sanctuary of Hera Lacinia: archaeological view,1600,1100,9be967f51cd06827c65fa6b0c6574438c0c40abdaa5be4da880d668afa5b71d7,2026-08-15,reviewed
media-sanctuary-croton-hera-lacinia-sanctuary-02,sanctuary-croton-hera-lacinia-sanctuary,2,gallery,assets/media/sanctuary-croton-hera-lacinia-sanctuary/02.webp,https://commons.wikimedia.org/wiki/File:Crotone%2C_parco_archeologico_di_capo_colonna%2C_tempio_di_hera_lacinia%2C_02_colonna_dorica.jpg,https://upload.wikimedia.org/wikipedia/commons/8/8f/Crotone%2C_parco_archeologico_di_capo_colonna%2C_tempio_di_hera_lacinia%2C_02_colonna_dorica.jpg?utm_source=commons.wikimedia.org&utm_campaign=imageinfo&utm_content=original,"Crotone, parco archeologico di capo colonna, tempio di hera lacinia, 02 colonna dorica.jpg",Sailko,CC BY-SA 4.0,https://creativecommons.org/licenses/by-sa/4.0,Own work,Ιερό της Ήρας Λακινίας · Αρχαιολογική άποψη,Sanctuary of Hera Lacinia · Archaeological view,Ιερό της Ήρας Λακινίας: αρχαιολογική άποψη,Sanctuary of Hera Lacinia: archaeological view,1036,1600,7182311e8319f00848b19752d0d0823128647a92151864f53e82b6bd93e1fa3a,2026-08-15,reviewed
media-sanctuary-cyrene-apollo-sanctuary-01,sanctuary-cyrene-apollo-sanctuary,1,primary,assets/media/sanctuary-cyrene-apollo-sanctuary/01.webp,https://commons.wikimedia.org/wiki/File:Cyrene_Apollo_temple.jpg,https://upload.wikimedia.org/wikipedia/commons/6/69/Cyrene_Apollo_temple.jpg?utm_source=commons.wikimedia.org&utm_campaign=imageinfo&utm_content=original,Cyrene Apollo temple.jpg,"Koperczak (talk) 01:32, 29 March 2009 (UTC)",Public domain,https://creativecommons.org/publicdomain/mark/1.0/,Self-photographed,Ιερό του Απόλλωνα στην Κυρήνη · Αρχαιολογική άποψη,Sanctuary of Apollo at Cyrene · Archaeological view,Ιερό του Απόλλωνα στην Κυρήνη: αρχαιολογική άποψη,Sanctuary of Apollo at Cyrene: archaeological view,1600,1027,734067a0fb73ba9b974dbe90d6a004991663566793466374f01f481497dc9280,2026-08-15,reviewed
media-sanctuary-cyrene-apollo-sanctuary-02,sanctuary-cyrene-apollo-sanctuary,2,gallery,assets/media/sanctuary-cyrene-apollo-sanctuary/02.webp,https://commons.wikimedia.org/wiki/File:(Temple_of_Apollo%2C_Cyrene%2C_Libya).jpg,https://upload.wikimedia.org/wikipedia/commons/e/e6/%28Temple_of_Apollo%2C_Cyrene%2C_Libya%29.jpg?utm_source=commons.wikimedia.org&utm_campaign=imageinfo&utm_content=original,"(Temple of Apollo, Cyrene, Libya).jpg",Saleh Tarab,CC BY-SA 4.0,https://creativecommons.org/licenses/by-sa/4.0,Own work,Ιερό του Απόλλωνα στην Κυρήνη · Αρχαιολογική άποψη,Sanctuary of Apollo at Cyrene · Archaeological view,Ιερό του Απόλλωνα στην Κυρήνη: αρχαιολογική άποψη,Sanctuary of Apollo at Cyrene: archaeological view,1600,1067,9197e36459b4e9c5c5ffd1730f2f132f63e900721ed46914505a36a006d33feb,2026-08-15,reviewed
media-sanctuary-cyrene-zeus-sanctuary-01,sanctuary-cyrene-zeus-sanctuary,1,primary,assets/media/sanctuary-cyrene-zeus-sanctuary/01.webp,https://commons.wikimedia.org/wiki/File:Temple_of_Zeus_in_Cyrene.jpg,https://upload.wikimedia.org/wikipedia/commons/c/c0/Temple_of_Zeus_in_Cyrene.jpg?utm_source=commons.wikimedia.org&utm_campaign=imageinfo&utm_content=original,Temple of Zeus in Cyrene.jpg,Sami Belsous,CC BY-SA 4.0,https://creativecommons.org/licenses/by-sa/4.0,Own work,Ιερό του Διός στην Κυρήνη · Αρχαιολογική άποψη,Temple of Zeus at Cyrene · Archaeological view,Ιερό του Διός στην Κυρήνη: αρχαιολογική άποψη,Temple of Zeus at Cyrene: archaeological view,1600,900,33a26240991c0e46d49ce1f693ec02ba7bd7ff54699927d2f9732ad6e433ba2f,2026-08-15,reviewed
media-sanctuary-cyrene-zeus-sanctuary-02,sanctuary-cyrene-zeus-sanctuary,2,gallery,assets/media/sanctuary-cyrene-zeus-sanctuary/02.webp,https://commons.wikimedia.org/wiki/File:Temple_of_Zeus_%D9%80_Cyrene.jpg,https://upload.wikimedia.org/wikipedia/commons/e/e8/Temple_of_Zeus_%D9%80_Cyrene.jpg?utm_source=commons.wikimedia.org&utm_campaign=imageinfo&utm_content=original,Temple of Zeus ـ Cyrene.jpg,عدسة قوريني,CC BY-SA 4.0,https://creativecommons.org/licenses/by-sa/4.0,Own work,Ιερό του Διός στην Κυρήνη · Αρχαιολογική άποψη,Temple of Zeus at Cyrene · Archaeological view,Ιερό του Διός στην Κυρήνη: αρχαιολογική άποψη,Temple of Zeus at Cyrene: archaeological view,1600,1067,8cd98192a0dd793c43f161eadfe8c1a7dadb7c709133d2a5aa1a5495b021953b,2026-08-15,reviewed
media-sanctuary-delos-apollo-sanctuary-01,sanctuary-delos-apollo-sanctuary,1,primary,assets/media/sanctuary-delos-apollo-sanctuary/01.webp,https://commons.wikimedia.org/wiki/File:The_Temple_of_Apollo_(II)_(5183086050).jpg,https://upload.wikimedia.org/wikipedia/commons/7/7f/The_Temple_of_Apollo_%28II%29_%285183086050%29.jpg?utm_source=commons.wikimedia.org&utm_campaign=imageinfo&utm_content=original,The Temple of Apollo (II) (5183086050).jpg,"Institute for the Study of the Ancient World from New York, United States of America",CC BY 2.0,https://creativecommons.org/licenses/by/2.0,The Temple of Apollo (II),Ιερό του Απόλλωνα στη Δήλο · Αρχαιολογική άποψη,Sanctuary of Apollo on Delos · Archaeological view,Ιερό του Απόλλωνα στη Δήλο: αρχαιολογική άποψη,Sanctuary of Apollo on Delos: archaeological view,1600,1200,978dbbc6146497482ba57da07b810586f73412d64da8c6f2bc2ea88f6d4e42c9,2026-08-15,reviewed
media-sanctuary-delos-apollo-sanctuary-02,sanctuary-delos-apollo-sanctuary,2,gallery,assets/media/sanctuary-delos-apollo-sanctuary/02.webp,https://commons.wikimedia.org/wiki/File:Portrait_head_of_a_ruler_probably_depicting_Alexander_the_Great_or_Mithridates%2C_125-100_BC%2C_found_in_the_Sanctuary_of_Apollo_on_Delos%2C_National_Archaeological_Museum_of_Athens_(14095739711).jpg,https://upload.wikimedia.org/wikipedia/commons/1/10/Portrait_head_of_a_ruler_probably_depicting_Alexander_the_Great_or_Mithridates%2C_125-100_BC%2C_found_in_the_Sanctuary_of_Apollo_on_Delos%2C_National_Archaeological_Museum_of_Athens_%2814095739711%29.jpg?utm_source=commons.wikimedia.org&utm_campaign=imageinfo&utm_content=original,"Portrait head of a ruler probably depicting Alexander the Great or Mithridates, 125-100 BC, found in the Sanctuary of Apollo on Delos, National Archaeological Museum of Athens (14095739711).jpg","Carole Raddato from FRANKFURT, Germany",CC BY-SA 2.0,https://creativecommons.org/licenses/by-sa/2.0,"Portrait head of a ruler probably depicting Alexander the Great or Mithridates, 125-100 BC, found in the Sanctuary of Apollo on Delos, National Archaeological Museum of Athens",Ιερό του Απόλλωνα στη Δήλο · Αρχαιολογική άποψη,Sanctuary of Apollo on Delos · Archaeological view,Ιερό του Απόλλωνα στη Δήλο: αρχαιολογική άποψη,Sanctuary of Apollo on Delos: archaeological view,1063,1600,8da26ea4fc5904354cdf81b889a8bbb0ba79e45054849d73cd87a9ef1b1ca598,2026-08-15,reviewed
media-sanctuary-delphi-apollo-sanctuary-01,sanctuary-delphi-apollo-sanctuary,1,primary,assets/media/sanctuary-delphi-apollo-sanctuary/01.webp,https://commons.wikimedia.org/wiki/File:View_of_the_Sanctuary_of_Apollo_in_Delphi_on_October_4%2C_2020.jpg,https://upload.wikimedia.org/wikipedia/commons/a/ab/View_of_the_Sanctuary_of_Apollo_in_Delphi_on_October_4%2C_2020.jpg?utm_source=commons.wikimedia.org&utm_campaign=imageinfo&utm_content=original,"View of the Sanctuary of Apollo in Delphi on October 4, 2020.jpg",George E. Koronaios,CC BY-SA 4.0,https://creativecommons.org/licenses/by-sa/4.0,Own work,Ιερό του Απόλλωνα στους Δελφούς · Αρχαιολογική άποψη,Sanctuary of Apollo at Delphi · Archaeological view,Ιερό του Απόλλωνα στους Δελφούς: αρχαιολογική άποψη,Sanctuary of Apollo at Delphi: archaeological view,1600,1067,0da87acc9221f7613a29578d0dd308f9445728988174b12a73443feb91f8c9b2,2026-08-15,reviewed
media-sanctuary-delphi-apollo-sanctuary-02,sanctuary-delphi-apollo-sanctuary,2,gallery,assets/media/sanctuary-delphi-apollo-sanctuary/02.webp,https://commons.wikimedia.org/wiki/File:Ruins_at_the_Sanctuary_of_Apollo_in_Delphi_on_October_4%2C_2020.jpg,https://upload.wikimedia.org/wikipedia/commons/7/70/Ruins_at_the_Sanctuary_of_Apollo_in_Delphi_on_October_4%2C_2020.jpg?utm_source=commons.wikimedia.org&utm_campaign=imageinfo&utm_content=original,"Ruins at the Sanctuary of Apollo in Delphi on October 4, 2020.jpg",George E. Koronaios,CC BY-SA 4.0,https://creativecommons.org/licenses/by-sa/4.0,Own work,Ιερό του Απόλλωνα στους Δελφούς · Αρχαιολογική άποψη,Sanctuary of Apollo at Delphi · Archaeological view,Ιερό του Απόλλωνα στους Δελφούς: αρχαιολογική άποψη,Sanctuary of Apollo at Delphi: archaeological view,1600,1067,a96bb05570d578204f3ac999f32dc463663ea8ad399305c800baacb0eadbb35d,2026-08-15,reviewed
media-sanctuary-delphi-athena-pronaia-sanctuary-01,sanctuary-delphi-athena-pronaia-sanctuary,1,primary,assets/media/sanctuary-delphi-athena-pronaia-sanctuary/01.webp,https://commons.wikimedia.org/wiki/File:Tholos_Athena_Pronaia.JPG,https://upload.wikimedia.org/wikipedia/commons/e/e3/Tholos_Athena_Pronaia.JPG?utm_source=commons.wikimedia.org&utm_campaign=imageinfo&utm_content=original,Tholos Athena Pronaia.JPG,Mr.checker,CC BY-SA 3.0,https://creativecommons.org/licenses/by-sa/3.0/,Own work,Ιερό της Αθηνάς Προναίας στους Δελφούς · Αρχαιολογική άποψη,Sanctuary of Athena Pronaia at Delphi · Archaeological view,Ιερό της Αθηνάς Προναίας στους Δελφούς: αρχαιολογική άποψη,Sanctuary of Athena Pronaia at Delphi: archaeological view,1600,1200,a7d1510580d4b1eb043dac086ae565ea4e83237d10798d45f997622376ab3140,2026-08-15,reviewed
media-sanctuary-delphi-athena-pronaia-sanctuary-02,sanctuary-delphi-athena-pronaia-sanctuary,2,gallery,assets/media/sanctuary-delphi-athena-pronaia-sanctuary/02.webp,https://commons.wikimedia.org/wiki/File:Temple_of_the_Athena_Pronaia_in_Delphi%2C_380_BC%2C_060096.jpg,https://upload.wikimedia.org/wikipedia/commons/c/c1/Temple_of_the_Athena_Pronaia_in_Delphi%2C_380_BC%2C_060096.jpg?utm_source=commons.wikimedia.org&utm_campaign=imageinfo&utm_content=original,"Temple of the Athena Pronaia in Delphi, 380 BC, 060096.jpg",Zde,CC BY-SA 4.0,https://creativecommons.org/licenses/by-sa/4.0,Own work,Ιερό της Αθηνάς Προναίας στους Δελφούς · Αρχαιολογική άποψη,Sanctuary of Athena Pronaia at Delphi · Archaeological view,Ιερό της Αθηνάς Προναίας στους Δελφούς: αρχαιολογική άποψη,Sanctuary of Athena Pronaia at Delphi: archaeological view,1600,1067,8453d50516cf8512fa17a76ea654b95f0010525a0c8013437a77611b75a5469b,2026-08-15,reviewed
media-sanctuary-despotiko-apollo-sanctuary-01,sanctuary-despotiko-apollo-sanctuary,1,primary,assets/media/sanctuary-despotiko-apollo-sanctuary/01.webp,https://commons.wikimedia.org/wiki/File:%CE%9F_%CE%9D%CE%B1%CF%8C%CF%82_%CF%84%CE%BF%CF%85_%CE%91%CF%80%CF%8C%CE%BB%CE%BB%CF%89%CE%BD%CE%B1%2C_%CE%94%CE%B5%CF%83%CF%80%CE%BF%CF%84%CE%B9%CE%BA%CF%8C.jpg,https://upload.wikimedia.org/wikipedia/commons/4/4e/%CE%9F_%CE%9D%CE%B1%CF%8C%CF%82_%CF%84%CE%BF%CF%85_%CE%91%CF%80%CF%8C%CE%BB%CE%BB%CF%89%CE%BD%CE%B1%2C_%CE%94%CE%B5%CF%83%CF%80%CE%BF%CF%84%CE%B9%CE%BA%CF%8C.jpg?utm_source=commons.wikimedia.org&utm_campaign=imageinfo&utm_content=original,"Ο Ναός του Απόλλωνα, Δεσποτικό.jpg",Christophe.anagno,CC BY-SA 4.0,https://creativecommons.org/licenses/by-sa/4.0,Own work,Ιερό του Απόλλωνα στο Δεσποτικό · Αρχαιολογική άποψη,Sanctuary of Apollo at Despotiko · Archaeological view,Ιερό του Απόλλωνα στο Δεσποτικό: αρχαιολογική άποψη,Sanctuary of Apollo at Despotiko: archaeological view,1600,1065,3e86b9c565acd03b83ad236abb8ad745f6b0d7179da7e3180db0544a0ff5526b,2026-08-15,reviewed
media-sanctuary-despotiko-apollo-sanctuary-02,sanctuary-despotiko-apollo-sanctuary,2,gallery,assets/media/sanctuary-despotiko-apollo-sanctuary/02.webp,https://commons.wikimedia.org/wiki/File:Inscriptio_(graffito)%2C_shard_of_vase%2C_AM_Paros%2C_143996.jpg,https://upload.wikimedia.org/wikipedia/commons/d/d1/Inscriptio_%28graffito%29%2C_shard_of_vase%2C_AM_Paros%2C_143996.jpg?utm_source=commons.wikimedia.org&utm_campaign=imageinfo&utm_content=original,"Inscriptio (graffito), shard of vase, AM Paros, 143996.jpg",Zde,CC BY-SA 4.0,https://creativecommons.org/licenses/by-sa/4.0,Own work,Ιερό του Απόλλωνα στο Δεσποτικό · Αρχαίο έργο ή εύρημα,Sanctuary of Apollo at Despotiko · Ancient artwork or object,Ιερό του Απόλλωνα στο Δεσποτικό: αρχαίο έργο ή εύρημα,Sanctuary of Apollo at Despotiko: ancient artwork or object,1600,1067,a9ed0f9ca984effddf6d05071e15b401fb5a27c1557e3d2327808787c8db696e,2026-08-15,reviewed
media-sanctuary-didyma-apollo-oracle-01,sanctuary-didyma-apollo-oracle,1,primary,assets/media/sanctuary-didyma-apollo-oracle/01.webp,https://commons.wikimedia.org/wiki/File:Steps_to_Chresmographeion_(oracle_hall)_from_interior_of_cella%2C_Apollo_Temple%2C_Didyma_-_5659010511.jpg,https://upload.wikimedia.org/wikipedia/commons/2/28/Steps_to_Chresmographeion_%28oracle_hall%29_from_interior_of_cella%2C_Apollo_Temple%2C_Didyma_-_5659010511.jpg?utm_source=commons.wikimedia.org&utm_campaign=imageinfo&utm_content=original,"Steps to Chresmographeion (oracle hall) from interior of cella, Apollo Temple, Didyma - 5659010511.jpg",Carole Raddato,CC BY-SA 2.0,https://creativecommons.org/licenses/by-sa/2.0,https://www.flickr.com/photos/41523983@N08/5659010511/,Μαντείο του Απόλλωνα στα Δίδυμα · Αρχαιολογική άποψη,Oracle of Apollo at Didyma · Archaeological view,Μαντείο του Απόλλωνα στα Δίδυμα: αρχαιολογική άποψη,Oracle of Apollo at Didyma: archaeological view,1600,1200,8c9bd283e576229e6107319b12c09707a5d2349c69629e227b267cc7e4c2fd3a,2026-08-15,reviewed
media-sanctuary-didyma-apollo-oracle-02,sanctuary-didyma-apollo-oracle,2,gallery,assets/media/sanctuary-didyma-apollo-oracle/02.webp,https://commons.wikimedia.org/wiki/File:The_Cresmographeion_(the_oracle_hall)%2C_Apollo_Temple%2C_Didyma.jpg,https://upload.wikimedia.org/wikipedia/commons/d/d1/The_Cresmographeion_%28the_oracle_hall%29%2C_Apollo_Temple%2C_Didyma.jpg?utm_source=commons.wikimedia.org&utm_campaign=imageinfo&utm_content=original,"The Cresmographeion (the oracle hall), Apollo Temple, Didyma.jpg",Carole Raddato,CC BY-SA 2.0,https://creativecommons.org/licenses/by-sa/2.0,https://www.flickr.com/photos/41523983@N08/5659013177/,Μαντείο του Απόλλωνα στα Δίδυμα · Αρχαιολογική άποψη,Oracle of Apollo at Didyma · Archaeological view,Μαντείο του Απόλλωνα στα Δίδυμα: αρχαιολογική άποψη,Oracle of Apollo at Didyma: archaeological view,1600,1200,89b93d71ff9293aecd361eca6f1f93077853a13ffd7e37f96bf8b877bcb20b84,2026-08-15,reviewed
media-sanctuary-dodona-zeus-oracle-01,sanctuary-dodona-zeus-oracle,1,primary,assets/media/sanctuary-dodona-zeus-oracle/01.webp,https://commons.wikimedia.org/wiki/File:GR-dodona-theater.jpg,https://upload.wikimedia.org/wikipedia/commons/2/2c/GR-dodona-theater.jpg?utm_source=commons.wikimedia.org&utm_campaign=imageinfo&utm_content=original,GR-dodona-theater.jpg,Bgabel,CC BY-SA 3.0,https://creativecommons.org/licenses/by-sa/3.0,User: Bgabel at wikivoyage shared,Μαντείο του Δία στη Δωδώνη · Αρχαιολογική άποψη,Oracle of Zeus at Dodona · Archaeological view,Μαντείο του Δία στη Δωδώνη: αρχαιολογική άποψη,Oracle of Zeus at Dodona: archaeological view,1215,807,55cd974783d20b41d4ab0e86a0387f5a9dbdbdb405231f7dd295171375ebb46c,2026-08-15,reviewed
media-sanctuary-dodona-zeus-oracle-02,sanctuary-dodona-zeus-oracle,2,gallery,assets/media/sanctuary-dodona-zeus-oracle/02.webp,https://commons.wikimedia.org/wiki/File:Dodona%2C_Zeus_Temple_with_(replacement)_Oracle_Oak.JPG,https://upload.wikimedia.org/wikipedia/commons/c/ce/Dodona%2C_Zeus_Temple_with_%28replacement%29_Oracle_Oak.JPG?utm_source=commons.wikimedia.org&utm_campaign=imageinfo&utm_content=original,"Dodona, Zeus Temple with (replacement) Oracle Oak.JPG",Cosal,CC BY-SA 4.0,https://creativecommons.org/licenses/by-sa/4.0,Own work,Μαντείο του Δία στη Δωδώνη · Αρχαιολογική άποψη,Oracle of Zeus at Dodona · Archaeological view,Μαντείο του Δία στη Δωδώνη: αρχαιολογική άποψη,Oracle of Zeus at Dodona: archaeological view,1600,1200,71010158590f9ba5c9c868a71d92813f060fad04cadb22d6a0a8ee0c7264a099,2026-08-15,reviewed
media-sanctuary-eleusis-demeter-sanctuary-01,sanctuary-eleusis-demeter-sanctuary,1,primary,assets/media/sanctuary-eleusis-demeter-sanctuary/01.webp,https://commons.wikimedia.org/wiki/File:The_Lucurgan_enclosure_of_the_Sanctuary_of_Demeter_at_Eleusis_on_April_2%2C_2019.jpg,https://upload.wikimedia.org/wikipedia/commons/a/aa/The_Lucurgan_enclosure_of_the_Sanctuary_of_Demeter_at_Eleusis_on_April_2%2C_2019.jpg?utm_source=commons.wikimedia.org&utm_campaign=imageinfo&utm_content=original,"The Lucurgan enclosure of the Sanctuary of Demeter at Eleusis on April 2, 2019.jpg",George E. Koronaios,CC0 1.0,https://creativecommons.org/publicdomain/zero/1.0/deed.en,Own work,Ιερό της Δήμητρας στην Ελευσίνα · Αρχαιολογική άποψη,Sanctuary of Demeter at Eleusis · Archaeological view,Ιερό της Δήμητρας στην Ελευσίνα: αρχαιολογική άποψη,Sanctuary of Demeter at Eleusis: archaeological view,1600,1067,89bea7219776810580e589da4bc1735e2541ddb464cb2c08b134368d24cdd545,2026-08-15,reviewed
media-sanctuary-eleusis-demeter-sanctuary-02,sanctuary-eleusis-demeter-sanctuary,2,gallery,assets/media/sanctuary-eleusis-demeter-sanctuary/02.webp,https://commons.wikimedia.org/wiki/File:Eleusis_temple_o_Demeter_from_the_-_DPLA_-_1425f249d6bf79dff09959f75f63e233_(page_1).jpg,https://upload.wikimedia.org/wikipedia/commons/9/98/Eleusis_temple_o_Demeter_from_the_-_DPLA_-_1425f249d6bf79dff09959f75f63e233_%28page_1%29.jpg?utm_source=commons.wikimedia.org&utm_campaign=imageinfo&utm_content=original,Eleusis temple o Demeter from the - DPLA - 1425f249d6bf79dff09959f75f63e233 (page 1).jpg,"Catsimpoolas, Nicholas",Public domain,https://creativecommons.org/publicdomain/mark/1.0/,"This file was contributed to Wikimedia Commons by Boston Public Library as part of a cooperation project. The donation was facilitated by the Digital Public Library of America, via its partner Digital Commonwealth. Record in source catalog DPLA identifier: 1425f249d6bf79dff09959f75f63e233 Boston Public Library identifier: Local other: 21_03_003808",Ιερό της Δήμητρας στην Ελευσίνα · Αρχαιολογική άποψη,Sanctuary of Demeter at Eleusis · Archaeological view,Ιερό της Δήμητρας στην Ελευσίνα: αρχαιολογική άποψη,Sanctuary of Demeter at Eleusis: archaeological view,1600,1069,c53474f6b5e0b66ab7f276be838c440ecaab9af674abe2cb986e56c31b6538ff,2026-08-15,reviewed
media-sanctuary-ephesus-artemis-sanctuary-01,sanctuary-ephesus-artemis-sanctuary,1,primary,assets/media/sanctuary-ephesus-artemis-sanctuary/01.webp,https://commons.wikimedia.org/wiki/File:Ruins_of_the_Temple_of_Artemis_at_Ephesus%2C_Selcuk%2C_Turkiye_(53520188907).jpg,https://upload.wikimedia.org/wikipedia/commons/0/0e/Ruins_of_the_Temple_of_Artemis_at_Ephesus%2C_Selcuk%2C_Turkiye_%2853520188907%29.jpg?utm_source=commons.wikimedia.org&utm_campaign=imageinfo&utm_content=original,"Ruins of the Temple of Artemis at Ephesus, Selcuk, Turkiye (53520188907).jpg","Warren LeMay from Chicago, IL, United States",CC BY-SA 2.0,https://creativecommons.org/licenses/by-sa/2.0,"Ruins of the Temple of Artemis at Ephesus, Selcuk, Turkiye",Αρτεμίσιο Εφέσου · Αρχαιολογική άποψη,Artemision of Ephesus · Archaeological view,Αρτεμίσιο Εφέσου: αρχαιολογική άποψη,Artemision of Ephesus: archaeological view,1600,1200,d35b633970b5970725d9fc55338a95a9931ed6d429d788059a7229f289fe3bc9,2026-08-15,reviewed
media-sanctuary-ephesus-artemis-sanctuary-02,sanctuary-ephesus-artemis-sanctuary,2,gallery,assets/media/sanctuary-ephesus-artemis-sanctuary/02.webp,https://commons.wikimedia.org/wiki/File:Ruins_of_the_Temple_of_Artemis_at_Ephesus%2C_Selcuk%2C_Turkiye_(53520190607).jpg,https://upload.wikimedia.org/wikipedia/commons/f/f3/Ruins_of_the_Temple_of_Artemis_at_Ephesus%2C_Selcuk%2C_Turkiye_%2853520190607%29.jpg?utm_source=commons.wikimedia.org&utm_campaign=imageinfo&utm_content=original,"Ruins of the Temple of Artemis at Ephesus, Selcuk, Turkiye (53520190607).jpg","Warren LeMay from Chicago, IL, United States",CC BY-SA 2.0,https://creativecommons.org/licenses/by-sa/2.0,"Ruins of the Temple of Artemis at Ephesus, Selcuk, Turkiye",Αρτεμίσιο Εφέσου · Αρχαιολογική άποψη,Artemision of Ephesus · Archaeological view,Αρτεμίσιο Εφέσου: αρχαιολογική άποψη,Artemision of Ephesus: archaeological view,1600,1200,51d261bbe7ee6a309960e2392d117353c8ba44a2feecf759caa52e6c8dad1e2e,2026-08-15,reviewed
media-sanctuary-epidauros-asklepios-sanctuary-01,sanctuary-epidauros-asklepios-sanctuary,1,primary,assets/media/sanctuary-epidauros-asklepios-sanctuary/01.webp,https://commons.wikimedia.org/wiki/File:The_Tholos_at_the_Sanctuary_of_Asclepius_in_Epidaurus_on_23_May_2019.jpg,https://upload.wikimedia.org/wikipedia/commons/6/69/The_Tholos_at_the_Sanctuary_of_Asclepius_in_Epidaurus_on_23_May_2019.jpg?utm_source=commons.wikimedia.org&utm_campaign=imageinfo&utm_content=original,The Tholos at the Sanctuary of Asclepius in Epidaurus on 23 May 2019.jpg,George E. Koronaios,CC0 1.0,https://creativecommons.org/publicdomain/zero/1.0/deed.en,Own work,Ασκληπιείο Επιδαύρου · Αρχαιολογική άποψη,Sanctuary of Asklepios at Epidauros · Archaeological view,Ασκληπιείο Επιδαύρου: αρχαιολογική άποψη,Sanctuary of Asklepios at Epidauros: archaeological view,1600,1067,751e00574f0429c8458b3ae98c6f7936383161008d8f04fdf09f0913101648de,2026-08-15,reviewed
media-sanctuary-epidauros-asklepios-sanctuary-02,sanctuary-epidauros-asklepios-sanctuary,2,gallery,assets/media/sanctuary-epidauros-asklepios-sanctuary/02.webp,https://commons.wikimedia.org/wiki/File:Inscription%2C_accouting_texts%2C_temple_of_Asklepios%2C_AM_of_Epidauros%2C_202595.jpg,https://upload.wikimedia.org/wikipedia/commons/8/8f/Inscription%2C_accouting_texts%2C_temple_of_Asklepios%2C_AM_of_Epidauros%2C_202595.jpg?utm_source=commons.wikimedia.org&utm_campaign=imageinfo&utm_content=original,"Inscription, accouting texts, temple of Asklepios, AM of Epidauros, 202595.jpg",Zde,CC BY-SA 4.0,https://creativecommons.org/licenses/by-sa/4.0,Own work,Ασκληπιείο Επιδαύρου · Αρχαιολογική άποψη,Sanctuary of Asklepios at Epidauros · Archaeological view,Ασκληπιείο Επιδαύρου: αρχαιολογική άποψη,Sanctuary of Asklepios at Epidauros: archaeological view,1600,1065,10803efb5c7f43ec7fde3505089d03152cd245485315db5b8d30fb217c988a0b,2026-08-15,reviewed
media-sanctuary-foce-del-sele-heraion-01,sanctuary-foce-del-sele-heraion,1,primary,assets/media/sanctuary-foce-del-sele-heraion/01.webp,https://commons.wikimedia.org/wiki/File:ItaliaPaestumHeraionFoceSeleResti.jpg,https://upload.wikimedia.org/wikipedia/commons/3/3c/ItaliaPaestumHeraionFoceSeleResti.jpg?utm_source=commons.wikimedia.org&utm_campaign=imageinfo&utm_content=original,ItaliaPaestumHeraionFoceSeleResti.jpg,MM,Public domain,https://creativecommons.org/publicdomain/mark/1.0/,Foto propria,Ηραίο στις εκβολές του Σέλε · Αρχαιολογική άποψη,Heraion at Foce del Sele · Archaeological view,Ηραίο στις εκβολές του Σέλε: αρχαιολογική άποψη,Heraion at Foce del Sele: archaeological view,1600,647,de5d660d55cec86d83adbe24b6f9ae25f6bf76bb661a585c4707189b257af408,2026-08-15,reviewed
media-sanctuary-foce-del-sele-heraion-02,sanctuary-foce-del-sele-heraion,2,gallery,assets/media/sanctuary-foce-del-sele-heraion/02.webp,https://commons.wikimedia.org/wiki/File:Paestum_Museum_(6120216419).jpg,https://upload.wikimedia.org/wikipedia/commons/d/d6/Paestum_Museum_%286120216419%29.jpg?utm_source=commons.wikimedia.org&utm_campaign=imageinfo&utm_content=original,Paestum Museum (6120216419).jpg,"Dave & Margie Hill / Kleerup from Centennial, CO, USA",CC BY-SA 2.0,https://creativecommons.org/licenses/by-sa/2.0,Paestum Museum Uploaded by Marcus Cyron,Ηραίο στις εκβολές του Σέλε · Αρχαιολογική άποψη,Heraion at Foce del Sele · Archaeological view,Ηραίο στις εκβολές του Σέλε: αρχαιολογική άποψη,Heraion at Foce del Sele: archaeological view,1600,1067,f05f2d6bc7c0ee46581db3d6c908c2a33dea54cc927b9ba6aefad779c7bc7606,2026-08-15,reviewed
media-sanctuary-golgoi-aphrodite-sanctuary-01,sanctuary-golgoi-aphrodite-sanctuary,1,primary,assets/media/sanctuary-golgoi-aphrodite-sanctuary/01.webp,https://commons.wikimedia.org/wiki/File:Tombstone_with_two_scenes_from_Golgoi%2C_Cyprus%2C_330-280_BCE%2C_Ashmolean_Museum.jpg,https://upload.wikimedia.org/wikipedia/commons/7/7b/Tombstone_with_two_scenes_from_Golgoi%2C_Cyprus%2C_330-280_BCE%2C_Ashmolean_Museum.jpg?utm_source=commons.wikimedia.org&utm_campaign=imageinfo&utm_content=original,"Tombstone with two scenes from Golgoi, Cyprus, 330-280 BCE, Ashmolean Museum.jpg",Mary Harrsch,CC BY-SA 4.0,https://creativecommons.org/licenses/by-sa/4.0,Own work,Ιερό της Αφροδίτης Γολγίας · Αρχαιολογική άποψη,Sanctuary of Aphrodite Golgia · Archaeological view,Ιερό της Αφροδίτης Γολγίας: αρχαιολογική άποψη,Sanctuary of Aphrodite Golgia: archaeological view,1200,1600,9467f1f07f61a21f6c7bf1d45836fdff1f7c91d5851a901cdb7fa9a80e27cdaa,2026-08-15,reviewed
media-sanctuary-golgoi-aphrodite-sanctuary-02,sanctuary-golgoi-aphrodite-sanctuary,2,gallery,assets/media/sanctuary-golgoi-aphrodite-sanctuary/02.webp,https://commons.wikimedia.org/wiki/File:Male_figure%2C_Cyprus%2C_excavated_from_a_temple_in_Golgoi%2C_Proto-Cypriot_period%2C_600-540_BC%2C_limestone_-_John_and_Mable_Ringling_Museum_of_Art_-_Sarasota%2C_FL_-_DSC00660.jpg,https://upload.wikimedia.org/wikipedia/commons/3/3b/Male_figure%2C_Cyprus%2C_excavated_from_a_temple_in_Golgoi%2C_Proto-Cypriot_period%2C_600-540_BC%2C_limestone_-_John_and_Mable_Ringling_Museum_of_Art_-_Sarasota%2C_FL_-_DSC00660.jpg?utm_source=commons.wikimedia.org&utm_campaign=imageinfo&utm_content=original,"Male figure, Cyprus, excavated from a temple in Golgoi, Proto-Cypriot period, 600-540 BC, limestone - John and Mable Ringling Museum of Art - Sarasota, FL - DSC00660.jpg",Daderot,Public domain,https://creativecommons.org/publicdomain/mark/1.0/,Own work,Ιερό της Αφροδίτης Γολγίας · Αρχαιολογική άποψη,Sanctuary of Aphrodite Golgia · Archaeological view,Ιερό της Αφροδίτης Γολγίας: αρχαιολογική άποψη,Sanctuary of Aphrodite Golgia: archaeological view,1005,1600,8cc5e419fcf68f917eef7f89bb2d33a3c3988f64b9405a7e85ea3fbef3c59965,2026-08-15,reviewed
media-sanctuary-gyroulas-demeter-sanctuary-01,sanctuary-gyroulas-demeter-sanctuary,1,primary,assets/media/sanctuary-gyroulas-demeter-sanctuary/01.webp,https://commons.wikimedia.org/wiki/File:Temple_of_Demeter_at_Gyroulas_near_Sangri_on_Naxos_DSCN1071.jpg,https://upload.wikimedia.org/wikipedia/commons/5/52/Temple_of_Demeter_at_Gyroulas_near_Sangri_on_Naxos_DSCN1071.jpg?utm_source=commons.wikimedia.org&utm_campaign=imageinfo&utm_content=original,Temple of Demeter at Gyroulas near Sangri on Naxos DSCN1071.jpg,Stepanps,CC BY-SA 4.0,https://creativecommons.org/licenses/by-sa/4.0,Own work,Ιερό Δήμητρας και Απόλλωνα στον Γύρουλα · Αρχαιολογική άποψη,Sanctuary of Demeter and Apollo at Gyroulas · Archaeological view,Ιερό Δήμητρας και Απόλλωνα στον Γύρουλα: αρχαιολογική άποψη,Sanctuary of Demeter and Apollo at Gyroulas: archaeological view,1600,1200,912834524ba133b0ffdc2da0e69fbf5bbbe03f901df0fcbd46ab35eef0305b8d,2026-08-15,reviewed
media-sanctuary-gyroulas-demeter-sanctuary-02,sanctuary-gyroulas-demeter-sanctuary,2,gallery,assets/media/sanctuary-gyroulas-demeter-sanctuary/02.webp,https://commons.wikimedia.org/wiki/File:Temple_of_Demeter_at_Gyroulas_near_Sangri_on_Naxos_DSCN1072.jpg,https://upload.wikimedia.org/wikipedia/commons/6/67/Temple_of_Demeter_at_Gyroulas_near_Sangri_on_Naxos_DSCN1072.jpg?utm_source=commons.wikimedia.org&utm_campaign=imageinfo&utm_content=original,Temple of Demeter at Gyroulas near Sangri on Naxos DSCN1072.jpg,Stepanps,CC BY-SA 4.0,https://creativecommons.org/licenses/by-sa/4.0,Own work,Ιερό Δήμητρας και Απόλλωνα στον Γύρουλα · Αρχαιολογική άποψη,Sanctuary of Demeter and Apollo at Gyroulas · Archaeological view,Ιερό Δήμητρας και Απόλλωνα στον Γύρουλα: αρχαιολογική άποψη,Sanctuary of Demeter and Apollo at Gyroulas: archaeological view,1600,1200,eaac989acdc2de8598f243b615a1cad8c68b293fe647af2516700d6f39d4ba3f,2026-08-15,reviewed
media-sanctuary-hierapolis-ploutonion-01,sanctuary-hierapolis-ploutonion,1,primary,assets/media/sanctuary-hierapolis-ploutonion/01.webp,https://commons.wikimedia.org/wiki/File:Ru%C3%AFne_van_het_Ploutonion_te_Hi%C3%ABrapolis%2C_RP-F-2001-7-440-12.jpg,https://upload.wikimedia.org/wikipedia/commons/b/b4/Ru%C3%AFne_van_het_Ploutonion_te_Hi%C3%ABrapolis%2C_RP-F-2001-7-440-12.jpg?utm_source=commons.wikimedia.org&utm_campaign=imageinfo&utm_content=original,"Ruïne van het Ploutonion te Hiërapolis, RP-F-2001-7-440-12.jpg",Rijksmuseum,CC0 1.0,https://creativecommons.org/publicdomain/zero/1.0/deed.en,https://hdl.handle.net/10934/RM0001.COLLECT.634151,Πλουτώνιο Ιεράπολης · Αρχαιολογική άποψη,Ploutonion at Hierapolis · Archaeological view,Πλουτώνιο Ιεράπολης: αρχαιολογική άποψη,Ploutonion at Hierapolis: archaeological view,1600,1237,0f873f0dea6fdfe6141621590cb7291a45ccbe04e3c7ebb12567c0bb43c92996,2026-08-15,reviewed
media-sanctuary-hierapolis-ploutonion-02,sanctuary-hierapolis-ploutonion,2,gallery,assets/media/sanctuary-hierapolis-ploutonion/02.webp,https://commons.wikimedia.org/wiki/File:The_Temple_of_Apollo_built_in_the_3rd_century_AD_using_stone_blocks_from_the_older_temple%2C_Hierapolis%2C_Phrygia%2C_Turkey_(32332234786).jpg,https://upload.wikimedia.org/wikipedia/commons/5/51/The_Temple_of_Apollo_built_in_the_3rd_century_AD_using_stone_blocks_from_the_older_temple%2C_Hierapolis%2C_Phrygia%2C_Turkey_%2832332234786%29.jpg?utm_source=commons.wikimedia.org&utm_campaign=imageinfo&utm_content=original,"The Temple of Apollo built in the 3rd century AD using stone blocks from the older temple, Hierapolis, Phrygia, Turkey (32332234786).jpg","Carole Raddato from FRANKFURT, Germany",CC BY-SA 2.0,https://creativecommons.org/licenses/by-sa/2.0,"The Temple of Apollo built in the 3rd century AD using stone blocks from the older temple, Hierapolis, Phrygia, Turkey",Πλουτώνιο Ιεράπολης · Αρχαιολογική άποψη,Ploutonion at Hierapolis · Archaeological view,Πλουτώνιο Ιεράπολης: αρχαιολογική άποψη,Ploutonion at Hierapolis: archaeological view,1600,1058,49dd307160b737c77bd3287ada738f33c44c151b7049fd79f7db07fc0e7855b2,2026-08-15,reviewed
media-sanctuary-histria-sacred-zone-01,sanctuary-histria-sacred-zone,1,primary,assets/media/sanctuary-histria-sacred-zone/01.webp,https://commons.wikimedia.org/wiki/File:Ruins_of_ancient_Histria_(AP4E5736_1SR_1PS)_(28876808632).jpg,https://upload.wikimedia.org/wikipedia/commons/9/9b/Ruins_of_ancient_Histria_%28AP4E5736_1SR_1PS%29_%2828876808632%29.jpg?utm_source=commons.wikimedia.org&utm_campaign=imageinfo&utm_content=original,Ruins of ancient Histria (AP4E5736 1SR 1PS) (28876808632).jpg,"Alexandru Panoiu from Bucharest, Romania",CC BY 2.0,https://creativecommons.org/licenses/by/2.0,Ruins of ancient Histria (AP4E5736 1SR 1PS),Ιερή ζώνη της Ιστρίας · Αρχαιολογική άποψη,Sacred Zone of Histria · Archaeological view,Ιερή ζώνη της Ιστρίας: αρχαιολογική άποψη,Sacred Zone of Histria: archaeological view,1600,1063,f22d4d5ca501de3c4952513cbcb81c656c17613e42a30d750e5f2b74c62a970f,2026-08-15,reviewed
media-sanctuary-histria-sacred-zone-02,sanctuary-histria-sacred-zone,2,gallery,assets/media/sanctuary-histria-sacred-zone/02.webp,https://commons.wikimedia.org/wiki/File:Histria_ruins.jpg,https://upload.wikimedia.org/wikipedia/commons/8/8f/Histria_ruins.jpg?utm_source=commons.wikimedia.org&utm_campaign=imageinfo&utm_content=original,Histria ruins.jpg,Klaul,CC BY-SA 4.0,https://creativecommons.org/licenses/by-sa/4.0,Own work,Ιερή ζώνη της Ιστρίας · Αρχαιολογική άποψη,Sacred Zone of Histria · Archaeological view,Ιερή ζώνη της Ιστρίας: αρχαιολογική άποψη,Sacred Zone of Histria: archaeological view,1600,1200,359f331548cb3b220d42e9b4e6f250b680b61473ce426244d9ebe57690395416,2026-08-15,reviewed
media-sanctuary-hyria-dionysos-sanctuary-01,sanctuary-hyria-dionysos-sanctuary,1,primary,assets/media/sanctuary-hyria-dionysos-sanctuary/01.webp,https://commons.wikimedia.org/wiki/File:Heiligtum_des_Dionysos_(Yria)_05.jpg,https://upload.wikimedia.org/wikipedia/commons/8/83/Heiligtum_des_Dionysos_%28Yria%29_05.jpg?utm_source=commons.wikimedia.org&utm_campaign=imageinfo&utm_content=original,Heiligtum des Dionysos (Yria) 05.jpg,Olaf Tausch,CC BY 3.0,https://creativecommons.org/licenses/by/3.0,Own work,Ιερό του Διονύσου στα Ύρια Νάξου · Αρχαιολογική άποψη,Sanctuary of Dionysos at Hyria · Archaeological view,Ιερό του Διονύσου στα Ύρια Νάξου: αρχαιολογική άποψη,Sanctuary of Dionysos at Hyria: archaeological view,1600,1199,619d746846e4279bd4d01adf616ef63cf9bc5b4414393c13b14066269a71caed,2026-08-15,reviewed
media-sanctuary-hyria-dionysos-sanctuary-02,sanctuary-hyria-dionysos-sanctuary,2,gallery,assets/media/sanctuary-hyria-dionysos-sanctuary/02.webp,https://commons.wikimedia.org/wiki/File:Heiligtum_des_Dionysos_(Yria)_03.jpg,https://upload.wikimedia.org/wikipedia/commons/a/a2/Heiligtum_des_Dionysos_%28Yria%29_03.jpg?utm_source=commons.wikimedia.org&utm_campaign=imageinfo&utm_content=original,Heiligtum des Dionysos (Yria) 03.jpg,Olaf Tausch,CC BY 3.0,https://creativecommons.org/licenses/by/3.0,Own work,Ιερό του Διονύσου στα Ύρια Νάξου · Αρχαιολογική άποψη,Sanctuary of Dionysos at Hyria · Archaeological view,Ιερό του Διονύσου στα Ύρια Νάξου: αρχαιολογική άποψη,Sanctuary of Dionysos at Hyria: archaeological view,1600,1200,1aca6d0fe46b909bce7eb1c3fb023fea9098c54227f12e75ed4c2bed3b6c2ce6,2026-08-15,reviewed
media-sanctuary-isthmia-poseidon-sanctuary-01,sanctuary-isthmia-poseidon-sanctuary,1,primary,assets/media/sanctuary-isthmia-poseidon-sanctuary/01.webp,https://commons.wikimedia.org/wiki/File:Archaeological_site_of_Isthmia%2C_Roman_Baths%2C_202736.jpg,https://upload.wikimedia.org/wikipedia/commons/c/cb/Archaeological_site_of_Isthmia%2C_Roman_Baths%2C_202736.jpg?utm_source=commons.wikimedia.org&utm_campaign=imageinfo&utm_content=original,"Archaeological site of Isthmia, Roman Baths, 202736.jpg",Zde,CC BY-SA 4.0,https://creativecommons.org/licenses/by-sa/4.0,Own work,Ιερό του Ποσειδώνα στα Ίσθμια · Αρχαιολογική άποψη,Sanctuary of Poseidon at Isthmia · Archaeological view,Ιερό του Ποσειδώνα στα Ίσθμια: αρχαιολογική άποψη,Sanctuary of Poseidon at Isthmia: archaeological view,1600,1064,2f6eeeb983aa5ac61a183a8523ccc1475a28c45fdd6bc44f13f9afe36112a531,2026-08-15,reviewed
media-sanctuary-isthmia-poseidon-sanctuary-02,sanctuary-isthmia-poseidon-sanctuary,2,gallery,assets/media/sanctuary-isthmia-poseidon-sanctuary/02.webp,https://commons.wikimedia.org/wiki/File:Over_the_Northeast_Cave_at_the_archaeological_site_of_Ancient_Isthmia.jpg,https://upload.wikimedia.org/wikipedia/commons/0/00/Over_the_Northeast_Cave_at_the_archaeological_site_of_Ancient_Isthmia.jpg?utm_source=commons.wikimedia.org&utm_campaign=imageinfo&utm_content=original,Over the Northeast Cave at the archaeological site of Ancient Isthmia.jpg,George E. Koronaios,CC BY-SA 4.0,https://creativecommons.org/licenses/by-sa/4.0,Own work,Ιερό του Ποσειδώνα στα Ίσθμια · Αρχαιολογική άποψη,Sanctuary of Poseidon at Isthmia · Archaeological view,Ιερό του Ποσειδώνα στα Ίσθμια: αρχαιολογική άποψη,Sanctuary of Poseidon at Isthmia: archaeological view,1600,1067,5639d8a324a1c728efc7a60d795f1b3982d3a15ebf2163513943fd8292690d7e,2026-08-15,reviewed
media-sanctuary-kalapodi-artemis-apollo-sanctuary-01,sanctuary-kalapodi-artemis-apollo-sanctuary,1,primary,assets/media/sanctuary-kalapodi-artemis-apollo-sanctuary/01.webp,https://commons.wikimedia.org/wiki/File:%CE%A5%CE%AC%CE%BC%CF%80%CE%BF%CE%BB%CE%B9%CF%821.jpg,https://upload.wikimedia.org/wikipedia/commons/9/96/%CE%A5%CE%AC%CE%BC%CF%80%CE%BF%CE%BB%CE%B9%CF%821.jpg?utm_source=commons.wikimedia.org&utm_campaign=imageinfo&utm_content=original,Υάμπολις1.jpg,Karentzos83,CC BY-SA 3.0,https://creativecommons.org/licenses/by-sa/3.0,Own work,Ιερό Αρτέμιδος και Απόλλωνα στο Καλαπόδι · Αρχαιολογική άποψη,Sanctuary of Artemis and Apollo at Kalapodi · Archaeological view,Ιερό Αρτέμιδος και Απόλλωνα στο Καλαπόδι: αρχαιολογική άποψη,Sanctuary of Artemis and Apollo at Kalapodi: archaeological view,1600,913,94f6d8a1d16f3cc9d411507a7df9aa3194eeedbbdc2895a9593f237eecb13139,2026-08-15,reviewed
media-sanctuary-kalapodi-artemis-apollo-sanctuary-02,sanctuary-kalapodi-artemis-apollo-sanctuary,2,gallery,assets/media/sanctuary-kalapodi-artemis-apollo-sanctuary/02.webp,https://commons.wikimedia.org/wiki/File:%CE%91%CF%81%CF%87%CE%B1%CE%B9%CE%BF%CE%BB%CE%BF%CE%B3%CE%B9%CE%BA%CF%8C%CF%82_%CF%87%CF%8E%CF%81%CE%BF%CF%82_%CE%9A%CE%B1%CE%BB%CE%B1%CF%80%CE%BF%CE%B4%CE%AF%CE%BF%CF%85.jpg,https://upload.wikimedia.org/wikipedia/commons/a/ae/%CE%91%CF%81%CF%87%CE%B1%CE%B9%CE%BF%CE%BB%CE%BF%CE%B3%CE%B9%CE%BA%CF%8C%CF%82_%CF%87%CF%8E%CF%81%CE%BF%CF%82_%CE%9A%CE%B1%CE%BB%CE%B1%CF%80%CE%BF%CE%B4%CE%AF%CE%BF%CF%85.jpg?utm_source=commons.wikimedia.org&utm_campaign=imageinfo&utm_content=original,Αρχαιολογικός χώρος Καλαποδίου.jpg,Karentzos83,CC BY-SA 3.0,https://creativecommons.org/licenses/by-sa/3.0,Own work,Ιερό Αρτέμιδος και Απόλλωνα στο Καλαπόδι · Αρχαιολογική άποψη,Sanctuary of Artemis and Apollo at Kalapodi · Archaeological view,Ιερό Αρτέμιδος και Απόλλωνα στο Καλαπόδι: αρχαιολογική άποψη,Sanctuary of Artemis and Apollo at Kalapodi: archaeological view,1235,737,3b3ec9134bcc727307bf4f3e62c2036917f185bdebe703d46493950a6be9c8e7,2026-08-15,reviewed
media-sanctuary-kos-asklepieion-01,sanctuary-kos-asklepieion,1,primary,assets/media/sanctuary-kos-asklepieion/01.webp,https://commons.wikimedia.org/wiki/File:The_ruins_of_Asklepieion_(Kos)_01.jpg,https://upload.wikimedia.org/wikipedia/commons/4/4a/The_ruins_of_Asklepieion_%28Kos%29_01.jpg?utm_source=commons.wikimedia.org&utm_campaign=imageinfo&utm_content=original,The ruins of Asklepieion (Kos) 01.jpg,Rodw,CC BY-SA 4.0,https://creativecommons.org/licenses/by-sa/4.0,Own work,Ασκληπιείο Κω · Αρχαιολογική άποψη,Asklepieion of Kos · Archaeological view,Ασκληπιείο Κω: αρχαιολογική άποψη,Asklepieion of Kos: archaeological view,1600,1200,c74b4b669fc882749d8256f4f8588f7bd7df3dbd565a256426d65eff97b603d9,2026-08-15,reviewed
media-sanctuary-kos-asklepieion-02,sanctuary-kos-asklepieion,2,gallery,assets/media/sanctuary-kos-asklepieion/02.webp,https://commons.wikimedia.org/wiki/File:The_ruins_of_Asklepieion_(Kos)_04.jpg,https://upload.wikimedia.org/wikipedia/commons/4/4a/The_ruins_of_Asklepieion_%28Kos%29_04.jpg?utm_source=commons.wikimedia.org&utm_campaign=imageinfo&utm_content=original,The ruins of Asklepieion (Kos) 04.jpg,Rodw,CC BY-SA 4.0,https://creativecommons.org/licenses/by-sa/4.0,Own work,Ασκληπιείο Κω · Αρχαιολογική άποψη,Asklepieion of Kos · Archaeological view,Ασκληπιείο Κω: αρχαιολογική άποψη,Asklepieion of Kos: archaeological view,1600,1200,d6116b710e448a52cca2498c6acce0d083124b1011bdb9bef98242a05364d6fe,2026-08-15,reviewed
media-sanctuary-kourion-apollo-hylates-sanctuary-01,sanctuary-kourion-apollo-hylates-sanctuary,1,primary,assets/media/sanctuary-kourion-apollo-hylates-sanctuary/01.webp,https://commons.wikimedia.org/wiki/File:Sanctuary_of_Apollo_Hylates_temple_2010.jpg,https://upload.wikimedia.org/wikipedia/commons/4/40/Sanctuary_of_Apollo_Hylates_temple_2010.jpg?utm_source=commons.wikimedia.org&utm_campaign=imageinfo&utm_content=original,Sanctuary of Apollo Hylates temple 2010.jpg,Wknight94 talk,CC BY-SA 3.0,https://creativecommons.org/licenses/by-sa/3.0,Own work,Ιερό του Απόλλωνα Υλάτη · Αρχαιολογική άποψη,Sanctuary of Apollo Hylates · Archaeological view,Ιερό του Απόλλωνα Υλάτη: αρχαιολογική άποψη,Sanctuary of Apollo Hylates: archaeological view,1041,1600,f8140789ab7cf40ff60b6881596eef794255bbbb0c3d330326245de4e6e98db3,2026-08-15,reviewed
media-sanctuary-kourion-apollo-hylates-sanctuary-02,sanctuary-kourion-apollo-hylates-sanctuary,2,gallery,assets/media/sanctuary-kourion-apollo-hylates-sanctuary/02.webp,https://commons.wikimedia.org/wiki/File:Sanctuary_of_Apollo_Hylates_altar_precinct.jpg,https://upload.wikimedia.org/wikipedia/commons/e/e4/Sanctuary_of_Apollo_Hylates_altar_precinct.jpg?utm_source=commons.wikimedia.org&utm_campaign=imageinfo&utm_content=original,Sanctuary of Apollo Hylates altar precinct.jpg,Wknight94 talk,CC BY-SA 3.0,https://creativecommons.org/licenses/by-sa/3.0,Own work,Ιερό του Απόλλωνα Υλάτη · Αρχαιολογική άποψη,Sanctuary of Apollo Hylates · Archaeological view,Ιερό του Απόλλωνα Υλάτη: αρχαιολογική άποψη,Sanctuary of Apollo Hylates: archaeological view,1600,1067,fbe673087fbb844fdee2c2c866e397357be2c20369e0d885bfd053afd1b121a7,2026-08-15,reviewed
media-sanctuary-labraunda-zeus-sanctuary-01,sanctuary-labraunda-zeus-sanctuary,1,primary,assets/media/sanctuary-labraunda-zeus-sanctuary/01.webp,https://commons.wikimedia.org/wiki/File:The_ruins_of_the_Temple_of_Zeus_built_in_the_4th_century_BC%2C_The_Sanctuary_of_Zeus_Labraundos%2C_Labraunda%2C_Caria%2C_Turkey_(32007533901).jpg,https://upload.wikimedia.org/wikipedia/commons/1/13/The_ruins_of_the_Temple_of_Zeus_built_in_the_4th_century_BC%2C_The_Sanctuary_of_Zeus_Labraundos%2C_Labraunda%2C_Caria%2C_Turkey_%2832007533901%29.jpg?utm_source=commons.wikimedia.org&utm_campaign=imageinfo&utm_content=original,"The ruins of the Temple of Zeus built in the 4th century BC, The Sanctuary of Zeus Labraundos, Labraunda, Caria, Turkey (32007533901).jpg","Carole Raddato from FRANKFURT, Germany",CC BY-SA 2.0,https://creativecommons.org/licenses/by-sa/2.0,"The ruins of the Temple of Zeus built in the 4th century BC, The Sanctuary of Zeus Labraundos, Labraunda, Caria, Turkey",Ιερό του Διός στα Λάβρανδα · Αρχαιολογική άποψη,Sanctuary of Zeus at Labraunda · Archaeological view,Ιερό του Διός στα Λάβρανδα: αρχαιολογική άποψη,Sanctuary of Zeus at Labraunda: archaeological view,1600,1060,1a8e60a0a3ec38e3e0804f51f2a8db7e27a07b32d611c0cc2cdac38cdd5071c6,2026-08-15,reviewed
media-sanctuary-labraunda-zeus-sanctuary-02,sanctuary-labraunda-zeus-sanctuary,2,gallery,assets/media/sanctuary-labraunda-zeus-sanctuary/02.webp,https://commons.wikimedia.org/wiki/File:The_ruins_of_the_Temple_of_Zeus_built_in_the_4th_century_BC%2C_The_Sanctuary_of_Zeus_Labraundos%2C_Labraunda%2C_Caria%2C_Turkey_(32007979391).jpg,https://upload.wikimedia.org/wikipedia/commons/d/d0/The_ruins_of_the_Temple_of_Zeus_built_in_the_4th_century_BC%2C_The_Sanctuary_of_Zeus_Labraundos%2C_Labraunda%2C_Caria%2C_Turkey_%2832007979391%29.jpg?utm_source=commons.wikimedia.org&utm_campaign=imageinfo&utm_content=original,"The ruins of the Temple of Zeus built in the 4th century BC, The Sanctuary of Zeus Labraundos, Labraunda, Caria, Turkey (32007979391).jpg","Carole Raddato from FRANKFURT, Germany",CC BY-SA 2.0,https://creativecommons.org/licenses/by-sa/2.0,"The ruins of the Temple of Zeus built in the 4th century BC, The Sanctuary of Zeus Labraundos, Labraunda, Caria, Turkey",Ιερό του Διός στα Λάβρανδα · Αρχαιολογική άποψη,Sanctuary of Zeus at Labraunda · Archaeological view,Ιερό του Διός στα Λάβρανδα: αρχαιολογική άποψη,Sanctuary of Zeus at Labraunda: archaeological view,1600,1060,08e878bdda5ef0aa746bdfe5995f30f4bc6bd9f7dba2c4768f57e227a45eded5,2026-08-15,reviewed
media-sanctuary-lagina-hekate-sanctuary-01,sanctuary-lagina-hekate-sanctuary,1,primary,assets/media/sanctuary-lagina-hekate-sanctuary/01.webp,https://commons.wikimedia.org/wiki/File:Lagina_Temple_of_Hekate_in_1991_01.jpg,https://upload.wikimedia.org/wikipedia/commons/6/68/Lagina_Temple_of_Hekate_in_1991_01.jpg?utm_source=commons.wikimedia.org&utm_campaign=imageinfo&utm_content=original,Lagina Temple of Hekate in 1991 01.jpg,Mark Landon,CC BY 4.0,https://creativecommons.org/licenses/by/4.0,Mark Landon / Wikimedia Commons,Εκάτειο Λαγίνων · Αρχαιολογική άποψη,Sanctuary of Hekate at Lagina · Archaeological view,Εκάτειο Λαγίνων: αρχαιολογική άποψη,Sanctuary of Hekate at Lagina: archaeological view,1600,1054,7766f3635a2bf756bccbc2da674f299ecb9328099d5e2a9b95b55b85fa1e849d,2026-08-15,reviewed
media-sanctuary-lagina-hekate-sanctuary-02,sanctuary-lagina-hekate-sanctuary,2,gallery,assets/media/sanctuary-lagina-hekate-sanctuary/02.webp,https://commons.wikimedia.org/wiki/File:Lagina_Temple_of_Hekate_in_1991_02.jpg,https://upload.wikimedia.org/wikipedia/commons/a/ad/Lagina_Temple_of_Hekate_in_1991_02.jpg?utm_source=commons.wikimedia.org&utm_campaign=imageinfo&utm_content=original,Lagina Temple of Hekate in 1991 02.jpg,Mark Landon,CC BY 4.0,https://creativecommons.org/licenses/by/4.0,Mark Landon / Wikimedia Commons,Εκάτειο Λαγίνων · Αρχαιολογική άποψη,Sanctuary of Hekate at Lagina · Archaeological view,Εκάτειο Λαγίνων: αρχαιολογική άποψη,Sanctuary of Hekate at Lagina: archaeological view,1600,1054,52fb43d41cc98e945ddacd65b75aacf3a685ef514d6f3839ab8a28d649696932,2026-08-15,reviewed
media-sanctuary-lemnos-kabeirion-01,sanctuary-lemnos-kabeirion,1,primary,assets/media/sanctuary-lemnos-kabeirion/01.webp,https://commons.wikimedia.org/wiki/File:AM_Lemnos_217_-_Kabeirion.jpg,https://upload.wikimedia.org/wikipedia/commons/1/1c/AM_Lemnos_217_-_Kabeirion.jpg?utm_source=commons.wikimedia.org&utm_campaign=imageinfo&utm_content=original,AM Lemnos 217 - Kabeirion.jpg,Tomisti,CC BY-SA 4.0,https://creativecommons.org/licenses/by-sa/4.0,Own work,Καβείριο Λήμνου · Αρχαιολογική άποψη,Kabeirion of Lemnos · Archaeological view,Καβείριο Λήμνου: αρχαιολογική άποψη,Kabeirion of Lemnos: archaeological view,1600,1205,08c5173defc1f9216c94f2706c61423925454986ec4b808b6c1fd9625248b190,2026-08-15,reviewed
media-sanctuary-lemnos-kabeirion-02,sanctuary-lemnos-kabeirion,2,gallery,assets/media/sanctuary-lemnos-kabeirion/02.webp,https://commons.wikimedia.org/wiki/File:AM_Lemnos_218_-_Kabeirion.jpg,https://upload.wikimedia.org/wikipedia/commons/0/06/AM_Lemnos_218_-_Kabeirion.jpg?utm_source=commons.wikimedia.org&utm_campaign=imageinfo&utm_content=original,AM Lemnos 218 - Kabeirion.jpg,Tomisti,CC BY-SA 4.0,https://creativecommons.org/licenses/by-sa/4.0,Own work,Καβείριο Λήμνου · Αρχαιολογική άποψη,Kabeirion of Lemnos · Archaeological view,Καβείριο Λήμνου: αρχαιολογική άποψη,Kabeirion of Lemnos: archaeological view,1600,1205,1df92d76f17f43427df9195fd528107742d6dc3cc18d556b496f3502a02c54f8,2026-08-15,reviewed
media-sanctuary-letoon-lycian-sanctuary-01,sanctuary-letoon-lycian-sanctuary,1,primary,assets/media/sanctuary-letoon-lycian-sanctuary/01.webp,https://commons.wikimedia.org/wiki/File:Letoon_Temple_Area_2019.jpg,https://upload.wikimedia.org/wikipedia/commons/4/4c/Letoon_Temple_Area_2019.jpg?utm_source=commons.wikimedia.org&utm_campaign=imageinfo&utm_content=original,Letoon Temple Area 2019.jpg,Bjørn Christian Tørrissen,CC BY-SA 4.0,https://creativecommons.org/licenses/by-sa/4.0,"Own work by uploader, http://bjornfree.com/travel/galleries/",Λητώο της Λυκίας · Αρχαιολογική άποψη,Letoon Sanctuary · Archaeological view,Λητώο της Λυκίας: αρχαιολογική άποψη,Letoon Sanctuary: archaeological view,1600,1043,c819b037f5d53fcbfb23b32e7b69d54af1e69741ea3dcf13098db958309d6f39,2026-08-15,reviewed
media-sanctuary-letoon-lycian-sanctuary-02,sanctuary-letoon-lycian-sanctuary,2,gallery,assets/media/sanctuary-letoon-lycian-sanctuary/02.webp,https://commons.wikimedia.org/wiki/File:Hellenistic_theatre_in_Letoon%2C_seats%2C_2045.jpg,https://upload.wikimedia.org/wikipedia/commons/4/40/Hellenistic_theatre_in_Letoon%2C_seats%2C_2045.jpg?utm_source=commons.wikimedia.org&utm_campaign=imageinfo&utm_content=original,"Hellenistic theatre in Letoon, seats, 2045.jpg",Zde,CC BY-SA 4.0,https://creativecommons.org/licenses/by-sa/4.0,Own work,Λητώο της Λυκίας · Αρχαιολογική άποψη,Letoon Sanctuary · Archaeological view,Λητώο της Λυκίας: αρχαιολογική άποψη,Letoon Sanctuary: archaeological view,1600,1073,c3b62292f13c779e785467a0b704e8c22d07340b9c849bddb861c36d8e4f2a3a,2026-08-15,reviewed
media-sanctuary-lindos-athena-sanctuary-01,sanctuary-lindos-athena-sanctuary,1,primary,assets/media/sanctuary-lindos-athena-sanctuary/01.webp,https://commons.wikimedia.org/wiki/File:Corner_of_Temple_of_Athena_Lindia_2010.jpg,https://upload.wikimedia.org/wikipedia/commons/2/22/Corner_of_Temple_of_Athena_Lindia_2010.jpg?utm_source=commons.wikimedia.org&utm_campaign=imageinfo&utm_content=original,Corner of Temple of Athena Lindia 2010.jpg,Wknight94 talk,CC BY-SA 3.0,https://creativecommons.org/licenses/by-sa/3.0,Own work,Ιερό της Αθηνάς Λινδίας · Αρχαιολογική άποψη,Sanctuary of Athena Lindia · Archaeological view,Ιερό της Αθηνάς Λινδίας: αρχαιολογική άποψη,Sanctuary of Athena Lindia: archaeological view,1600,1067,c2b6b8bba82d039bc37587458475cfa910f3fcc6a87ee2756d89f5514044f772,2026-08-15,reviewed
media-sanctuary-lindos-athena-sanctuary-02,sanctuary-lindos-athena-sanctuary,2,gallery,assets/media/sanctuary-lindos-athena-sanctuary/02.webp,https://commons.wikimedia.org/wiki/File:Interior_of_the_Temple_of_Athena_Lindia_from_the_north_2010.jpg,https://upload.wikimedia.org/wikipedia/commons/0/0e/Interior_of_the_Temple_of_Athena_Lindia_from_the_north_2010.jpg?utm_source=commons.wikimedia.org&utm_campaign=imageinfo&utm_content=original,Interior of the Temple of Athena Lindia from the north 2010.jpg,Wknight94 talk,CC BY-SA 3.0,https://creativecommons.org/licenses/by-sa/3.0,Own work,Ιερό της Αθηνάς Λινδίας · Αρχαιολογική άποψη,Sanctuary of Athena Lindia · Archaeological view,Ιερό της Αθηνάς Λινδίας: αρχαιολογική άποψη,Sanctuary of Athena Lindia: archaeological view,1600,1067,7725cf35df2f7af46a7eb3c2e1e28ddca8c5d3772d78d89d369b1eedcedca0dc,2026-08-15,reviewed
media-sanctuary-locri-mannella-persephone-sanctuary-01,sanctuary-locri-mannella-persephone-sanctuary,1,primary,assets/media/sanctuary-locri-mannella-persephone-sanctuary/01.webp,https://commons.wikimedia.org/wiki/File:Carole_Raddato_(12836647143).jpg,https://upload.wikimedia.org/wikipedia/commons/d/d9/Carole_Raddato_%2812836647143%29.jpg?utm_source=commons.wikimedia.org&utm_campaign=imageinfo&utm_content=original,Carole Raddato (12836647143).jpg,Following Hadrian,CC BY-SA 2.0,https://creativecommons.org/licenses/by-sa/2.0,Flickr,Ιερό της Περσεφόνης στη Mannella · Αρχαιολογική άποψη,Sanctuary of Persephone at Mannella · Archaeological view,Ιερό της Περσεφόνης στη Mannella: αρχαιολογική άποψη,Sanctuary of Persephone at Mannella: archaeological view,1600,1145,749edcd11b7a90b236d9e86086ba4670e2847c6cd5c06b462564f44dc2f7fe7e,2026-08-15,reviewed
media-sanctuary-locri-mannella-persephone-sanctuary-02,sanctuary-locri-mannella-persephone-sanctuary,2,gallery,assets/media/sanctuary-locri-mannella-persephone-sanctuary/02.webp,https://commons.wikimedia.org/wiki/File:Pinax_con_Ade_che_rapisce_Kore-Persefone%2C_da_Locri_-_MARC.jpg,https://upload.wikimedia.org/wikipedia/commons/9/96/Pinax_con_Ade_che_rapisce_Kore-Persefone%2C_da_Locri_-_MARC.jpg?utm_source=commons.wikimedia.org&utm_campaign=imageinfo&utm_content=original,"Pinax con Ade che rapisce Kore-Persefone, da Locri - MARC.jpg",Fabien Bièvre-Perrin,CC BY-SA 4.0,https://creativecommons.org/licenses/by-sa/4.0,own work,Ιερό της Περσεφόνης στη Mannella · Αρχαιολογική άποψη,Sanctuary of Persephone at Mannella · Archaeological view,Ιερό της Περσεφόνης στη Mannella: αρχαιολογική άποψη,Sanctuary of Persephone at Mannella: archaeological view,1600,1171,a42097e12dfcf1c91148daa9f6e3344918502c8008c288380f0d71fd7714095a,2026-08-15,reviewed
media-sanctuary-magnesia-artemis-leukophryene-01,sanctuary-magnesia-artemis-leukophryene,1,primary,assets/media/sanctuary-magnesia-artemis-leukophryene/01.webp,https://commons.wikimedia.org/wiki/File:Fragment_of_relief_from_the_Altar_of_Temple_of_Artemis_at_Magnesia_on_the_Maeander%2C_Pergamon_Museum_Berlin.jpg,https://upload.wikimedia.org/wikipedia/commons/f/f7/Fragment_of_relief_from_the_Altar_of_Temple_of_Artemis_at_Magnesia_on_the_Maeander%2C_Pergamon_Museum_Berlin.jpg?utm_source=commons.wikimedia.org&utm_campaign=imageinfo&utm_content=original,"Fragment of relief from the Altar of Temple of Artemis at Magnesia on the Maeander, Pergamon Museum Berlin.jpg",Carole Raddato,CC BY-SA 2.0,https://creativecommons.org/licenses/by-sa/2.0,"Flickr: Fragment of four relief figures from the Altar of Artemis at Magnesia on the Maeander, late 3rd century BC, Pergamon Museum Berlin",Ιερό της Αρτέμιδος Λευκοφρυηνής · Αρχαίο έργο ή εύρημα,Sanctuary of Artemis Leukophryene · Ancient artwork or object,Ιερό της Αρτέμιδος Λευκοφρυηνής: αρχαίο έργο ή εύρημα,Sanctuary of Artemis Leukophryene: ancient artwork or object,1600,1200,86ef12817c75b8a070e6f5c2e402cecc66639fe999731aa3e6e8b47d19eede4a,2026-08-15,reviewed
media-sanctuary-magnesia-artemis-leukophryene-02,sanctuary-magnesia-artemis-leukophryene,2,gallery,assets/media/sanctuary-magnesia-artemis-leukophryene/02.webp,https://commons.wikimedia.org/wiki/File:Ionic_chapital_of_the_Temple_of_Artemis_Leukophryene_at_Magnesia_on_the_Maeander%2C_Pergamon_Museum.jpg,https://upload.wikimedia.org/wikipedia/commons/d/d7/Ionic_chapital_of_the_Temple_of_Artemis_Leukophryene_at_Magnesia_on_the_Maeander%2C_Pergamon_Museum.jpg?utm_source=commons.wikimedia.org&utm_campaign=imageinfo&utm_content=original,"Ionic chapital of the Temple of Artemis Leukophryene at Magnesia on the Maeander, Pergamon Museum.jpg",Carole Raddato,CC BY-SA 2.0,https://creativecommons.org/licenses/by-sa/2.0,"Flickr: Temple of Artemis Leukophryene at Magnesia, Ionic column of the cella wall, 2nd century BC, Pergamon Museum Berlin",Ιερό της Αρτέμιδος Λευκοφρυηνής · Αρχαιολογική άποψη,Sanctuary of Artemis Leukophryene · Archaeological view,Ιερό της Αρτέμιδος Λευκοφρυηνής: αρχαιολογική άποψη,Sanctuary of Artemis Leukophryene: archaeological view,1600,1200,ff3a76642a2cb34df73abe6cae886c268bd42a2ec316e5cfee2c405fbe4a1866,2026-08-15,reviewed
media-sanctuary-menelaion-sparta-01,sanctuary-menelaion-sparta,1,primary,assets/media/sanctuary-menelaion-sparta/01.webp,https://commons.wikimedia.org/wiki/File:Therapne%2C_Menelaion_from_NE_(1988)_01.jpg,https://upload.wikimedia.org/wikipedia/commons/2/29/Therapne%2C_Menelaion_from_NE_%281988%29_01.jpg?utm_source=commons.wikimedia.org&utm_campaign=imageinfo&utm_content=original,"Therapne, Menelaion from NE (1988) 01.jpg",Mark Landon (User:Choliamb),CC BY 4.0,https://creativecommons.org/licenses/by/4.0,Mark Landon,Μενελάειο · Αρχαιολογική άποψη,Menelaion Sanctuary · Archaeological view,Μενελάειο: αρχαιολογική άποψη,Menelaion Sanctuary: archaeological view,1600,1057,18e9dd6ca1db8a42d04690ac27057093fa1830b344c133c703920da47e2f88ce,2026-08-15,reviewed
media-sanctuary-menelaion-sparta-02,sanctuary-menelaion-sparta,2,gallery,assets/media/sanctuary-menelaion-sparta/02.webp,https://commons.wikimedia.org/wiki/File:The_ruins_of_the_Menelaion_(Sanctuary_of_Menelaus_and_Helen)_in_Sparta.jpg,https://upload.wikimedia.org/wikipedia/commons/b/b7/The_ruins_of_the_Menelaion_%28Sanctuary_of_Menelaus_and_Helen%29_in_Sparta.jpg?utm_source=commons.wikimedia.org&utm_campaign=imageinfo&utm_content=original,The ruins of the Menelaion (Sanctuary of Menelaus and Helen) in Sparta.jpg,George E. Koronaios,CC BY-SA 4.0,https://creativecommons.org/licenses/by-sa/4.0,Own work,Μενελάειο · Αρχαιολογική άποψη,Menelaion Sanctuary · Archaeological view,Μενελάειο: αρχαιολογική άποψη,Menelaion Sanctuary: archaeological view,1600,1067,a92710791c4a97bc552da6c1c8aa5abc2a1c6c85921bcd98b128a84266f32507,2026-08-15,reviewed
media-sanctuary-metapontum-tavole-palatine-heraion-01,sanctuary-metapontum-tavole-palatine-heraion,1,primary,assets/media/sanctuary-metapontum-tavole-palatine-heraion/01.webp,https://commons.wikimedia.org/wiki/File:Tavole-palatine_-_Hera_temple.jpg,https://upload.wikimedia.org/wikipedia/commons/e/e1/Tavole-palatine_-_Hera_temple.jpg?utm_source=commons.wikimedia.org&utm_campaign=imageinfo&utm_content=original,Tavole-palatine - Hera temple.jpg,de:Benutzer:Benson.by,CC BY-SA 1.0,https://creativecommons.org/licenses/by-sa/1.0,http://de.wikipedia.org/wiki/Datei:Tavole-palatine.jpg,Ηραίο των Tavole Palatine · Αρχαιολογική άποψη,Hera Sanctuary at Tavole Palatine · Archaeological view,Ηραίο των Tavole Palatine: αρχαιολογική άποψη,Hera Sanctuary at Tavole Palatine: archaeological view,1600,1200,2f8be2b139a267ef7590d13f0458eed40c942382e3ed454ec1e78cad754925d6,2026-08-15,reviewed
media-sanctuary-metapontum-tavole-palatine-heraion-02,sanctuary-metapontum-tavole-palatine-heraion,2,gallery,assets/media/sanctuary-metapontum-tavole-palatine-heraion/02.webp,https://commons.wikimedia.org/wiki/File:Hera_Temple%2C_Metapontum_01.jpg,https://upload.wikimedia.org/wikipedia/commons/e/ef/Hera_Temple%2C_Metapontum_01.jpg?utm_source=commons.wikimedia.org&utm_campaign=imageinfo&utm_content=original,"Hera Temple, Metapontum 01.jpg",Bernard Gagnon,CC0 1.0,https://creativecommons.org/publicdomain/zero/1.0/deed.en,Own work,Ηραίο των Tavole Palatine · Αρχαιολογική άποψη,Hera Sanctuary at Tavole Palatine · Archaeological view,Ηραίο των Tavole Palatine: αρχαιολογική άποψη,Hera Sanctuary at Tavole Palatine: archaeological view,1600,928,6f94ce40c2965a9543942a7da670d06c7bc954f176f9c0c2aa64c97611344ee5,2026-08-15,reviewed
media-sanctuary-mount-lykaion-zeus-sanctuary-01,sanctuary-mount-lykaion-zeus-sanctuary,1,primary,assets/media/sanctuary-mount-lykaion-zeus-sanctuary/01.webp,https://commons.wikimedia.org/wiki/File:Altar_of_Zeus_at_Mount_Lykaion%2C_Lyka09.jpg,https://upload.wikimedia.org/wikipedia/commons/b/b4/Altar_of_Zeus_at_Mount_Lykaion%2C_Lyka09.jpg?utm_source=commons.wikimedia.org&utm_campaign=imageinfo&utm_content=original,"Altar of Zeus at Mount Lykaion, Lyka09.jpg",Zde,CC BY-SA 4.0,https://creativecommons.org/licenses/by-sa/4.0,Own work,Ιερό του Λυκαίου Διός · Αρχαιολογική άποψη,Sanctuary of Zeus on Mount Lykaion · Archaeological view,Ιερό του Λυκαίου Διός: αρχαιολογική άποψη,Sanctuary of Zeus on Mount Lykaion: archaeological view,1600,1062,7187081e4dc25acbc7a78e29a3a25b64658027a19aeb165f0f7f29c73c32df8b,2026-08-15,reviewed
media-sanctuary-mount-lykaion-zeus-sanctuary-02,sanctuary-mount-lykaion-zeus-sanctuary,2,gallery,assets/media/sanctuary-mount-lykaion-zeus-sanctuary/02.webp,https://commons.wikimedia.org/wiki/File:Altar_of_Zeus_at_Mount_Lykaion%2C_Lyka10.jpg,https://upload.wikimedia.org/wikipedia/commons/4/42/Altar_of_Zeus_at_Mount_Lykaion%2C_Lyka10.jpg?utm_source=commons.wikimedia.org&utm_campaign=imageinfo&utm_content=original,"Altar of Zeus at Mount Lykaion, Lyka10.jpg",Zde,CC BY-SA 4.0,https://creativecommons.org/licenses/by-sa/4.0,Own work,Ιερό του Λυκαίου Διός · Αρχαιολογική άποψη,Sanctuary of Zeus on Mount Lykaion · Archaeological view,Ιερό του Λυκαίου Διός: αρχαιολογική άποψη,Sanctuary of Zeus on Mount Lykaion: archaeological view,1600,1067,97337154d5556331bfa6707a2e2bf8e974bed208b5d3ea7982532793059f64ef,2026-08-15,reviewed
media-sanctuary-naukratis-hellenion-01,sanctuary-naukratis-hellenion,1,primary,assets/media/sanctuary-naukratis-hellenion/01.webp,https://commons.wikimedia.org/wiki/File:Relief_hoplite_Naukratis_BM_1900%2C0214.21.jpg,https://upload.wikimedia.org/wikipedia/commons/2/22/Relief_hoplite_Naukratis_BM_1900%2C0214.21.jpg?utm_source=commons.wikimedia.org&utm_campaign=imageinfo&utm_content=original,"Relief hoplite Naukratis BM 1900,0214.21.jpg",Zunkir,CC BY-SA 4.0,https://creativecommons.org/licenses/by-sa/4.0,Own work,Ελλήνιο της Ναυκράτιδος · Αρχαίο έργο ή εύρημα,Hellenion at Naukratis · Ancient artwork or object,Ελλήνιο της Ναυκράτιδος: αρχαίο έργο ή εύρημα,Hellenion at Naukratis: ancient artwork or object,1409,1600,748724e6d45ee50bc506754b8bd3bbb8fb44022b5824c920ee864590634da828,2026-08-15,reviewed
media-sanctuary-naukratis-hellenion-02,sanctuary-naukratis-hellenion,2,gallery,assets/media/sanctuary-naukratis-hellenion/02.webp,https://commons.wikimedia.org/wiki/File:Petrie%27s_sketch_plan_of_Naucratis.jpg,https://upload.wikimedia.org/wikipedia/commons/6/62/Petrie%27s_sketch_plan_of_Naucratis.jpg?utm_source=commons.wikimedia.org&utm_campaign=imageinfo&utm_content=original,Petrie's sketch plan of Naucratis.jpg,Carrilano,Public domain,https://creativecommons.org/publicdomain/mark/1.0/,Own work,Ελλήνιο της Ναυκράτιδος · Ιστορικός χάρτης,Hellenion at Naukratis · Historical map,Ελλήνιο της Ναυκράτιδος: ιστορικόσ χάρτησ,Hellenion at Naukratis: historical map,419,594,5086eead3b3fd8a5301165e3da28f91775cdc07cfbcbcb874c5b652f4e2acf95,2026-08-15,reviewed
media-sanctuary-nemea-zeus-sanctuary-01,sanctuary-nemea-zeus-sanctuary,1,primary,assets/media/sanctuary-nemea-zeus-sanctuary/01.webp,https://commons.wikimedia.org/wiki/File:The_Temple_of_Nemean_Zeus_on_October_31%2C_2019.jpg,https://upload.wikimedia.org/wikipedia/commons/e/e9/The_Temple_of_Nemean_Zeus_on_October_31%2C_2019.jpg?utm_source=commons.wikimedia.org&utm_campaign=imageinfo&utm_content=original,"The Temple of Nemean Zeus on October 31, 2019.jpg",George E. Koronaios,CC0 1.0,https://creativecommons.org/publicdomain/zero/1.0/deed.en,Own work,Ιερό του Νεμείου Διός · Αρχαιολογική άποψη,Sanctuary of Nemean Zeus · Archaeological view,Ιερό του Νεμείου Διός: αρχαιολογική άποψη,Sanctuary of Nemean Zeus: archaeological view,1600,1067,0da70da83d69317dac731a63278579e6a724cdc94807adb66d3d54bdcd1924e6,2026-08-15,reviewed
media-sanctuary-nemea-zeus-sanctuary-02,sanctuary-nemea-zeus-sanctuary,2,gallery,assets/media/sanctuary-nemea-zeus-sanctuary/02.webp,https://commons.wikimedia.org/wiki/File:Foundations_for_sanctuary_groups_and_Temple_of_Nemean_Zeus%2C_201751.jpg,https://upload.wikimedia.org/wikipedia/commons/a/a1/Foundations_for_sanctuary_groups_and_Temple_of_Nemean_Zeus%2C_201751.jpg?utm_source=commons.wikimedia.org&utm_campaign=imageinfo&utm_content=original,"Foundations for sanctuary groups and Temple of Nemean Zeus, 201751.jpg",Zde,CC BY-SA 4.0,https://creativecommons.org/licenses/by-sa/4.0,Own work,Ιερό του Νεμείου Διός · Αρχαιολογική άποψη,Sanctuary of Nemean Zeus · Archaeological view,Ιερό του Νεμείου Διός: αρχαιολογική άποψη,Sanctuary of Nemean Zeus: archaeological view,1600,1064,f81d8cd8c12b1ac9d7d747eb5e1efac6eead554f60465c6b86422eaee850d09b,2026-08-15,reviewed
media-sanctuary-olbia-apollo-delphinios-sanctuary-01,sanctuary-olbia-apollo-delphinios-sanctuary,1,primary,assets/media/sanctuary-olbia-apollo-delphinios-sanctuary/01.webp,https://commons.wikimedia.org/wiki/File:%D0%9F%D1%80%D0%BE%D1%86%D0%B5%D1%81_%D1%84%D0%BE%D1%82%D0%BE%D1%84%D1%96%D0%BA%D1%81%D0%B0%D1%86%D1%96%D1%97_%D0%B7%D0%B0%D0%B3%D0%B0%D0%BB%D1%8C%D0%BD%D0%BE%D0%B3%D0%BE_%D0%B2%D0%B8%D0%B3%D0%BB%D1%8F%D0%B4%D1%83_%D1%80%D0%BE%D0%B7%D0%BA%D0%BE%D0%BF%D1%83_%D0%BA%D1%83%D0%BB%D1%8C%D1%82%D0%BE%D0%B2%D0%BE%D0%B3%D0%BE_%D1%81%D0%BF%D0%BE%D1%80%D1%83%D0%B4%D0%B6%D0%B5%D0%BD%D0%BD%D1%8F_(_VI_%E2%80%93_V_%D1%81%D1%82._%D0%B4%D0%BE_%D0%BD._%D0%B5.)._%D0%9E%D0%BB%D1%8C%D0%B2%D1%96%D1%8F%2C_2019.jpg,https://upload.wikimedia.org/wikipedia/commons/4/4e/%D0%9F%D1%80%D0%BE%D1%86%D0%B5%D1%81_%D1%84%D0%BE%D1%82%D0%BE%D1%84%D1%96%D0%BA%D1%81%D0%B0%D1%86%D1%96%D1%97_%D0%B7%D0%B0%D0%B3%D0%B0%D0%BB%D1%8C%D0%BD%D0%BE%D0%B3%D0%BE_%D0%B2%D0%B8%D0%B3%D0%BB%D1%8F%D0%B4%D1%83_%D1%80%D0%BE%D0%B7%D0%BA%D0%BE%D0%BF%D1%83_%D0%BA%D1%83%D0%BB%D1%8C%D1%82%D0%BE%D0%B2%D0%BE%D0%B3%D0%BE_%D1%81%D0%BF%D0%BE%D1%80%D1%83%D0%B4%D0%B6%D0%B5%D0%BD%D0%BD%D1%8F_%28_VI_%E2%80%93_V_%D1%81%D1%82._%D0%B4%D0%BE_%D0%BD._%D0%B5.%29._%D0%9E%D0%BB%D1%8C%D0%B2%D1%96%D1%8F%2C_2019.jpg?utm_source=commons.wikimedia.org&utm_campaign=imageinfo&utm_content=original,"Процес фотофіксації загального вигляду розкопу культового спорудження ( VI – V ст. до н. е.). Ольвія, 2019.jpg",Yanish E,CC BY 4.0,https://creativecommons.org/licenses/by/4.0,Own work,Ιερό του Απόλλωνα Δελφινίου στην Ολβία · Αρχαιολογική άποψη,Sanctuary of Apollo Delphinios at Olbia Pontica · Archaeological view,Ιερό του Απόλλωνα Δελφινίου στην Ολβία: αρχαιολογική άποψη,Sanctuary of Apollo Delphinios at Olbia Pontica: archaeological view,1600,1198,6745e93b0b17d98495790da96f6023b9b022d1e8845e4cba23ce843d2b01248b,2026-08-15,reviewed
media-sanctuary-olbia-apollo-delphinios-sanctuary-02,sanctuary-olbia-apollo-delphinios-sanctuary,2,gallery,assets/media/sanctuary-olbia-apollo-delphinios-sanctuary/02.webp,https://commons.wikimedia.org/wiki/File:Olbia_-_400-380_BC_-_bronze_coin_-_gorgoneion_-_eagle_with_dolphin_-_Berlin_MK_BM_18202520.jpg,https://upload.wikimedia.org/wikipedia/commons/0/0d/Olbia_-_400-380_BC_-_bronze_coin_-_gorgoneion_-_eagle_with_dolphin_-_Berlin_MK_BM_18202520.jpg?utm_source=commons.wikimedia.org&utm_campaign=imageinfo&utm_content=original,Olbia - 400-380 BC - bronze coin - gorgoneion - eagle with dolphin - Berlin MK BM 18202520.jpg,ArchaiOptix,CC BY-SA 4.0,https://creativecommons.org/licenses/by-sa/4.0,Own work,Ιερό του Απόλλωνα Δελφινίου στην Ολβία · Αρχαίο έργο ή εύρημα,Sanctuary of Apollo Delphinios at Olbia Pontica · Ancient artwork or object,Ιερό του Απόλλωνα Δελφινίου στην Ολβία: αρχαίο έργο ή εύρημα,Sanctuary of Apollo Delphinios at Olbia Pontica: ancient artwork or object,1600,1318,b6772c9862403e8b84821f2ecb90fd9a215f33203a30258f94132ee6eebee7b3,2026-08-15,reviewed
media-sanctuary-olympia-zeus-sanctuary-01,sanctuary-olympia-zeus-sanctuary,1,primary,assets/media/sanctuary-olympia-zeus-sanctuary/01.webp,https://commons.wikimedia.org/wiki/File:Archaeological_Site_of_Ancient_Olympia_-_5.jpg,https://upload.wikimedia.org/wikipedia/commons/5/5b/Archaeological_Site_of_Ancient_Olympia_-_5.jpg?utm_source=commons.wikimedia.org&utm_campaign=imageinfo&utm_content=original,Archaeological Site of Ancient Olympia - 5.jpg,Annatsach,CC BY-SA 4.0,https://creativecommons.org/licenses/by-sa/4.0,Own work,Ιερό του Δία στην Ολυμπία · Αρχαιολογική άποψη,Sanctuary of Zeus at Olympia · Archaeological view,Ιερό του Δία στην Ολυμπία: αρχαιολογική άποψη,Sanctuary of Zeus at Olympia: archaeological view,1600,1068,2dc6592425dd75210510ed4aaa96ebfe0daedee60f8229b428ae85c3182e3df8,2026-08-15,reviewed
media-sanctuary-olympia-zeus-sanctuary-02,sanctuary-olympia-zeus-sanctuary,2,gallery,assets/media/sanctuary-olympia-zeus-sanctuary/02.webp,https://commons.wikimedia.org/wiki/File:Archaeological_Site_of_Ancient_Olympia_-_6.jpg,https://upload.wikimedia.org/wikipedia/commons/d/d7/Archaeological_Site_of_Ancient_Olympia_-_6.jpg?utm_source=commons.wikimedia.org&utm_campaign=imageinfo&utm_content=original,Archaeological Site of Ancient Olympia - 6.jpg,Annatsach,CC BY-SA 4.0,https://creativecommons.org/licenses/by-sa/4.0,Own work,Ιερό του Δία στην Ολυμπία · Αρχαιολογική άποψη,Sanctuary of Zeus at Olympia · Archaeological view,Ιερό του Δία στην Ολυμπία: αρχαιολογική άποψη,Sanctuary of Zeus at Olympia: archaeological view,1600,1068,d3d828afe8f8d74540e06b2bee70ac084af2c14d21cd0bdfacf16a877a696de4,2026-08-15,reviewed
media-sanctuary-oropos-amphiareion-01,sanctuary-oropos-amphiareion,1,primary,assets/media/sanctuary-oropos-amphiareion/01.webp,https://commons.wikimedia.org/wiki/File:Amphiareion_archaeological_site_-_map_of_the_site.jpg,https://upload.wikimedia.org/wikipedia/commons/7/77/Amphiareion_archaeological_site_-_map_of_the_site.jpg?utm_source=commons.wikimedia.org&utm_campaign=imageinfo&utm_content=original,Amphiareion archaeological site - map of the site.jpg,TimeTravelRome,CC BY 2.0,https://creativecommons.org/licenses/by/2.0,https://www.flickr.com/photos/timetravelrome/52000942039/,Αμφιαράειο Ωρωπού · Ιστορικός χάρτης,Amphiareion of Oropos · Historical map,Αμφιαράειο Ωρωπού: ιστορικόσ χάρτησ,Amphiareion of Oropos: historical map,1600,870,b4cb02a1e0770b38454381275fd9240b16d221ce93b1a7ac746980cd0ab78fc4,2026-08-15,reviewed
media-sanctuary-oropos-amphiareion-02,sanctuary-oropos-amphiareion,2,gallery,assets/media/sanctuary-oropos-amphiareion/02.webp,https://commons.wikimedia.org/wiki/File:View_of_the_Amphiareion_at_Oropos_from_the_entrance_to_the_archaeological_site_on_July_24%2C_2020.jpg,https://upload.wikimedia.org/wikipedia/commons/2/21/View_of_the_Amphiareion_at_Oropos_from_the_entrance_to_the_archaeological_site_on_July_24%2C_2020.jpg?utm_source=commons.wikimedia.org&utm_campaign=imageinfo&utm_content=original,"View of the Amphiareion at Oropos from the entrance to the archaeological site on July 24, 2020.jpg",George E. Koronaios,CC0 1.0,https://creativecommons.org/publicdomain/zero/1.0/deed.en,Own work,Αμφιαράειο Ωρωπού · Αρχαιολογική άποψη,Amphiareion of Oropos · Archaeological view,Αμφιαράειο Ωρωπού: αρχαιολογική άποψη,Amphiareion of Oropos: archaeological view,1600,1067,3bfca70e6aec90deede2c06655d32675629bbba42445f2df41266a74fe8dda20,2026-08-15,reviewed
media-sanctuary-palaepaphos-aphrodite-sanctuary-01,sanctuary-palaepaphos-aphrodite-sanctuary,1,primary,assets/media/sanctuary-palaepaphos-aphrodite-sanctuary/01.webp,https://commons.wikimedia.org/wiki/File:Sanctuary_Aphrodite_Kouklia_Cyprus_05.jpg,https://upload.wikimedia.org/wikipedia/commons/7/7f/Sanctuary_Aphrodite_Kouklia_Cyprus_05.jpg?utm_source=commons.wikimedia.org&utm_campaign=imageinfo&utm_content=original,Sanctuary Aphrodite Kouklia Cyprus 05.jpg,Nikodem Nijaki,CC BY-SA 3.0,https://creativecommons.org/licenses/by-sa/3.0,Own work,Ιερό της Αφροδίτης στην Παλαίπαφο · Αρχαιολογική άποψη,Sanctuary of Aphrodite at Palaepaphos · Archaeological view,Ιερό της Αφροδίτης στην Παλαίπαφο: αρχαιολογική άποψη,Sanctuary of Aphrodite at Palaepaphos: archaeological view,1600,899,ff87187ced6675b26f0b0559888507e294ed581a2ffed640dfbe8678920f9067,2026-08-15,reviewed
media-sanctuary-palaepaphos-aphrodite-sanctuary-02,sanctuary-palaepaphos-aphrodite-sanctuary,2,gallery,assets/media/sanctuary-palaepaphos-aphrodite-sanctuary/02.webp,https://commons.wikimedia.org/wiki/File:The_remains_of_the_Roman_Temple_of_Aphrodite%2C_Palaepaphos%2C_the_famous_Sanctuary_of_Aphrodite%2C_a_large_centre_of_worship_established_in_the_12th_century_BC%2C_Kouklia%2C_Cyprus_-_23908763884.jpg,https://upload.wikimedia.org/wikipedia/commons/5/51/The_remains_of_the_Roman_Temple_of_Aphrodite%2C_Palaepaphos%2C_the_famous_Sanctuary_of_Aphrodite%2C_a_large_centre_of_worship_established_in_the_12th_century_BC%2C_Kouklia%2C_Cyprus_-_23908763884.jpg?utm_source=commons.wikimedia.org&utm_campaign=imageinfo&utm_content=original,"The remains of the Roman Temple of Aphrodite, Palaepaphos, the famous Sanctuary of Aphrodite, a large centre of worship established in the 12th century BC, Kouklia, Cyprus - 23908763884.jpg",Carole Raddato,CC BY-SA 2.0,https://creativecommons.org/licenses/by-sa/2.0,https://www.flickr.com/photos/41523983@N08/23908763884/,Ιερό της Αφροδίτης στην Παλαίπαφο · Αρχαιολογική άποψη,Sanctuary of Aphrodite at Palaepaphos · Archaeological view,Ιερό της Αφροδίτης στην Παλαίπαφο: αρχαιολογική άποψη,Sanctuary of Aphrodite at Palaepaphos: archaeological view,1600,1058,f73497ff0d9592479ede147c9810313b2abff89685e8a3049bf7ea41d7fcb520,2026-08-15,reviewed
media-sanctuary-panionion-poseidon-sanctuary-01,sanctuary-panionion-poseidon-sanctuary,1,primary,assets/media/sanctuary-panionion-poseidon-sanctuary/01.webp,https://commons.wikimedia.org/wiki/File:Panionium_theatre.jpg,https://upload.wikimedia.org/wikipedia/commons/d/de/Panionium_theatre.jpg?utm_source=commons.wikimedia.org&utm_campaign=imageinfo&utm_content=original,Panionium theatre.jpg,Isabeau,CC BY-SA 4.0,https://creativecommons.org/licenses/by-sa/4.0,Own work,Πανιώνιο · Αρχαιολογική άποψη,Panionion Sanctuary · Archaeological view,Πανιώνιο: αρχαιολογική άποψη,Panionion Sanctuary: archaeological view,1600,1063,8468e785d35b4b9b05c0a2519062f07c3eca107af6b492845efdac3240a376bd,2026-08-15,reviewed
media-sanctuary-panionion-poseidon-sanctuary-02,sanctuary-panionion-poseidon-sanctuary,2,gallery,assets/media/sanctuary-panionion-poseidon-sanctuary/02.webp,https://commons.wikimedia.org/wiki/File:Panionion_2.jpg,https://upload.wikimedia.org/wikipedia/commons/6/63/Panionion_2.jpg?utm_source=commons.wikimedia.org&utm_campaign=imageinfo&utm_content=original,Panionion 2.jpg,O.Mustafin,CC0 1.0,https://creativecommons.org/publicdomain/zero/1.0/deed.en,Own work,Πανιώνιο · Αρχαιολογική άποψη,Panionion Sanctuary · Archaeological view,Πανιώνιο: αρχαιολογική άποψη,Panionion Sanctuary: archaeological view,1600,1200,6bfd8e641dab85cf1399792ca083eeff6301b40e9e4f2b78ccba9956333096a7,2026-08-15,reviewed
media-sanctuary-pantikapaion-apollo-ietros-sanctuary-01,sanctuary-pantikapaion-apollo-ietros-sanctuary,1,primary,assets/media/sanctuary-pantikapaion-apollo-ietros-sanctuary/01.webp,https://commons.wikimedia.org/wiki/File:%D0%90%D1%80%D1%85%D1%96%D1%82%D0%B5%D0%BA%D1%82%D1%83%D1%80%D0%BD%D0%BE-%D0%B0%D1%80%D1%85%D0%B5%D0%BE%D0%BB%D0%BE%D0%B3%D1%96%D1%87%D0%BD%D0%B8%D0%B9_%D0%BA%D0%BE%D0%BC%D0%BF%D0%BB%D0%B5%D0%BA%D1%81_%C2%AB%D0%A1%D1%82%D0%B0%D1%80%D0%BE%D0%B4%D0%B0%D0%B2%D0%BD%D1%94_%D0%BC%D1%96%D1%81%D1%82%D0%BE_%D0%9F%D0%B0%D0%BD%D1%82%D1%96%D0%BA%D0%B0%D0%BF%D0%B5%D0%B9%C2%BB.JPG,https://upload.wikimedia.org/wikipedia/commons/e/e3/%D0%90%D1%80%D1%85%D1%96%D1%82%D0%B5%D0%BA%D1%82%D1%83%D1%80%D0%BD%D0%BE-%D0%B0%D1%80%D1%85%D0%B5%D0%BE%D0%BB%D0%BE%D0%B3%D1%96%D1%87%D0%BD%D0%B8%D0%B9_%D0%BA%D0%BE%D0%BC%D0%BF%D0%BB%D0%B5%D0%BA%D1%81_%C2%AB%D0%A1%D1%82%D0%B0%D1%80%D0%BE%D0%B4%D0%B0%D0%B2%D0%BD%D1%94_%D0%BC%D1%96%D1%81%D1%82%D0%BE_%D0%9F%D0%B0%D0%BD%D1%82%D1%96%D0%BA%D0%B0%D0%BF%D0%B5%D0%B9%C2%BB.JPG?utm_source=commons.wikimedia.org&utm_campaign=imageinfo&utm_content=original,Архітектурно-археологічний комплекс «Стародавнє місто Пантікапей».JPG,Derevyagin Igor,CC BY-SA 3.0,https://creativecommons.org/licenses/by-sa/3.0,Own work,Ιερό του Απόλλωνα Ιητρού στο Παντικάπαιο · Αρχαιολογική άποψη,Sanctuary of Apollo Ietros at Pantikapaion · Archaeological view,Ιερό του Απόλλωνα Ιητρού στο Παντικάπαιο: αρχαιολογική άποψη,Sanctuary of Apollo Ietros at Pantikapaion: archaeological view,1600,1067,1424a0f4d9658422f48a4e705283582cf841a4275daf244375cd37e9d2e11002,2026-08-15,reviewed
media-sanctuary-pantikapaion-apollo-ietros-sanctuary-02,sanctuary-pantikapaion-apollo-ietros-sanctuary,2,gallery,assets/media/sanctuary-pantikapaion-apollo-ietros-sanctuary/02.webp,https://commons.wikimedia.org/wiki/File:Monnaie_-_T%C3%A9tradrachme%2C_Argent%2C_Panticap%C3%A9e%2C_Chersonn%C3%A8se_Taurique_-_btv1b8589642q_(1_of_2).jpg,https://upload.wikimedia.org/wikipedia/commons/3/32/Monnaie_-_T%C3%A9tradrachme%2C_Argent%2C_Panticap%C3%A9e%2C_Chersonn%C3%A8se_Taurique_-_btv1b8589642q_%281_of_2%29.jpg?utm_source=commons.wikimedia.org&utm_campaign=imageinfo&utm_content=original,"Monnaie - Tétradrachme, Argent, Panticapée, Chersonnèse Taurique - btv1b8589642q (1 of 2).jpg",Panticapée (Chersonèse Taurique ; atelier monétaire). Atelier monétaire,Public domain,https://creativecommons.org/publicdomain/mark/1.0/,Bibliothèque nationale de France,Ιερό του Απόλλωνα Ιητρού στο Παντικάπαιο · Αρχαίο έργο ή εύρημα,Sanctuary of Apollo Ietros at Pantikapaion · Ancient artwork or object,Ιερό του Απόλλωνα Ιητρού στο Παντικάπαιο: αρχαίο έργο ή εύρημα,Sanctuary of Apollo Ietros at Pantikapaion: ancient artwork or object,1600,1551,f0d7116301c9508e30ad44de9d9e030ae65ed83ce35964a3ca904ac5c0221daf,2026-08-15,reviewed
media-sanctuary-perachora-heraion-01,sanctuary-perachora-heraion,1,primary,assets/media/sanctuary-perachora-heraion/01.webp,https://commons.wikimedia.org/wiki/File:The_Heraion_of_Perachora%2C_Temple_of_Hera._%D0%98%D1%80%D0%B5%D0%B9%D0%BE%D0%BD%2C_%D0%B1%D1%83%D1%85%D1%82%D0%B0_%D0%93%D0%B5%D1%80%D1%8B._-_panoramio.jpg,https://upload.wikimedia.org/wikipedia/commons/4/4c/The_Heraion_of_Perachora%2C_Temple_of_Hera._%D0%98%D1%80%D0%B5%D0%B9%D0%BE%D0%BD%2C_%D0%B1%D1%83%D1%85%D1%82%D0%B0_%D0%93%D0%B5%D1%80%D1%8B._-_panoramio.jpg?utm_source=commons.wikimedia.org&utm_campaign=imageinfo&utm_content=original,"The Heraion of Perachora, Temple of Hera. Ирейон, бухта Геры. - panoramio.jpg",Natalia Semenova,CC BY 3.0,https://creativecommons.org/licenses/by/3.0,Natalia Semenova,Ηραίο Περαχώρας · Αρχαιολογική άποψη,Heraion of Perachora · Archaeological view,Ηραίο Περαχώρας: αρχαιολογική άποψη,Heraion of Perachora: archaeological view,1600,1200,9c4d71cc0e5646d0aa54f8cf91555b32867febdb8ba9c2343dcd63013360a2c9,2026-08-15,reviewed
media-sanctuary-perachora-heraion-02,sanctuary-perachora-heraion,2,gallery,assets/media/sanctuary-perachora-heraion/02.webp,https://commons.wikimedia.org/wiki/File:Heraion_of_Perachora%2C_Greece_01.jpg,https://upload.wikimedia.org/wikipedia/commons/9/9a/Heraion_of_Perachora%2C_Greece_01.jpg?utm_source=commons.wikimedia.org&utm_campaign=imageinfo&utm_content=original,"Heraion of Perachora, Greece 01.jpg",Donarreiskoffer,CC BY-SA 4.0,https://creativecommons.org/licenses/by-sa/4.0,Own work,Ηραίο Περαχώρας · Αρχαιολογική άποψη,Heraion of Perachora · Archaeological view,Ηραίο Περαχώρας: αρχαιολογική άποψη,Heraion of Perachora: archaeological view,1600,1200,8e5e81e616791805d502f819ee26f2e96473482aad52a8b0411b8a345a5331f6,2026-08-15,reviewed
media-sanctuary-pergamon-asklepieion-01,sanctuary-pergamon-asklepieion,1,primary,assets/media/sanctuary-pergamon-asklepieion/01.webp,https://commons.wikimedia.org/wiki/File:Pergamon_Asklepieion%2C_Aeolis%2C_Turkey_-_53323192672.jpg,https://upload.wikimedia.org/wikipedia/commons/2/2d/Pergamon_Asklepieion%2C_Aeolis%2C_Turkey_-_53323192672.jpg?utm_source=commons.wikimedia.org&utm_campaign=imageinfo&utm_content=original,"Pergamon Asklepieion, Aeolis, Turkey - 53323192672.jpg",Carole Raddato,CC BY-SA 2.0,https://creativecommons.org/licenses/by-sa/2.0,https://www.flickr.com/photos/41523983@N08/53323192672/,Ασκληπιείο Περγάμου · Αρχαιολογική άποψη,Asklepieion of Pergamon · Archaeological view,Ασκληπιείο Περγάμου: αρχαιολογική άποψη,Asklepieion of Pergamon: archaeological view,1600,1068,73a3384a6008c644038d5b4dc6a4be26aa1cf2c092c93564f226e8707c5f8d20,2026-08-15,reviewed
media-sanctuary-pergamon-asklepieion-02,sanctuary-pergamon-asklepieion,2,gallery,assets/media/sanctuary-pergamon-asklepieion/02.webp,https://commons.wikimedia.org/wiki/File:Pergamon_Asklepieion%2C_Aeolis%2C_Turkey_-_53323195752.jpg,https://upload.wikimedia.org/wikipedia/commons/c/cc/Pergamon_Asklepieion%2C_Aeolis%2C_Turkey_-_53323195752.jpg?utm_source=commons.wikimedia.org&utm_campaign=imageinfo&utm_content=original,"Pergamon Asklepieion, Aeolis, Turkey - 53323195752.jpg",Carole Raddato,CC BY-SA 2.0,https://creativecommons.org/licenses/by-sa/2.0,https://www.flickr.com/photos/41523983@N08/53323195752/,Ασκληπιείο Περγάμου · Αρχαιολογική άποψη,Asklepieion of Pergamon · Archaeological view,Ασκληπιείο Περγάμου: αρχαιολογική άποψη,Asklepieion of Pergamon: archaeological view,1600,1068,05af2f9bca9a685e27b729b10aa86c69d6b9dd8200d9411f2c1751e6f94254a7,2026-08-15,reviewed
media-sanctuary-priene-athena-polias-sanctuary-01,sanctuary-priene-athena-polias-sanctuary,1,primary,assets/media/sanctuary-priene-athena-polias-sanctuary/01.webp,https://commons.wikimedia.org/wiki/File:Priene_Athena_Temple_focus_on_columns_2007_4286.jpg,https://upload.wikimedia.org/wikipedia/commons/c/c8/Priene_Athena_Temple_focus_on_columns_2007_4286.jpg?utm_source=commons.wikimedia.org&utm_campaign=imageinfo&utm_content=original,Priene Athena Temple focus on columns 2007 4286.jpg,Dosseman,CC BY-SA 4.0,https://creativecommons.org/licenses/by-sa/4.0,Own work,Ιερό της Αθηνάς Πολιάδος στην Πριήνη · Αρχαιολογική άποψη,Sanctuary of Athena Polias at Priene · Archaeological view,Ιερό της Αθηνάς Πολιάδος στην Πριήνη: αρχαιολογική άποψη,Sanctuary of Athena Polias at Priene: archaeological view,1600,1063,8d7961d54d85554c4310a06160067ca378710509e30730eaf55b18d16a7a52c9,2026-08-15,reviewed
media-sanctuary-priene-athena-polias-sanctuary-02,sanctuary-priene-athena-polias-sanctuary,2,gallery,assets/media/sanctuary-priene-athena-polias-sanctuary/02.webp,https://commons.wikimedia.org/wiki/File:Priene_Athena_Temple_focus_on_columns_2007_4287.jpg,https://upload.wikimedia.org/wikipedia/commons/4/4f/Priene_Athena_Temple_focus_on_columns_2007_4287.jpg?utm_source=commons.wikimedia.org&utm_campaign=imageinfo&utm_content=original,Priene Athena Temple focus on columns 2007 4287.jpg,Dosseman,CC BY-SA 4.0,https://creativecommons.org/licenses/by-sa/4.0,Own work,Ιερό της Αθηνάς Πολιάδος στην Πριήνη · Αρχαιολογική άποψη,Sanctuary of Athena Polias at Priene · Archaeological view,Ιερό της Αθηνάς Πολιάδος στην Πριήνη: αρχαιολογική άποψη,Sanctuary of Athena Polias at Priene: archaeological view,1600,1063,c6a7065bc7c7f578295bbf564a06bbb1ffe575d989b07ef0ceb63f91634b4aaf,2026-08-15,reviewed
media-sanctuary-rhodes-zeus-atabyrios-sanctuary-01,sanctuary-rhodes-zeus-atabyrios-sanctuary,1,primary,assets/media/sanctuary-rhodes-zeus-atabyrios-sanctuary/01.webp,https://commons.wikimedia.org/wiki/File:Ataviros%2C_Greece_-_panoramio_(29).jpg,https://upload.wikimedia.org/wikipedia/commons/4/46/Ataviros%2C_Greece_-_panoramio_%2829%29.jpg?utm_source=commons.wikimedia.org&utm_campaign=imageinfo&utm_content=original,"Ataviros, Greece - panoramio (29).jpg",Tatiana Bashinskaya,CC BY 3.0,https://creativecommons.org/licenses/by/3.0,Tatiana Bashinskaya,Ιερό του Αταβυρίου Διός · Αρχαιολογική άποψη,Sanctuary of Zeus Atabyrios · Archaeological view,Ιερό του Αταβυρίου Διός: αρχαιολογική άποψη,Sanctuary of Zeus Atabyrios: archaeological view,1600,1065,de934226b6cc8789e8aa0d58f8d1f9574242051f7a75709c3b14181ee1879b8c,2026-08-15,reviewed
media-sanctuary-rhodes-zeus-atabyrios-sanctuary-02,sanctuary-rhodes-zeus-atabyrios-sanctuary,2,gallery,assets/media/sanctuary-rhodes-zeus-atabyrios-sanctuary/02.webp,https://commons.wikimedia.org/wiki/File:Ataviros%2C_Greece_-_panoramio_(31).jpg,https://upload.wikimedia.org/wikipedia/commons/5/5e/Ataviros%2C_Greece_-_panoramio_%2831%29.jpg?utm_source=commons.wikimedia.org&utm_campaign=imageinfo&utm_content=original,"Ataviros, Greece - panoramio (31).jpg",Mitroshk,CC BY 3.0,https://creativecommons.org/licenses/by/3.0,Mitroshk,Ιερό του Αταβυρίου Διός · Αρχαιολογική άποψη,Sanctuary of Zeus Atabyrios · Archaeological view,Ιερό του Αταβυρίου Διός: αρχαιολογική άποψη,Sanctuary of Zeus Atabyrios: archaeological view,1600,1200,e2fbd762ed6e5b7ef80fdfb0f8889990fc447264c572849e2bbd9f0d7eb4a093,2026-08-15,reviewed
media-sanctuary-samos-heraion-01,sanctuary-samos-heraion,1,primary,assets/media/sanctuary-samos-heraion/01.webp,https://commons.wikimedia.org/wiki/File:Heraion_of_Samos_2.jpg,https://upload.wikimedia.org/wikipedia/commons/1/10/Heraion_of_Samos_2.jpg?utm_source=commons.wikimedia.org&utm_campaign=imageinfo&utm_content=original,Heraion of Samos 2.jpg,Tomisti,CC BY-SA 4.0,https://creativecommons.org/licenses/by-sa/4.0,Own work,Ηραίο Σάμου · Αρχαιολογική άποψη,Heraion of Samos · Archaeological view,Ηραίο Σάμου: αρχαιολογική άποψη,Heraion of Samos: archaeological view,1600,1049,c30cb6809a51e98c6af62cd7c2692e31aeef4bb525ca7100cf8cd2c65c3822c3,2026-08-15,reviewed
media-sanctuary-samos-heraion-02,sanctuary-samos-heraion,2,gallery,assets/media/sanctuary-samos-heraion/02.webp,https://commons.wikimedia.org/wiki/File:Heraion_of_Samos_3.jpg,https://upload.wikimedia.org/wikipedia/commons/9/98/Heraion_of_Samos_3.jpg?utm_source=commons.wikimedia.org&utm_campaign=imageinfo&utm_content=original,Heraion of Samos 3.jpg,Tomisti,CC BY-SA 4.0,https://creativecommons.org/licenses/by-sa/4.0,Own work,Ηραίο Σάμου · Αρχαιολογική άποψη,Heraion of Samos · Archaeological view,Ηραίο Σάμου: αρχαιολογική άποψη,Heraion of Samos: archaeological view,1600,1200,f37fd8d4282a23ba8b48014982de362d206325aba75cf5361ce5d8904e3f7954,2026-08-15,reviewed
media-sanctuary-samothrace-great-gods-sanctuary-01,sanctuary-samothrace-great-gods-sanctuary,1,primary,assets/media/sanctuary-samothrace-great-gods-sanctuary/01.webp,https://commons.wikimedia.org/wiki/File:Sanctuary_of_the_Great_Gods_and_the_sea.jpg,https://upload.wikimedia.org/wikipedia/commons/9/9c/Sanctuary_of_the_Great_Gods_and_the_sea.jpg?utm_source=commons.wikimedia.org&utm_campaign=imageinfo&utm_content=original,Sanctuary of the Great Gods and the sea.jpg,Ivan Koev,CC BY-SA 4.0,https://creativecommons.org/licenses/by-sa/4.0,Own work,Ιερό των Μεγάλων Θεών στη Σαμοθράκη · Αρχαιολογική άποψη,Sanctuary of the Great Gods at Samothrace · Archaeological view,Ιερό των Μεγάλων Θεών στη Σαμοθράκη: αρχαιολογική άποψη,Sanctuary of the Great Gods at Samothrace: archaeological view,1600,1067,7dcf38ec23c61b80f9181eae892e7344aa32cc0860f8bdb571f7e841e613d7c6,2026-08-15,reviewed
media-sanctuary-samothrace-great-gods-sanctuary-02,sanctuary-samothrace-great-gods-sanctuary,2,gallery,assets/media/sanctuary-samothrace-great-gods-sanctuary/02.webp,https://commons.wikimedia.org/wiki/File:Samothraki_Hieron.jpg,https://upload.wikimedia.org/wikipedia/commons/6/6a/Samothraki_Hieron.jpg?utm_source=commons.wikimedia.org&utm_campaign=imageinfo&utm_content=original,Samothraki Hieron.jpg,No machine-readable author provided. Marsyas assumed (based on copyright claims).,CC BY-SA 3.0,https://creativecommons.org/licenses/by-sa/3.0/,No machine-readable source provided. Own work assumed (based on copyright claims).,Ιερό των Μεγάλων Θεών στη Σαμοθράκη · Αρχαιολογική άποψη,Sanctuary of the Great Gods at Samothrace · Archaeological view,Ιερό των Μεγάλων Θεών στη Σαμοθράκη: αρχαιολογική άποψη,Sanctuary of the Great Gods at Samothrace: archaeological view,1024,768,812e6123e5416bd66d8f3944a988cdf1531a8fb6a3a32d624dfb5fc1aa3d4572,2026-08-15,reviewed
media-sanctuary-sardis-artemis-sanctuary-01,sanctuary-sardis-artemis-sanctuary,1,primary,assets/media/sanctuary-sardis-artemis-sanctuary/01.webp,https://commons.wikimedia.org/wiki/File:Artemis_Tap%C4%B1na%C4%9F%C4%B1_-_Sardes_Antik_Kenti.jpg,https://upload.wikimedia.org/wikipedia/commons/5/52/Artemis_Tap%C4%B1na%C4%9F%C4%B1_-_Sardes_Antik_Kenti.jpg?utm_source=commons.wikimedia.org&utm_campaign=imageinfo&utm_content=original,Artemis Tapınağı - Sardes Antik Kenti.jpg,Ferit BAYCUMAN,CC BY-SA 4.0,https://creativecommons.org/licenses/by-sa/4.0,Own work,Ιερό της Αρτέμιδος στις Σάρδεις · Αρχαιολογική άποψη,Sanctuary of Artemis at Sardis · Archaeological view,Ιερό της Αρτέμιδος στις Σάρδεις: αρχαιολογική άποψη,Sanctuary of Artemis at Sardis: archaeological view,1600,1067,4f516fb7000ee7edc3dffa0816a9d36475879c496786a49c76a39c68c8ddb073,2026-08-15,reviewed
media-sanctuary-sardis-artemis-sanctuary-02,sanctuary-sardis-artemis-sanctuary,2,gallery,assets/media/sanctuary-sardis-artemis-sanctuary/02.webp,https://commons.wikimedia.org/wiki/File:Temple_of_Artemis_in_Sardes.jpg,https://upload.wikimedia.org/wikipedia/commons/d/d0/Temple_of_Artemis_in_Sardes.jpg?utm_source=commons.wikimedia.org&utm_campaign=imageinfo&utm_content=original,Temple of Artemis in Sardes.jpg,Raicem,CC BY-SA 4.0,https://creativecommons.org/licenses/by-sa/4.0,Own work,Ιερό της Αρτέμιδος στις Σάρδεις · Αρχαιολογική άποψη,Sanctuary of Artemis at Sardis · Archaeological view,Ιερό της Αρτέμιδος στις Σάρδεις: αρχαιολογική άποψη,Sanctuary of Artemis at Sardis: archaeological view,1600,1200,0748d9b34d952af4a6798d9185e63747dcf5391bfa8010639305fc0a42e73192,2026-08-15,reviewed
media-sanctuary-segesta-doric-temple-sanctuary-01,sanctuary-segesta-doric-temple-sanctuary,1,primary,assets/media/sanctuary-segesta-doric-temple-sanctuary/01.webp,https://commons.wikimedia.org/wiki/File:Segesta_AncientGreekTemple_0932.jpg,https://upload.wikimedia.org/wikipedia/commons/0/0b/Segesta_AncientGreekTemple_0932.jpg?utm_source=commons.wikimedia.org&utm_campaign=imageinfo&utm_content=original,Segesta AncientGreekTemple 0932.jpg,Ludvig14,CC BY-SA 4.0,https://creativecommons.org/licenses/by-sa/4.0,Own work,Δωρικός ναός της Έγεστας · Αρχαιολογική άποψη,Doric Temple of Segesta · Archaeological view,Δωρικός ναός της Έγεστας: αρχαιολογική άποψη,Doric Temple of Segesta: archaeological view,1600,1015,1b1365a4440915513ebbf0dcf649b0cc0686f60deeec4ff175395aba5f2688eb,2026-08-15,reviewed
media-sanctuary-segesta-doric-temple-sanctuary-02,sanctuary-segesta-doric-temple-sanctuary,2,gallery,assets/media/sanctuary-segesta-doric-temple-sanctuary/02.webp,https://commons.wikimedia.org/wiki/File:The_Doric_temple_of_Segesta%2C_Sicily%2C_Italy_(4894100647).jpg,https://upload.wikimedia.org/wikipedia/commons/1/15/The_Doric_temple_of_Segesta%2C_Sicily%2C_Italy_%284894100647%29.jpg?utm_source=commons.wikimedia.org&utm_campaign=imageinfo&utm_content=original,"The Doric temple of Segesta, Sicily, Italy (4894100647).jpg","Michal Osmenda from Brussels, Belgium",CC BY-SA 2.0,https://creativecommons.org/licenses/by-sa/2.0,"The Doric temple of Segesta, Sicily, Italy",Δωρικός ναός της Έγεστας · Αρχαιολογική άποψη,Doric Temple of Segesta · Archaeological view,Δωρικός ναός της Έγεστας: αρχαιολογική άποψη,Doric Temple of Segesta: archaeological view,1600,1063,d8c10459d2160db26acb43828393a99d7dead83c038d5ff0a1ca81f99c9dc9ef,2026-08-15,reviewed
media-sanctuary-selinous-demeter-malophoros-sanctuary-01,sanctuary-selinous-demeter-malophoros-sanctuary,1,primary,assets/media/sanctuary-selinous-demeter-malophoros-sanctuary/01.webp,https://commons.wikimedia.org/wiki/File:Sanctuary_Selinunte935.jpg,https://upload.wikimedia.org/wikipedia/commons/9/9d/Sanctuary_Selinunte935.jpg?utm_source=commons.wikimedia.org&utm_campaign=imageinfo&utm_content=original,Sanctuary Selinunte935.jpg,User:Matthias Süßen,CC BY 3.0,https://creativecommons.org/licenses/by/3.0,Own work,Ιερό της Δήμητρας Μαλοφόρου στον Σελινούντα · Αρχαιολογική άποψη,Sanctuary of Demeter Malophoros at Selinus · Archaeological view,Ιερό της Δήμητρας Μαλοφόρου στον Σελινούντα: αρχαιολογική άποψη,Sanctuary of Demeter Malophoros at Selinus: archaeological view,1600,1067,23911201f6ec7bca5360713449d4412ae57c6975e203572c092d5ef0027eb037,2026-08-15,reviewed
media-sanctuary-selinous-demeter-malophoros-sanctuary-02,sanctuary-selinous-demeter-malophoros-sanctuary,2,gallery,assets/media/sanctuary-selinous-demeter-malophoros-sanctuary/02.webp,https://commons.wikimedia.org/wiki/File:Selinunte_malophoros3.jpg,https://upload.wikimedia.org/wikipedia/commons/8/8b/Selinunte_malophoros3.jpg?utm_source=commons.wikimedia.org&utm_campaign=imageinfo&utm_content=original,Selinunte malophoros3.jpg,Dedda71,CC BY-SA 3.0,https://creativecommons.org/licenses/by-sa/3.0,Own work,Ιερό της Δήμητρας Μαλοφόρου στον Σελινούντα · Αρχαιολογική άποψη,Sanctuary of Demeter Malophoros at Selinus · Archaeological view,Ιερό της Δήμητρας Μαλοφόρου στον Σελινούντα: αρχαιολογική άποψη,Sanctuary of Demeter Malophoros at Selinus: archaeological view,1600,1200,0561eeee15e2ff9347080fa046703d90cae2cf68cb4a43eb87f697dab86c4eb4,2026-08-15,reviewed
media-sanctuary-siwa-amun-zeus-oracle-01,sanctuary-siwa-amun-zeus-oracle,1,primary,assets/media/sanctuary-siwa-amun-zeus-oracle/01.webp,https://commons.wikimedia.org/wiki/File:Siwa_Oasis%2C_Temple_of_the_Oracle_of_Amun_2%2C_Egypt.jpg,https://upload.wikimedia.org/wikipedia/commons/1/16/Siwa_Oasis%2C_Temple_of_the_Oracle_of_Amun_2%2C_Egypt.jpg?utm_source=commons.wikimedia.org&utm_campaign=imageinfo&utm_content=original,"Siwa Oasis, Temple of the Oracle of Amun 2, Egypt.jpg",Vyacheslav Argenberg,CC BY 4.0,https://creativecommons.org/licenses/by/4.0,© Vyacheslav Argenberg,Μαντείο του Άμμωνα στη Σίβα · Αρχαιολογική άποψη,Oracle of Amun/Zeus Ammon at Siwa · Archaeological view,Μαντείο του Άμμωνα στη Σίβα: αρχαιολογική άποψη,Oracle of Amun/Zeus Ammon at Siwa: archaeological view,1600,1067,60c83d283dbbb32e9a52cdf011f3862a96eb3d5feab21ab71e8a8d975b22b7ae,2026-08-15,reviewed
media-sanctuary-siwa-amun-zeus-oracle-02,sanctuary-siwa-amun-zeus-oracle,2,gallery,assets/media/sanctuary-siwa-amun-zeus-oracle/02.webp,https://commons.wikimedia.org/wiki/File:Siwa_Oasis%2C_Temple_of_the_Oracle_of_Amun%2C_Egypt.jpg,https://upload.wikimedia.org/wikipedia/commons/7/74/Siwa_Oasis%2C_Temple_of_the_Oracle_of_Amun%2C_Egypt.jpg?utm_source=commons.wikimedia.org&utm_campaign=imageinfo&utm_content=original,"Siwa Oasis, Temple of the Oracle of Amun, Egypt.jpg",Vyacheslav Argenberg,CC BY 4.0,https://creativecommons.org/licenses/by/4.0,© Vyacheslav Argenberg,Μαντείο του Άμμωνα στη Σίβα · Αρχαιολογική άποψη,Oracle of Amun/Zeus Ammon at Siwa · Archaeological view,Μαντείο του Άμμωνα στη Σίβα: αρχαιολογική άποψη,Oracle of Amun/Zeus Ammon at Siwa: archaeological view,1600,1067,92bc50118864edf5dbbb3f367c5b0ae4b891015b407f715a37f214b25c7fb32c,2026-08-15,reviewed
media-sanctuary-smintheion-apollo-sanctuary-01,sanctuary-smintheion-apollo-sanctuary,1,primary,assets/media/sanctuary-smintheion-apollo-sanctuary/01.webp,https://commons.wikimedia.org/wiki/File:Apollo_Smintheion_1.jpg,https://upload.wikimedia.org/wikipedia/commons/9/9c/Apollo_Smintheion_1.jpg?utm_source=commons.wikimedia.org&utm_campaign=imageinfo&utm_content=original,Apollo Smintheion 1.jpg,Leon petrosyan,CC BY-SA 4.0,https://creativecommons.org/licenses/by-sa/4.0,Own work,Σμίνθειο · Αρχαιολογική άποψη,Sanctuary of Apollo Smintheus · Archaeological view,Σμίνθειο: αρχαιολογική άποψη,Sanctuary of Apollo Smintheus: archaeological view,1600,1200,7ced1e3fc54721bbe82108af39ef98ba690030cdb0f9bc315f61c84fbe455df7,2026-08-15,reviewed
media-sanctuary-smintheion-apollo-sanctuary-02,sanctuary-smintheion-apollo-sanctuary,2,gallery,assets/media/sanctuary-smintheion-apollo-sanctuary/02.webp,https://commons.wikimedia.org/wiki/File:Apollo_Smintheion_2.jpg,https://upload.wikimedia.org/wikipedia/commons/a/af/Apollo_Smintheion_2.jpg?utm_source=commons.wikimedia.org&utm_campaign=imageinfo&utm_content=original,Apollo Smintheion 2.jpg,Leon petrosyan,CC BY-SA 4.0,https://creativecommons.org/licenses/by-sa/4.0,Own work,Σμίνθειο · Αρχαιολογική άποψη,Sanctuary of Apollo Smintheus · Archaeological view,Σμίνθειο: αρχαιολογική άποψη,Sanctuary of Apollo Smintheus: archaeological view,1600,1200,a0a1833824d2222060b2cbaac56b2aa865c9fadbf86d764bdf0b6a534329835f,2026-08-15,reviewed
media-sanctuary-sounion-poseidon-sanctuary-01,sanctuary-sounion-poseidon-sanctuary,1,primary,assets/media/sanctuary-sounion-poseidon-sanctuary/01.webp,https://commons.wikimedia.org/wiki/File:Temple_of_Poseidon_at_sunset_1.jpg,https://upload.wikimedia.org/wikipedia/commons/f/fc/Temple_of_Poseidon_at_sunset_1.jpg?utm_source=commons.wikimedia.org&utm_campaign=imageinfo&utm_content=original,Temple of Poseidon at sunset 1.jpg,Oleksandr Troitskyi,CC BY-SA 4.0,https://creativecommons.org/licenses/by-sa/4.0,Own work,Ιερό του Ποσειδώνα στο Σούνιο · Αρχαιολογική άποψη,Sanctuary of Poseidon at Sounion · Archaeological view,Ιερό του Ποσειδώνα στο Σούνιο: αρχαιολογική άποψη,Sanctuary of Poseidon at Sounion: archaeological view,1600,1067,5eeefd7819aa1ee513ed6843575554724523451b82c975907af46bcfe8542484,2026-08-15,reviewed
media-sanctuary-sounion-poseidon-sanctuary-02,sanctuary-sounion-poseidon-sanctuary,2,gallery,assets/media/sanctuary-sounion-poseidon-sanctuary/02.webp,https://commons.wikimedia.org/wiki/File:Temple_of_Poseidon_-_Sounion.jpg,https://upload.wikimedia.org/wikipedia/commons/a/ad/Temple_of_Poseidon_-_Sounion.jpg?utm_source=commons.wikimedia.org&utm_campaign=imageinfo&utm_content=original,Temple of Poseidon - Sounion.jpg,Iadamidis,CC BY-SA 4.0,https://creativecommons.org/licenses/by-sa/4.0,Own work,Ιερό του Ποσειδώνα στο Σούνιο · Αρχαιολογική άποψη,Sanctuary of Poseidon at Sounion · Archaeological view,Ιερό του Ποσειδώνα στο Σούνιο: αρχαιολογική άποψη,Sanctuary of Poseidon at Sounion: archaeological view,1600,900,ac23226bb36cfe86b11bc13f820574f1ab0c7e6fed7d23d6ce9a7e6114c611eb,2026-08-15,reviewed
media-sanctuary-syracuse-apollo-sanctuary-01,sanctuary-syracuse-apollo-sanctuary,1,primary,assets/media/sanctuary-syracuse-apollo-sanctuary/01.webp,https://commons.wikimedia.org/wiki/File:Syrakus_-_Tempio_di_Apollo.jpg,https://upload.wikimedia.org/wikipedia/commons/2/23/Syrakus_-_Tempio_di_Apollo.jpg?utm_source=commons.wikimedia.org&utm_campaign=imageinfo&utm_content=original,Syrakus - Tempio di Apollo.jpg,Allie_Caulfield,CC BY 2.0,https://creativecommons.org/licenses/by/2.0,www.flickr.com,Ναός του Απόλλωνα στις Συρακούσες · Αρχαιολογική άποψη,Temple of Apollo at Syracuse · Archaeological view,Ναός του Απόλλωνα στις Συρακούσες: αρχαιολογική άποψη,Temple of Apollo at Syracuse: archaeological view,1600,1065,e22b0c3add8855d168bc66b6114a96bb2bbfa9ec80bc407b38da63424916c90a,2026-08-15,reviewed
media-sanctuary-syracuse-apollo-sanctuary-02,sanctuary-syracuse-apollo-sanctuary,2,gallery,assets/media/sanctuary-syracuse-apollo-sanctuary/02.webp,https://commons.wikimedia.org/wiki/File:Syracuse%2C_Sicily_%E2%80%93_Temple_of_Apollo_wide_2024.jpg,https://upload.wikimedia.org/wikipedia/commons/2/2c/Syracuse%2C_Sicily_%E2%80%93_Temple_of_Apollo_wide_2024.jpg?utm_source=commons.wikimedia.org&utm_campaign=imageinfo&utm_content=original,"Syracuse, Sicily – Temple of Apollo wide 2024.jpg",Cayambe,CC BY 4.0,https://creativecommons.org/licenses/by/4.0,Own work,Ναός του Απόλλωνα στις Συρακούσες · Αρχαιολογική άποψη,Temple of Apollo at Syracuse · Archaeological view,Ναός του Απόλλωνα στις Συρακούσες: αρχαιολογική άποψη,Temple of Apollo at Syracuse: archaeological view,1600,1067,e91810d08047976d27a56db245aa3159c7d322c2254b4007243958cc9e8a8a44,2026-08-15,reviewed
media-sanctuary-tegea-athena-alea-sanctuary-01,sanctuary-tegea-athena-alea-sanctuary,1,primary,assets/media/sanctuary-tegea-athena-alea-sanctuary/01.webp,https://commons.wikimedia.org/wiki/File:Archaeological_site_of_the_Temple_of_Athena_Alea_at_Tegea_(2017%2C_image_1).jpg,https://upload.wikimedia.org/wikipedia/commons/1/1b/Archaeological_site_of_the_Temple_of_Athena_Alea_at_Tegea_%282017%2C_image_1%29.jpg?utm_source=commons.wikimedia.org&utm_campaign=imageinfo&utm_content=original,"Archaeological site of the Temple of Athena Alea at Tegea (2017, image 1).jpg",Gregor Hagedorn,CC BY-SA 4.0,https://creativecommons.org/licenses/by-sa/4.0,Own work,Ιερό της Αθηνάς Αλέας στην Τεγέα · Αρχαιολογική άποψη,Sanctuary of Athena Alea at Tegea · Archaeological view,Ιερό της Αθηνάς Αλέας στην Τεγέα: αρχαιολογική άποψη,Sanctuary of Athena Alea at Tegea: archaeological view,1600,900,ffd2862675e7a1565cd78e291135377da0379b44662943d8f88557cb53bd0eaf,2026-08-15,reviewed
media-sanctuary-tegea-athena-alea-sanctuary-02,sanctuary-tegea-athena-alea-sanctuary,2,gallery,assets/media/sanctuary-tegea-athena-alea-sanctuary/02.webp,https://commons.wikimedia.org/wiki/File:Archaeological_site_of_the_Temple_of_Athena_Alea_at_Tegea_(2017%2C_image_3).jpg,https://upload.wikimedia.org/wikipedia/commons/c/cb/Archaeological_site_of_the_Temple_of_Athena_Alea_at_Tegea_%282017%2C_image_3%29.jpg?utm_source=commons.wikimedia.org&utm_campaign=imageinfo&utm_content=original,"Archaeological site of the Temple of Athena Alea at Tegea (2017, image 3).jpg",Gregor Hagedorn,CC BY-SA 4.0,https://creativecommons.org/licenses/by-sa/4.0,Own work,Ιερό της Αθηνάς Αλέας στην Τεγέα · Αρχαιολογική άποψη,Sanctuary of Athena Alea at Tegea · Archaeological view,Ιερό της Αθηνάς Αλέας στην Τεγέα: αρχαιολογική άποψη,Sanctuary of Athena Alea at Tegea: archaeological view,1600,900,8143cb8f91c88bfef42c797144bc3d15c77361171a40e3f19c1b33460b8192d0,2026-08-15,reviewed
media-sanctuary-thermon-apollo-sanctuary-01,sanctuary-thermon-apollo-sanctuary,1,primary,assets/media/sanctuary-thermon-apollo-sanctuary/01.webp,https://commons.wikimedia.org/wiki/File:Thermon_Temple_of_Apollo_NW_corner.jpg,https://upload.wikimedia.org/wikipedia/commons/7/7d/Thermon_Temple_of_Apollo_NW_corner.jpg?utm_source=commons.wikimedia.org&utm_campaign=imageinfo&utm_content=original,Thermon Temple of Apollo NW corner.jpg,Mark Landon,CC BY-SA 4.0,https://creativecommons.org/licenses/by-sa/4.0,Mark Landon / Wikimedia Commons,Ιερό του Απόλλωνα στο Θέρμο · Αρχαιολογική άποψη,Sanctuary of Apollo at Thermon · Archaeological view,Ιερό του Απόλλωνα στο Θέρμο: αρχαιολογική άποψη,Sanctuary of Apollo at Thermon: archaeological view,1600,1058,d56af7edd71a8333e7ec89e8be6e08088823eab9bcdffbf010e8e0ecc592435d,2026-08-15,reviewed
media-sanctuary-thermon-apollo-sanctuary-02,sanctuary-thermon-apollo-sanctuary,2,gallery,assets/media/sanctuary-thermon-apollo-sanctuary/02.webp,https://commons.wikimedia.org/wiki/File:Thermon_Temple_of_Apollo_from_S.jpg,https://upload.wikimedia.org/wikipedia/commons/0/03/Thermon_Temple_of_Apollo_from_S.jpg?utm_source=commons.wikimedia.org&utm_campaign=imageinfo&utm_content=original,Thermon Temple of Apollo from S.jpg,Mark Landon,CC BY-SA 4.0,https://creativecommons.org/licenses/by-sa/4.0,Mark Landon / Wikimedia Commons,Ιερό του Απόλλωνα στο Θέρμο · Αρχαιολογική άποψη,Sanctuary of Apollo at Thermon · Archaeological view,Ιερό του Απόλλωνα στο Θέρμο: αρχαιολογική άποψη,Sanctuary of Apollo at Thermon: archaeological view,1600,1065,4af1feb59160f351485cbcac4b96cb9927627b27c9e7c4921738d51a2345eaeb,2026-08-15,reviewed
media-sanctuary-tinos-poseidon-amphitrite-sanctuary-01,sanctuary-tinos-poseidon-amphitrite-sanctuary,1,primary,assets/media/sanctuary-tinos-poseidon-amphitrite-sanctuary/01.webp,https://commons.wikimedia.org/wiki/File:Sanctuary_Kionia_Tinos_Greece_2018041014550N01776_02.jpg,https://upload.wikimedia.org/wikipedia/commons/2/20/Sanctuary_Kionia_Tinos_Greece_2018041014550N01776_02.jpg?utm_source=commons.wikimedia.org&utm_campaign=imageinfo&utm_content=original,Sanctuary Kionia Tinos Greece 2018041014550N01776 02.jpg,Stepanps,CC BY-SA 4.0,https://creativecommons.org/licenses/by-sa/4.0,Own work,Ιερό Ποσειδώνα και Αμφιτρίτης στην Τήνο · Αρχαιολογική άποψη,Sanctuary of Poseidon and Amphitrite on Tinos · Archaeological view,Ιερό Ποσειδώνα και Αμφιτρίτης στην Τήνο: αρχαιολογική άποψη,Sanctuary of Poseidon and Amphitrite on Tinos: archaeological view,1600,788,5c25482f0d4fd5bd83a89264c5cf38aff77fe5219216c01ef55730ba54ed5362,2026-08-15,reviewed
media-sanctuary-tinos-poseidon-amphitrite-sanctuary-02,sanctuary-tinos-poseidon-amphitrite-sanctuary,2,gallery,assets/media/sanctuary-tinos-poseidon-amphitrite-sanctuary/02.webp,https://commons.wikimedia.org/wiki/File:Sanctuary_Kionia_Tinos_Greece_2018041014550N01776_03.jpg,https://upload.wikimedia.org/wikipedia/commons/5/53/Sanctuary_Kionia_Tinos_Greece_2018041014550N01776_03.jpg?utm_source=commons.wikimedia.org&utm_campaign=imageinfo&utm_content=original,Sanctuary Kionia Tinos Greece 2018041014550N01776 03.jpg,Stepanps,CC BY-SA 4.0,https://creativecommons.org/licenses/by-sa/4.0,Own work,Ιερό Ποσειδώνα και Αμφιτρίτης στην Τήνο · Αρχαιολογική άποψη,Sanctuary of Poseidon and Amphitrite on Tinos · Archaeological view,Ιερό Ποσειδώνα και Αμφιτρίτης στην Τήνο: αρχαιολογική άποψη,Sanctuary of Poseidon and Amphitrite on Tinos: archaeological view,1600,503,4cb6884212c5d4121db97a2ce0701f1f7d3f8702fcb22904eac0bf5bfd7303d5,2026-08-15,reviewed
