{
  "bbox": [
    3.114549,
    29.2051738,
    74.5229,
    47.268688
  ],
  "features": [
    {
      "geometry": {
        "coordinates": [
          23.423668,
          37.750149
        ],
        "type": "Point"
      },
      "id": "city-aegina-city",
      "properties": {
        "ancient_name_grc": "Αἴγινα",
        "chronology_basis": "occupation_window",
        "collections": [
          "city"
        ],
        "country_iso2": "GR",
        "country_iso3": "GRC",
        "date_label_el": "1000 π.Χ.–600 μ.Χ. (όριο άτλαντα)",
        "date_label_en": "1000 BCE–600 CE (atlas display cutoff)",
        "description_el": "Νησιωτική εμπορική και ναυτική δύναμη του Σαρωνικού με πρώιμη νομισματοκοπία.",
        "description_en": "Saronic island trading and naval power with early coinage.",
        "end_year": 600,
        "entity_class": "settlement",
        "entity_id": "city-aegina-city",
        "entity_subtype": "polis",
        "external_links": [
          "https://pleiades.stoa.org/places/579853"
        ],
        "geometry_role": "site",
        "location_certainty": "high",
        "modern_country_el": "Ελλάδα",
        "modern_country_en": "Greece",
        "modern_locality": "Αίγινα",
        "name_el": "Αίγινα",
        "name_en": "Aegina",
        "record_confidence": "high",
        "review_state": "reviewed",
        "source_id": "src-pleiades-579853",
        "spatial_note_el": null,
        "spatial_note_en": null,
        "start_year": -1000
      },
      "type": "Feature"
    },
    {
      "geometry": {
        "coordinates": [
          22.321872,
          40.480092
        ],
        "type": "Point"
      },
      "id": "city-aigai-macedonia",
      "properties": {
        "ancient_name_grc": "Αἰγαί",
        "chronology_basis": "occupation_window",
        "collections": [
          "city"
        ],
        "country_iso2": "GR",
        "country_iso3": "GRC",
        "date_label_el": "900 π.Χ.–600 μ.Χ. (όριο άτλαντα)",
        "date_label_en": "900 BCE–600 CE (atlas display cutoff)",
        "description_el": "Πρώτη πρωτεύουσα και βασιλική νεκρόπολη των αρχαίων Μακεδόνων.",
        "description_en": "First capital and royal necropolis of the ancient Macedonians.",
        "end_year": 600,
        "entity_class": "settlement",
        "entity_id": "city-aigai-macedonia",
        "entity_subtype": "polis",
        "external_links": [
          "https://pleiades.stoa.org/places/491512"
        ],
        "geometry_role": "site",
        "location_certainty": "high",
        "modern_country_el": "Ελλάδα",
        "modern_country_en": "Greece",
        "modern_locality": "Βεργίνα",
        "name_el": "Αιγές",
        "name_en": "Aigai",
        "record_confidence": "high",
        "review_state": "reviewed",
        "source_id": "src-pleiades-491512",
        "spatial_note_el": null,
        "spatial_note_en": null,
        "start_year": -900
      },
      "type": "Feature"
    },
    {
      "geometry": {
        "coordinates": [
          29.909773,
          31.201435
        ],
        "type": "Point"
      },
      "id": "city-alexandria-egypt",
      "properties": {
        "ancient_name_grc": "Ἀλεξάνδρεια",
        "chronology_basis": "occupation_window",
        "collections": [
          "city"
        ],
        "country_iso2": "EG",
        "country_iso3": "EGY",
        "date_label_el": "331 π.Χ.–600 μ.Χ. (όριο άτλαντα)",
        "date_label_en": "331 BCE–600 CE (atlas display cutoff)",
        "description_el": "Πόλη που ίδρυσε ο Αλέξανδρος και πρωτεύουσα των Πτολεμαίων, με κορυφαίο λιμάνι και πνευματικά ιδρύματα.",
        "description_en": "City founded by Alexander and capital of the Ptolemies, with a leading port and intellectual institutions.",
        "end_year": 600,
        "entity_class": "settlement",
        "entity_id": "city-alexandria-egypt",
        "entity_subtype": "polis",
        "external_links": [
          "https://pleiades.stoa.org/places/727070"
        ],
        "geometry_role": "site",
        "location_certainty": "high",
        "modern_country_el": "Αίγυπτος",
        "modern_country_en": "Egypt",
        "modern_locality": "Alexandria",
        "name_el": "Αλεξάνδρεια",
        "name_en": "Alexandria",
        "record_confidence": "high",
        "review_state": "reviewed",
        "source_id": "src-pleiades-727070",
        "spatial_note_el": null,
        "spatial_note_en": null,
        "start_year": -331
      },
      "type": "Feature"
    },
    {
      "geometry": {
        "coordinates": [
          36.183214,
          36.222551
        ],
        "type": "Point"
      },
      "id": "city-antioch-orontes",
      "properties": {
        "ancient_name_grc": "Ἀντιόχεια ἡ ἐπὶ Ὀρόντου",
        "chronology_basis": "occupation_window",
        "collections": [
          "city"
        ],
        "country_iso2": "TR",
        "country_iso3": "TUR",
        "date_label_el": "300 π.Χ.–600 μ.Χ. (όριο άτλαντα)",
        "date_label_en": "300 BCE–600 CE (atlas display cutoff)",
        "description_el": "Σελευκιδική πρωτεύουσα και μία από τις μεγαλύτερες ελληνιστικές και ρωμαϊκές πόλεις της ανατολικής Μεσογείου.",
        "description_en": "Seleucid capital and one of the largest Hellenistic and Roman cities in the eastern Mediterranean.",
        "end_year": 600,
        "entity_class": "settlement",
        "entity_id": "city-antioch-orontes",
        "entity_subtype": "polis",
        "external_links": [
          "https://pleiades.stoa.org/places/658381"
        ],
        "geometry_role": "site",
        "location_certainty": "high",
        "modern_country_el": "Τουρκία",
        "modern_country_en": "Turkey",
        "modern_locality": "Antakya, Hatay",
        "name_el": "Αντιόχεια επί Ορόντου",
        "name_en": "Antioch on the Orontes",
        "record_confidence": "high",
        "review_state": "reviewed",
        "source_id": "src-pleiades-658381",
        "spatial_note_el": null,
        "spatial_note_en": null,
        "start_year": -300
      },
      "type": "Feature"
    },
    {
      "geometry": {
        "coordinates": [
          22.72038,
          37.631047
        ],
        "type": "Point"
      },
      "id": "city-argos",
      "properties": {
        "ancient_name_grc": "Ἄργος",
        "chronology_basis": "occupation_window",
        "collections": [
          "city"
        ],
        "country_iso2": "GR",
        "country_iso3": "GRC",
        "date_label_el": "1100 π.Χ.–600 μ.Χ. (όριο άτλαντα)",
        "date_label_en": "1100 BCE–600 CE (atlas display cutoff)",
        "description_el": "Μία από τις μακροβιότερες πόλεις της Πελοποννήσου και σημαντικό κέντρο της Αργολίδας.",
        "description_en": "One of the oldest cities in the Peloponnese and an important center of Argolis.",
        "end_year": 600,
        "entity_class": "settlement",
        "entity_id": "city-argos",
        "entity_subtype": "polis",
        "external_links": [
          "https://pleiades.stoa.org/places/570106"
        ],
        "geometry_role": "site",
        "location_certainty": "high",
        "modern_country_el": "Ελλάδα",
        "modern_country_en": "Greece",
        "modern_locality": "Άργος",
        "name_el": "Άργος",
        "name_en": "Argos",
        "record_confidence": "high",
        "review_state": "reviewed",
        "source_id": "src-pleiades-570106",
        "spatial_note_el": null,
        "spatial_note_en": null,
        "start_year": -1100
      },
      "type": "Feature"
    },
    {
      "geometry": {
        "coordinates": [
          23.723914,
          37.971637
        ],
        "type": "Point"
      },
      "id": "city-athens-attica",
      "properties": {
        "ancient_name_grc": "Ἀθῆναι",
        "chronology_basis": "occupation_window",
        "collections": [
          "city"
        ],
        "country_iso2": "GR",
        "country_iso3": "GRC",
        "date_label_el": "1400 π.Χ.–600 μ.Χ. (όριο άτλαντα)",
        "date_label_en": "1400 BCE–600 CE (atlas display cutoff)",
        "description_el": "Κεντρική πόλη της Αττικής και κορυφαία ναυτική, πολιτική και πνευματική δύναμη της κλασικής εποχής.",
        "description_en": "Central city of Attica and leading naval, political and intellectual power of the classical era.",
        "end_year": 600,
        "entity_class": "settlement",
        "entity_id": "city-athens-attica",
        "entity_subtype": "polis",
        "external_links": [
          "https://pleiades.stoa.org/places/579885"
        ],
        "geometry_role": "site",
        "location_certainty": "high",
        "modern_country_el": "Ελλάδα",
        "modern_country_en": "Greece",
        "modern_locality": "Αθήνα",
        "name_el": "Αθήνα",
        "name_en": "Athens",
        "record_confidence": "high",
        "review_state": "reviewed",
        "source_id": "src-pleiades-579885",
        "spatial_note_el": null,
        "spatial_note_en": null,
        "start_year": -1400
      },
      "type": "Feature"
    },
    {
      "geometry": {
        "coordinates": [
          23.621937,
          38.457139
        ],
        "type": "Point"
      },
      "id": "city-chalcis-euboea",
      "properties": {
        "ancient_name_grc": "Χαλκίς",
        "chronology_basis": "occupation_window",
        "collections": [
          "city"
        ],
        "country_iso2": "GR",
        "country_iso3": "GRC",
        "date_label_el": "900 π.Χ.–600 μ.Χ. (όριο άτλαντα)",
        "date_label_en": "900 BCE–600 CE (atlas display cutoff)",
        "description_el": "Κύριο ευβοϊκό κέντρο στον Εύριπο και μία από τις πρωτοπόρες πόλεις του ελληνικού αποικισμού.",
        "description_en": "Main Euboean center in Euripos and one of the pioneering cities of Greek colonization.",
        "end_year": 600,
        "entity_class": "settlement",
        "entity_id": "city-chalcis-euboea",
        "entity_subtype": "polis",
        "external_links": [
          "https://pleiades.stoa.org/places/540703"
        ],
        "geometry_role": "site",
        "location_certainty": "high",
        "modern_country_el": "Ελλάδα",
        "modern_country_en": "Greece",
        "modern_locality": "Χαλκίδα",
        "name_el": "Χαλκίδα",
        "name_en": "Chalcis",
        "record_confidence": "high",
        "review_state": "reviewed",
        "source_id": "src-pleiades-540703",
        "spatial_note_el": null,
        "spatial_note_en": null,
        "start_year": -900
      },
      "type": "Feature"
    },
    {
      "geometry": {
        "coordinates": [
          26.132979,
          38.372239
        ],
        "type": "Point"
      },
      "id": "city-chios-city",
      "properties": {
        "ancient_name_grc": "Χίος",
        "chronology_basis": "occupation_window",
        "collections": [
          "city"
        ],
        "country_iso2": "GR",
        "country_iso3": "GRC",
        "date_label_el": "1000 π.Χ.–600 μ.Χ. (όριο άτλαντα)",
        "date_label_en": "1000 BCE–600 CE (atlas display cutoff)",
        "description_el": "Νησιωτική πόλη με ισχυρή ναυτιλία, εμπόριο οίνου και συμμετοχή στην Ιωνική Δωδεκάπολη.",
        "description_en": "Island city with strong shipping, wine trade and participation in the Ionian Dodecapolis.",
        "end_year": 600,
        "entity_class": "settlement",
        "entity_id": "city-chios-city",
        "entity_subtype": "polis",
        "external_links": [
          "https://pleiades.stoa.org/places/550496"
        ],
        "geometry_role": "site",
        "location_certainty": "high",
        "modern_country_el": "Ελλάδα",
        "modern_country_en": "Greece",
        "modern_locality": "Χίος",
        "name_el": "Χίος",
        "name_en": "Chios",
        "record_confidence": "high",
        "review_state": "reviewed",
        "source_id": "src-pleiades-550496",
        "spatial_note_el": null,
        "spatial_note_en": null,
        "start_year": -1000
      },
      "type": "Feature"
    },
    {
      "geometry": {
        "coordinates": [
          22.878614,
          37.905642
        ],
        "type": "Point"
      },
      "id": "city-corinth",
      "properties": {
        "ancient_name_grc": "Κόρινθος",
        "chronology_basis": "occupation_window",
        "collections": [
          "city"
        ],
        "country_iso2": "GR",
        "country_iso3": "GRC",
        "date_label_el": "900 π.Χ.–600 μ.Χ. (όριο άτλαντα)",
        "date_label_en": "900 BCE–600 CE (atlas display cutoff)",
        "description_el": "Ισχυρή εμπορική πόλη στον Ισθμό· καταστράφηκε το 146 π.Χ. και επανιδρύθηκε ως ρωμαϊκή αποικία το 44 π.Χ.",
        "description_en": "A major commercial city on the Isthmus; it was destroyed in 146 BCE and refounded as a Roman colony in 44 BCE.",
        "end_year": 600,
        "entity_class": "settlement",
        "entity_id": "city-corinth",
        "entity_subtype": "polis",
        "external_links": [
          "https://pleiades.stoa.org/places/570182"
        ],
        "geometry_role": "site",
        "location_certainty": "high",
        "modern_country_el": "Ελλάδα",
        "modern_country_en": "Greece",
        "modern_locality": "Αρχαία Κόρινθος",
        "name_el": "Κόρινθος",
        "name_en": "Corinth",
        "record_confidence": "high",
        "review_state": "reviewed",
        "source_id": "src-pleiades-570182",
        "spatial_note_el": null,
        "spatial_note_en": null,
        "start_year": -900
      },
      "type": "Feature"
    },
    {
      "geometry": {
        "coordinates": [
          22.924029,
          39.343481
        ],
        "type": "Point"
      },
      "id": "city-demetrias",
      "properties": {
        "ancient_name_grc": "Δημητριάς",
        "chronology_basis": "occupation_window",
        "collections": [
          "city"
        ],
        "country_iso2": "GR",
        "country_iso3": "GRC",
        "date_label_el": "294 π.Χ.–600 μ.Χ. (όριο άτλαντα)",
        "date_label_en": "294 BCE–600 CE (atlas display cutoff)",
        "description_el": "Ελληνιστική πόλη που ίδρυσε ο Δημήτριος Πολιορκητής με συνοικισμό παραλιακών οικισμών.",
        "description_en": "A Hellenistic city founded by Demetrios Poliorketes through the synoecism of coastal settlements.",
        "end_year": 600,
        "entity_class": "settlement",
        "entity_id": "city-demetrias",
        "entity_subtype": "polis",
        "external_links": [
          "https://pleiades.stoa.org/places/540730"
        ],
        "geometry_role": "site",
        "location_certainty": "high",
        "modern_country_el": "Ελλάδα",
        "modern_country_en": "Greece",
        "modern_locality": "Νέα Αγχίαλος / Βόλος",
        "name_el": "Δημητριάδα",
        "name_en": "Demetrias",
        "record_confidence": "high",
        "review_state": "reviewed",
        "source_id": "src-pleiades-540730",
        "spatial_note_el": null,
        "spatial_note_en": null,
        "start_year": -294
      },
      "type": "Feature"
    },
    {
      "geometry": {
        "coordinates": [
          22.491437,
          40.176388
        ],
        "type": "Point"
      },
      "id": "city-dion",
      "properties": {
        "ancient_name_grc": "Δῖον",
        "chronology_basis": "occupation_window",
        "collections": [
          "city"
        ],
        "country_iso2": "GR",
        "country_iso3": "GRC",
        "date_label_el": "500 π.Χ.–600 μ.Χ. (όριο άτλαντα)",
        "date_label_en": "500 BCE–600 CE (atlas display cutoff)",
        "description_el": "Ιερή και αστική έδρα των Μακεδόνων στους πρόποδες του Ολύμπου.",
        "description_en": "Sacred and civil seat of the Macedonians at the foot of Mount Olympus.",
        "end_year": 600,
        "entity_class": "settlement",
        "entity_id": "city-dion",
        "entity_subtype": "polis",
        "external_links": [
          "https://pleiades.stoa.org/places/491572"
        ],
        "geometry_role": "site",
        "location_certainty": "high",
        "modern_country_el": "Ελλάδα",
        "modern_country_en": "Greece",
        "modern_locality": "Δίον Πιερίας",
        "name_el": "Δίον",
        "name_en": "Dion",
        "record_confidence": "high",
        "review_state": "reviewed",
        "source_id": "src-pleiades-491572",
        "spatial_note_el": null,
        "spatial_note_en": null,
        "start_year": -500
      },
      "type": "Feature"
    },
    {
      "geometry": {
        "coordinates": [
          23.160156,
          37.633463
        ],
        "type": "Point"
      },
      "id": "city-epidaurus-city",
      "properties": {
        "ancient_name_grc": "Ἐπίδαυρος",
        "chronology_basis": "occupation_window",
        "collections": [
          "city"
        ],
        "country_iso2": "GR",
        "country_iso3": "GRC",
        "date_label_el": "800 π.Χ.–600 μ.Χ. (όριο άτλαντα)",
        "date_label_en": "800 BCE–600 CE (atlas display cutoff)",
        "description_el": "Παράκτια πόλη της Αργολίδας, πολιτικό κέντρο της επικράτειας όπου βρισκόταν και το Ασκληπιείο.",
        "description_en": "A coastal city of Argolis and the political centre of the territory that also contained the sanctuary of Asclepius.",
        "end_year": 600,
        "entity_class": "settlement",
        "entity_id": "city-epidaurus-city",
        "entity_subtype": "polis",
        "external_links": [
          "https://pleiades.stoa.org/places/570228"
        ],
        "geometry_role": "site",
        "location_certainty": "high",
        "modern_country_el": "Ελλάδα",
        "modern_country_en": "Greece",
        "modern_locality": "Παλαιά Επίδαυρος",
        "name_el": "Επίδαυρος",
        "name_en": "Epidaurus",
        "record_confidence": "high",
        "review_state": "reviewed",
        "source_id": "src-pleiades-570228",
        "spatial_note_el": null,
        "spatial_note_en": null,
        "start_year": -800
      },
      "type": "Feature"
    },
    {
      "geometry": {
        "coordinates": [
          23.794721,
          38.399917
        ],
        "type": "Point"
      },
      "id": "city-eretria-euboea",
      "properties": {
        "ancient_name_grc": "Ἐρέτρια",
        "chronology_basis": "occupation_window",
        "collections": [
          "city"
        ],
        "country_iso2": "GR",
        "country_iso3": "GRC",
        "date_label_el": "850 π.Χ.–600 μ.Χ. (όριο άτλαντα)",
        "date_label_en": "850 BCE–600 CE (atlas display cutoff)",
        "description_el": "Ισχυρή ευβοϊκή πόλη με εμπορικά δίκτυα και αποικίες στο Αιγαίο και τη Δύση.",
        "description_en": "Powerful Euboean city with trade networks and colonies in the Aegean and the West.",
        "end_year": 600,
        "entity_class": "settlement",
        "entity_id": "city-eretria-euboea",
        "entity_subtype": "polis",
        "external_links": [
          "https://pleiades.stoa.org/places/579925"
        ],
        "geometry_role": "site",
        "location_certainty": "high",
        "modern_country_el": "Ελλάδα",
        "modern_country_en": "Greece",
        "modern_locality": "Ερέτρια",
        "name_el": "Ερέτρια",
        "name_en": "Eretria",
        "record_confidence": "high",
        "review_state": "reviewed",
        "source_id": "src-pleiades-579925",
        "spatial_note_el": null,
        "spatial_note_en": null,
        "start_year": -850
      },
      "type": "Feature"
    },
    {
      "geometry": {
        "coordinates": [
          24.946943,
          35.062107
        ],
        "type": "Point"
      },
      "id": "city-gortyn",
      "properties": {
        "ancient_name_grc": "Γόρτυν",
        "chronology_basis": "occupation_window",
        "collections": [
          "city"
        ],
        "country_iso2": "GR",
        "country_iso3": "GRC",
        "date_label_el": "1000 π.Χ.–600 μ.Χ. (όριο άτλαντα)",
        "date_label_en": "1000 BCE–600 CE (atlas display cutoff)",
        "description_el": "Μεγάλη κρητική πόλη, γνωστή για τον αρχαϊκό νομικό κώδικα και τη ρωμαϊκή πρωτεύουσα Κρήτης και Κυρηναϊκής.",
        "description_en": "Large Cretan city, known for its archaic legal code and the Roman capital of Crete and Cyrenaica.",
        "end_year": 600,
        "entity_class": "settlement",
        "entity_id": "city-gortyn",
        "entity_subtype": "polis",
        "external_links": [
          "https://pleiades.stoa.org/places/589796"
        ],
        "geometry_role": "site",
        "location_certainty": "high",
        "modern_country_el": "Ελλάδα",
        "modern_country_en": "Greece",
        "modern_locality": "Γόρτυνα Ηρακλείου",
        "name_el": "Γόρτυνα",
        "name_en": "Gortyn",
        "record_confidence": "high",
        "review_state": "reviewed",
        "source_id": "src-pleiades-589796",
        "spatial_note_el": null,
        "spatial_note_en": null,
        "start_year": -1000
      },
      "type": "Feature"
    },
    {
      "geometry": {
        "coordinates": [
          25.163106,
          35.297847
        ],
        "type": "Point"
      },
      "id": "city-knossos",
      "properties": {
        "ancient_name_grc": "Κνωσός",
        "chronology_basis": "occupation_window",
        "collections": [
          "city"
        ],
        "country_iso2": "GR",
        "country_iso3": "GRC",
        "date_label_el": "2000 π.Χ.–600 μ.Χ. (όριο άτλαντα)",
        "date_label_en": "2000 BCE–600 CE (atlas display cutoff)",
        "description_el": "Πολυπερίοδη πόλη γύρω από το μινωικό ανακτορικό κέντρο, με συνεχή σημασία και στους ιστορικούς χρόνους.",
        "description_en": "Multi-period city around the Minoan palatial center, with continuous importance in historical times as well.",
        "end_year": 600,
        "entity_class": "settlement",
        "entity_id": "city-knossos",
        "entity_subtype": "polis",
        "external_links": [
          "https://pleiades.stoa.org/places/589872"
        ],
        "geometry_role": "site",
        "location_certainty": "high",
        "modern_country_el": "Ελλάδα",
        "modern_country_en": "Greece",
        "modern_locality": "Κνωσός Ηρακλείου",
        "name_el": "Κνωσός",
        "name_en": "Knossos",
        "record_confidence": "high",
        "review_state": "reviewed",
        "source_id": "src-pleiades-589872",
        "spatial_note_el": null,
        "spatial_note_en": null,
        "start_year": -2000
      },
      "type": "Feature"
    },
    {
      "geometry": {
        "coordinates": [
          27.289914,
          36.893601
        ],
        "type": "Point"
      },
      "id": "city-kos-city",
      "properties": {
        "ancient_name_grc": "Κῶς",
        "chronology_basis": "occupation_window",
        "collections": [
          "city"
        ],
        "country_iso2": "GR",
        "country_iso3": "GRC",
        "date_label_el": "366 π.Χ.–600 μ.Χ. (όριο άτλαντα)",
        "date_label_en": "366 BCE–600 CE (atlas display cutoff)",
        "description_el": "Η νέα πόλη της Κω ιδρύθηκε με συνοικισμό το 366 π.Χ. και έγινε σημαντικό εμπορικό και ιατρικό κέντρο.",
        "description_en": "The new city of Kos was founded by synoecism in 366 BCE and became an important commercial and medical centre.",
        "end_year": 600,
        "entity_class": "settlement",
        "entity_id": "city-kos-city",
        "entity_subtype": "polis",
        "external_links": [
          "https://pleiades.stoa.org/places/599728"
        ],
        "geometry_role": "site",
        "location_certainty": "high",
        "modern_country_el": "Ελλάδα",
        "modern_country_en": "Greece",
        "modern_locality": "Κως",
        "name_el": "Κως",
        "name_en": "Kos",
        "record_confidence": "high",
        "review_state": "reviewed",
        "source_id": "src-pleiades-599728",
        "spatial_note_el": null,
        "spatial_note_en": null,
        "start_year": -366
      },
      "type": "Feature"
    },
    {
      "geometry": {
        "coordinates": [
          22.42097,
          39.634851
        ],
        "type": "Point"
      },
      "id": "city-larissa-thessaly",
      "properties": {
        "ancient_name_grc": "Λάρισα",
        "chronology_basis": "occupation_window",
        "collections": [
          "city"
        ],
        "country_iso2": "GR",
        "country_iso3": "GRC",
        "date_label_el": "1000 π.Χ.–600 μ.Χ. (όριο άτλαντα)",
        "date_label_en": "1000 BCE–600 CE (atlas display cutoff)",
        "description_el": "Κεντρική θεσσαλική πόλη και έδρα της αριστοκρατικής οικογένειας των Αλευαδών.",
        "description_en": "A central Thessalian city and seat of the aristocratic Aleuadae.",
        "end_year": 600,
        "entity_class": "settlement",
        "entity_id": "city-larissa-thessaly",
        "entity_subtype": "polis",
        "external_links": [
          "https://pleiades.stoa.org/places/540905"
        ],
        "geometry_role": "site",
        "location_certainty": "high",
        "modern_country_el": "Ελλάδα",
        "modern_country_en": "Greece",
        "modern_locality": "Λάρισα",
        "name_el": "Λάρισα",
        "name_en": "Larissa",
        "record_confidence": "high",
        "review_state": "reviewed",
        "source_id": "src-pleiades-540905",
        "spatial_note_el": null,
        "spatial_note_en": null,
        "start_year": -1000
      },
      "type": "Feature"
    },
    {
      "geometry": {
        "coordinates": [
          28.088298,
          36.091299
        ],
        "type": "Point"
      },
      "id": "city-lindos",
      "properties": {
        "ancient_name_grc": "Λίνδος",
        "chronology_basis": "occupation_window",
        "collections": [
          "city"
        ],
        "country_iso2": "GR",
        "country_iso3": "GRC",
        "date_label_el": "1000 π.Χ.–600 μ.Χ. (όριο άτλαντα)",
        "date_label_en": "1000 BCE–600 CE (atlas display cutoff)",
        "description_el": "Μία από τις τρεις αρχαίες πόλεις της Ρόδου, με ισχυρή ναυτική και αποικιακή παράδοση.",
        "description_en": "One of the three ancient cities of Rhodes, with a strong maritime and colonial tradition.",
        "end_year": 600,
        "entity_class": "settlement",
        "entity_id": "city-lindos",
        "entity_subtype": "polis",
        "external_links": [
          "https://pleiades.stoa.org/places/589913"
        ],
        "geometry_role": "site",
        "location_certainty": "high",
        "modern_country_el": "Ελλάδα",
        "modern_country_en": "Greece",
        "modern_locality": "Λίνδος",
        "name_el": "Λίνδος",
        "name_en": "Lindos",
        "record_confidence": "high",
        "review_state": "reviewed",
        "source_id": "src-pleiades-589913",
        "spatial_note_el": null,
        "spatial_note_en": null,
        "start_year": -1000
      },
      "type": "Feature"
    },
    {
      "geometry": {
        "coordinates": [
          22.392578,
          37.617379
        ],
        "type": "Point"
      },
      "id": "city-mantinea",
      "properties": {
        "ancient_name_grc": "Μαντίνεια",
        "chronology_basis": "occupation_window",
        "collections": [
          "city"
        ],
        "country_iso2": "GR",
        "country_iso3": "GRC",
        "date_label_el": "500 π.Χ.–600 μ.Χ. (όριο άτλαντα)",
        "date_label_en": "500 BCE–600 CE (atlas display cutoff)",
        "description_el": "Αρκαδική πόλη γνωστή για τις συγκρούσεις Σπάρτης και Θήβας στην πεδιάδα της.",
        "description_en": "Arcadian city known for the clashes between Sparta and Thebes on its plain.",
        "end_year": 600,
        "entity_class": "settlement",
        "entity_id": "city-mantinea",
        "entity_subtype": "polis",
        "external_links": [
          "https://pleiades.stoa.org/places/570459"
        ],
        "geometry_role": "site",
        "location_certainty": "high",
        "modern_country_el": "Ελλάδα",
        "modern_country_en": "Greece",
        "modern_locality": "Μαντίνεια",
        "name_el": "Μαντίνεια",
        "name_en": "Mantinea",
        "record_confidence": "high",
        "review_state": "reviewed",
        "source_id": "src-pleiades-570459",
        "spatial_note_el": null,
        "spatial_note_en": null,
        "start_year": -500
      },
      "type": "Feature"
    },
    {
      "geometry": {
        "coordinates": [
          22.126396,
          37.414271
        ],
        "type": "Point"
      },
      "id": "city-megalopolis",
      "properties": {
        "ancient_name_grc": "Μεγάλη Πόλις",
        "chronology_basis": "occupation_window",
        "collections": [
          "city"
        ],
        "country_iso2": "GR",
        "country_iso3": "GRC",
        "date_label_el": "371 π.Χ.–600 μ.Χ. (όριο άτλαντα)",
        "date_label_en": "371 BCE–600 CE (atlas display cutoff)",
        "description_el": "Ομοσπονδιακό κέντρο του Κοινού των Αρκάδων, δημιουργημένο με συνοικισμό τον 4ο αιώνα π.Χ.",
        "description_en": "Federal centre of the Arcadian League, created through synoecism in the fourth century BCE.",
        "end_year": 600,
        "entity_class": "settlement",
        "entity_id": "city-megalopolis",
        "entity_subtype": "polis",
        "external_links": [
          "https://pleiades.stoa.org/places/570467"
        ],
        "geometry_role": "site",
        "location_certainty": "high",
        "modern_country_el": "Ελλάδα",
        "modern_country_en": "Greece",
        "modern_locality": "Μεγαλόπολη",
        "name_el": "Μεγαλόπολη",
        "name_en": "Megalopolis",
        "record_confidence": "high",
        "review_state": "reviewed",
        "source_id": "src-pleiades-570467",
        "spatial_note_el": null,
        "spatial_note_en": null,
        "start_year": -371
      },
      "type": "Feature"
    },
    {
      "geometry": {
        "coordinates": [
          23.340163,
          37.985078
        ],
        "type": "Point"
      },
      "id": "city-megara",
      "properties": {
        "ancient_name_grc": "Μέγαρα",
        "chronology_basis": "occupation_window",
        "collections": [
          "city"
        ],
        "country_iso2": "GR",
        "country_iso3": "GRC",
        "date_label_el": "900 π.Χ.–600 μ.Χ. (όριο άτλαντα)",
        "date_label_en": "900 BCE–600 CE (atlas display cutoff)",
        "description_el": "Πόλη μεταξύ Αττικής και Κορινθίας με εκτεταμένη αποικιακή δραστηριότητα.",
        "description_en": "A city between Attica and Corinth with extensive colonial activity.",
        "end_year": 600,
        "entity_class": "settlement",
        "entity_id": "city-megara",
        "entity_subtype": "polis",
        "external_links": [
          "https://pleiades.stoa.org/places/570468"
        ],
        "geometry_role": "site",
        "location_certainty": "high",
        "modern_country_el": "Ελλάδα",
        "modern_country_en": "Greece",
        "modern_locality": "Μέγαρα",
        "name_el": "Μέγαρα",
        "name_en": "Megara",
        "record_confidence": "high",
        "review_state": "reviewed",
        "source_id": "src-pleiades-570468",
        "spatial_note_el": null,
        "spatial_note_en": null,
        "start_year": -900
      },
      "type": "Feature"
    },
    {
      "geometry": {
        "coordinates": [
          21.920048,
          37.175304
        ],
        "type": "Point"
      },
      "id": "city-messene",
      "properties": {
        "ancient_name_grc": "Μεσσήνη",
        "chronology_basis": "occupation_window",
        "collections": [
          "city"
        ],
        "country_iso2": "GR",
        "country_iso3": "GRC",
        "date_label_el": "369 π.Χ.–600 μ.Χ. (όριο άτλαντα)",
        "date_label_en": "369 BCE–600 CE (atlas display cutoff)",
        "description_el": "Νέα πρωτεύουσα των ελεύθερων Μεσσηνίων, ιδρυμένη από τον Επαμεινώνδα το 369 π.Χ.",
        "description_en": "New capital of the free Messenians, founded by Epaminondas in 369 BC.",
        "end_year": 600,
        "entity_class": "settlement",
        "entity_id": "city-messene",
        "entity_subtype": "polis",
        "external_links": [
          "https://pleiades.stoa.org/places/570479"
        ],
        "geometry_role": "site",
        "location_certainty": "high",
        "modern_country_el": "Ελλάδα",
        "modern_country_en": "Greece",
        "modern_locality": "Αρχαία Μεσσήνη",
        "name_el": "Μεσσήνη",
        "name_en": "Messene",
        "record_confidence": "high",
        "review_state": "reviewed",
        "source_id": "src-pleiades-570479",
        "spatial_note_el": null,
        "spatial_note_en": null,
        "start_year": -369
      },
      "type": "Feature"
    },
    {
      "geometry": {
        "coordinates": [
          26.547048,
          39.110475
        ],
        "type": "Point"
      },
      "id": "city-mytilene",
      "properties": {
        "ancient_name_grc": "Μυτιλήνη",
        "chronology_basis": "occupation_window",
        "collections": [
          "city"
        ],
        "country_iso2": "GR",
        "country_iso3": "GRC",
        "date_label_el": "1050 π.Χ.–600 μ.Χ. (όριο άτλαντα)",
        "date_label_en": "1050 BCE–600 CE (atlas display cutoff)",
        "description_el": "Κύρια πόλη της Λέσβου, σημαντικό αιολικό ναυτικό και πνευματικό κέντρο.",
        "description_en": "The principal city of Lesbos and an important Aeolian naval and intellectual centre.",
        "end_year": 600,
        "entity_class": "settlement",
        "entity_id": "city-mytilene",
        "entity_subtype": "polis",
        "external_links": [
          "https://pleiades.stoa.org/places/550763"
        ],
        "geometry_role": "site",
        "location_certainty": "high",
        "modern_country_el": "Ελλάδα",
        "modern_country_en": "Greece",
        "modern_locality": "Μυτιλήνη",
        "name_el": "Μυτιλήνη",
        "name_en": "Mytilene",
        "record_confidence": "high",
        "review_state": "reviewed",
        "source_id": "src-pleiades-550763",
        "spatial_note_el": null,
        "spatial_note_en": null,
        "start_year": -1050
      },
      "type": "Feature"
    },
    {
      "geometry": {
        "coordinates": [
          25.377595,
          37.103871
        ],
        "type": "Point"
      },
      "id": "city-naxos-cyclades",
      "properties": {
        "ancient_name_grc": "Νάξος",
        "chronology_basis": "occupation_window",
        "collections": [
          "city"
        ],
        "country_iso2": "GR",
        "country_iso3": "GRC",
        "date_label_el": "1000 π.Χ.–600 μ.Χ. (όριο άτλαντα)",
        "date_label_en": "1000 BCE–600 CE (atlas display cutoff)",
        "description_el": "Κυριότερη πόλη της Νάξου και ισχυρό κυκλαδικό κέντρο της αρχαϊκής εποχής.",
        "description_en": "Main city of Naxos and a strong Cycladic center of the Archaic era.",
        "end_year": 600,
        "entity_class": "settlement",
        "entity_id": "city-naxos-cyclades",
        "entity_subtype": "polis",
        "external_links": [
          "https://pleiades.stoa.org/places/599821"
        ],
        "geometry_role": "site",
        "location_certainty": "high",
        "modern_country_el": "Ελλάδα",
        "modern_country_en": "Greece",
        "modern_locality": "Χώρα Νάξου",
        "name_el": "Νάξος",
        "name_en": "Naxos",
        "record_confidence": "high",
        "review_state": "reviewed",
        "source_id": "src-pleiades-599821",
        "spatial_note_el": null,
        "spatial_note_en": null,
        "start_year": -1000
      },
      "type": "Feature"
    },
    {
      "geometry": {
        "coordinates": [
          23.354261,
          40.295242
        ],
        "type": "Point"
      },
      "id": "city-olynthus",
      "properties": {
        "ancient_name_grc": "Ὄλυνθος",
        "chronology_basis": "occupation_window",
        "collections": [
          "city"
        ],
        "country_iso2": "GR",
        "country_iso3": "GRC",
        "date_label_el": "650 π.Χ.–348 π.Χ.",
        "date_label_en": "650 BCE–348 BCE",
        "description_el": "Κύριο κέντρο του Κοινού των Χαλκιδέων, καταστραμμένο από τον Φίλιππο Β΄ το 348 π.Χ.",
        "description_en": "Principal centre of the Chalcidian League, destroyed by Philip II in 348 BCE.",
        "end_year": -348,
        "entity_class": "settlement",
        "entity_id": "city-olynthus",
        "entity_subtype": "polis",
        "external_links": [
          "https://pleiades.stoa.org/places/491678"
        ],
        "geometry_role": "site",
        "location_certainty": "high",
        "modern_country_el": "Ελλάδα",
        "modern_country_en": "Greece",
        "modern_locality": "Όλυνθος",
        "name_el": "Όλυνθος",
        "name_en": "Olynthus",
        "record_confidence": "high",
        "review_state": "reviewed",
        "source_id": "src-pleiades-491678",
        "spatial_note_el": null,
        "spatial_note_en": null,
        "start_year": -650
      },
      "type": "Feature"
    },
    {
      "geometry": {
        "coordinates": [
          21.738518,
          38.243265
        ],
        "type": "Point"
      },
      "id": "city-patrae",
      "properties": {
        "ancient_name_grc": "Πάτραι",
        "chronology_basis": "occupation_window",
        "collections": [
          "city"
        ],
        "country_iso2": "GR",
        "country_iso3": "GRC",
        "date_label_el": "1000 π.Χ.–600 μ.Χ. (όριο άτλαντα)",
        "date_label_en": "1000 BCE–600 CE (atlas display cutoff)",
        "description_el": "Αχαϊκή πόλη που αναπτύχθηκε ιδιαίτερα ως λιμάνι και ρωμαϊκή αποικία.",
        "description_en": "Achaean city that developed especially as a port and Roman colony.",
        "end_year": 600,
        "entity_class": "settlement",
        "entity_id": "city-patrae",
        "entity_subtype": "polis",
        "external_links": [
          "https://pleiades.stoa.org/places/570567"
        ],
        "geometry_role": "site",
        "location_certainty": "high",
        "modern_country_el": "Ελλάδα",
        "modern_country_en": "Greece",
        "modern_locality": "Πάτρα",
        "name_el": "Πάτρα",
        "name_en": "Patrae",
        "record_confidence": "high",
        "review_state": "reviewed",
        "source_id": "src-pleiades-570567",
        "spatial_note_el": null,
        "spatial_note_en": null,
        "start_year": -1000
      },
      "type": "Feature"
    },
    {
      "geometry": {
        "coordinates": [
          22.51822477,
          40.75435965
        ],
        "type": "Point"
      },
      "id": "city-pella",
      "properties": {
        "ancient_name_grc": "Πέλλα",
        "chronology_basis": "occupation_window",
        "collections": [
          "city"
        ],
        "country_iso2": "GR",
        "country_iso3": "GRC",
        "date_label_el": "500 π.Χ.–600 μ.Χ. (όριο άτλαντα)",
        "date_label_en": "500 BCE–600 CE (atlas display cutoff)",
        "description_el": "Πρωτεύουσα του μακεδονικού βασιλείου από τον 4ο αιώνα π.Χ. και γενέτειρα του Αλεξάνδρου.",
        "description_en": "Capital of the Macedonian kingdom since the 4th century BC. and birthplace of Alexander.",
        "end_year": 600,
        "entity_class": "settlement",
        "entity_id": "city-pella",
        "entity_subtype": "polis",
        "external_links": [
          "https://pleiades.stoa.org/places/491687"
        ],
        "geometry_role": "site",
        "location_certainty": "high",
        "modern_country_el": "Ελλάδα",
        "modern_country_en": "Greece",
        "modern_locality": "Πέλλα",
        "name_el": "Πέλλα",
        "name_en": "Pella",
        "record_confidence": "high",
        "review_state": "reviewed",
        "source_id": "src-pleiades-491687",
        "spatial_note_el": null,
        "spatial_note_en": null,
        "start_year": -500
      },
      "type": "Feature"
    },
    {
      "geometry": {
        "coordinates": [
          27.184167,
          39.1325
        ],
        "type": "Point"
      },
      "id": "city-pergamum",
      "properties": {
        "ancient_name_grc": "Πέργαμον",
        "chronology_basis": "occupation_window",
        "collections": [
          "city"
        ],
        "country_iso2": "TR",
        "country_iso3": "TUR",
        "date_label_el": "400 π.Χ.–700 μ.Χ.",
        "date_label_en": "400 BCE–700 CE",
        "description_el": "Οχυρή ελληνιστική πρωτεύουσα των Ατταλιδών και μεγάλο διοικητικό και πολιτιστικό κέντρο.",
        "description_en": "Fortified Hellenistic capital of the Attalids and a large administrative and cultural center.",
        "end_year": 700,
        "entity_class": "settlement",
        "entity_id": "city-pergamum",
        "entity_subtype": "polis",
        "external_links": [
          "https://pleiades.stoa.org/places/550812"
        ],
        "geometry_role": "site",
        "location_certainty": "high",
        "modern_country_el": "Τουρκία",
        "modern_country_en": "Turkey",
        "modern_locality": "Bergama, İzmir",
        "name_el": "Πέργαμος",
        "name_en": "Pergamum",
        "record_confidence": "high",
        "review_state": "reviewed",
        "source_id": "src-pleiades-550812",
        "spatial_note_el": null,
        "spatial_note_en": null,
        "start_year": -400
      },
      "type": "Feature"
    },
    {
      "geometry": {
        "coordinates": [
          22.753851,
          39.379043
        ],
        "type": "Point"
      },
      "id": "city-pherae-thessaly",
      "properties": {
        "ancient_name_grc": "Φεραί",
        "chronology_basis": "occupation_window",
        "collections": [
          "city"
        ],
        "country_iso2": "GR",
        "country_iso3": "GRC",
        "date_label_el": "900 π.Χ.–600 μ.Χ. (όριο άτλαντα)",
        "date_label_en": "900 BCE–600 CE (atlas display cutoff)",
        "description_el": "Ισχυρή θεσσαλική πόλη που κυριάρχησε στην περιοχή υπό τον Ιάσονα των Φερών.",
        "description_en": "A powerful Thessalian city that dominated the region under Jason of Pherae.",
        "end_year": 600,
        "entity_class": "settlement",
        "entity_id": "city-pherae-thessaly",
        "entity_subtype": "polis",
        "external_links": [
          "https://pleiades.stoa.org/places/541044"
        ],
        "geometry_role": "site",
        "location_certainty": "high",
        "modern_country_el": "Ελλάδα",
        "modern_country_en": "Greece",
        "modern_locality": "Βελεστίνο",
        "name_el": "Φερές",
        "name_en": "Pherae",
        "record_confidence": "high",
        "review_state": "reviewed",
        "source_id": "src-pleiades-541044",
        "spatial_note_el": null,
        "spatial_note_en": null,
        "start_year": -900
      },
      "type": "Feature"
    },
    {
      "geometry": {
        "coordinates": [
          23.644609,
          37.937222
        ],
        "type": "Point"
      },
      "id": "city-piraeus",
      "properties": {
        "ancient_name_grc": "Πειραιεύς",
        "chronology_basis": "occupation_window",
        "collections": [
          "city"
        ],
        "country_iso2": "GR",
        "country_iso3": "GRC",
        "date_label_el": "493 π.Χ.–600 μ.Χ. (όριο άτλαντα)",
        "date_label_en": "493 BCE–600 CE (atlas display cutoff)",
        "description_el": "Οχυρωμένο επίνειο της Αθήνας, οργανωμένο ως κύρια βάση του αθηναϊκού στόλου στις αρχές του 5ου αιώνα π.Χ.",
        "description_en": "A fortified port of Athens, organized as the main base of the Athenian fleet at the beginning of the 5th century BC.",
        "end_year": 600,
        "entity_class": "settlement",
        "entity_id": "city-piraeus",
        "entity_subtype": "polis",
        "external_links": [
          "https://pleiades.stoa.org/places/580062"
        ],
        "geometry_role": "site",
        "location_certainty": "high",
        "modern_country_el": "Ελλάδα",
        "modern_country_en": "Greece",
        "modern_locality": "Πειραιάς",
        "name_el": "Πειραιάς",
        "name_en": "Piraeus",
        "record_confidence": "high",
        "review_state": "reviewed",
        "source_id": "src-pleiades-580062",
        "spatial_note_el": null,
        "spatial_note_en": null,
        "start_year": -493
      },
      "type": "Feature"
    },
    {
      "geometry": {
        "coordinates": [
          20.95385,
          32.707134
        ],
        "type": "Point"
      },
      "id": "city-ptolemais-cyrenaica",
      "properties": {
        "ancient_name_grc": "Πτολεμαΐς",
        "chronology_basis": "occupation_window",
        "collections": [
          "city"
        ],
        "country_iso2": "LY",
        "country_iso3": "LBY",
        "date_label_el": "300 π.Χ.–600 μ.Χ. (όριο άτλαντα)",
        "date_label_en": "300 BCE–600 CE (atlas display cutoff)",
        "description_el": "Η ελληνιστική πόλη που αναπτύχθηκε από το λιμάνι της Βάρκης και έγινε σημαντικό κέντρο της Κυρηναϊκής.",
        "description_en": "A Hellenistic city that developed from the port of Barca and became an important centre of Cyrenaica.",
        "end_year": 600,
        "entity_class": "settlement",
        "entity_id": "city-ptolemais-cyrenaica",
        "entity_subtype": "polis",
        "external_links": [
          "https://pleiades.stoa.org/places/373879"
        ],
        "geometry_role": "site",
        "location_certainty": "medium",
        "modern_country_el": "Λιβύη",
        "modern_country_en": "Libya",
        "modern_locality": "Tolmeita",
        "name_el": "Πτολεμαΐδα Κυρηναϊκής",
        "name_en": "Ptolemais of Cyrenaica",
        "record_confidence": "medium",
        "review_state": "reviewed",
        "source_id": "src-pleiades-373879",
        "spatial_note_el": null,
        "spatial_note_en": null,
        "start_year": -300
      },
      "type": "Feature"
    },
    {
      "geometry": {
        "coordinates": [
          22.614991,
          40.397569
        ],
        "type": "Point"
      },
      "id": "city-pydna",
      "properties": {
        "ancient_name_grc": "Πύδνα",
        "chronology_basis": "occupation_window",
        "collections": [
          "city"
        ],
        "country_iso2": "GR",
        "country_iso3": "GRC",
        "date_label_el": "700 π.Χ.–600 μ.Χ. (όριο άτλαντα)",
        "date_label_en": "700 BCE–600 CE (atlas display cutoff)",
        "description_el": "Μακεδονικό λιμάνι, γνωστό και από τη ρωμαϊκή νίκη επί του Περσέα το 168 π.Χ.",
        "description_en": "Macedonian port, also known from the Roman victory over Perseus in 168 BC.",
        "end_year": 600,
        "entity_class": "settlement",
        "entity_id": "city-pydna",
        "entity_subtype": "polis",
        "external_links": [
          "https://pleiades.stoa.org/places/491703"
        ],
        "geometry_role": "site",
        "location_certainty": "high",
        "modern_country_el": "Ελλάδα",
        "modern_country_en": "Greece",
        "modern_locality": "Μακρύγιαλος Πιερίας",
        "name_el": "Πύδνα",
        "name_en": "Pydna",
        "record_confidence": "high",
        "review_state": "reviewed",
        "source_id": "src-pleiades-491703",
        "spatial_note_el": null,
        "spatial_note_en": null,
        "start_year": -700
      },
      "type": "Feature"
    },
    {
      "geometry": {
        "coordinates": [
          28.227611,
          36.443113
        ],
        "type": "Point"
      },
      "id": "city-rhodes-city",
      "properties": {
        "ancient_name_grc": "Ῥόδος",
        "chronology_basis": "occupation_window",
        "collections": [
          "city"
        ],
        "country_iso2": "GR",
        "country_iso3": "GRC",
        "date_label_el": "408 π.Χ.–600 μ.Χ. (όριο άτλαντα)",
        "date_label_en": "408 BCE–600 CE (atlas display cutoff)",
        "description_el": "Νέα ομοσπονδιακή πρωτεύουσα του νησιού, ιδρυμένη με συνοικισμό το 408/407 π.Χ.",
        "description_en": "The island's new federal capital, founded through synoecism in 408/407 BCE.",
        "end_year": 600,
        "entity_class": "settlement",
        "entity_id": "city-rhodes-city",
        "entity_subtype": "polis",
        "external_links": [
          "https://pleiades.stoa.org/places/590030"
        ],
        "geometry_role": "site",
        "location_certainty": "high",
        "modern_country_el": "Ελλάδα",
        "modern_country_en": "Greece",
        "modern_locality": "Ρόδος",
        "name_el": "Ρόδος",
        "name_en": "Rhodes",
        "record_confidence": "high",
        "review_state": "reviewed",
        "source_id": "src-pleiades-590030",
        "spatial_note_el": null,
        "spatial_note_en": null,
        "start_year": -408
      },
      "type": "Feature"
    },
    {
      "geometry": {
        "coordinates": [
          26.944483,
          37.68825
        ],
        "type": "Point"
      },
      "id": "city-samos-city",
      "properties": {
        "ancient_name_grc": "Σάμος",
        "chronology_basis": "occupation_window",
        "collections": [
          "city"
        ],
        "country_iso2": "GR",
        "country_iso3": "GRC",
        "date_label_el": "1000 π.Χ.–600 μ.Χ. (όριο άτλαντα)",
        "date_label_en": "1000 BCE–600 CE (atlas display cutoff)",
        "description_el": "Ιωνική πόλη και ναυτική δύναμη, ιδιαίτερα ακμαία υπό τον Πολυκράτη τον 6ο αιώνα π.Χ.",
        "description_en": "Ionian city and naval power, particularly prosperous under Polycrates in the 6th century BC.",
        "end_year": 600,
        "entity_class": "settlement",
        "entity_id": "city-samos-city",
        "entity_subtype": "polis",
        "external_links": [
          "https://pleiades.stoa.org/places/599925"
        ],
        "geometry_role": "site",
        "location_certainty": "high",
        "modern_country_el": "Ελλάδα",
        "modern_country_en": "Greece",
        "modern_locality": "Πυθαγόρειο",
        "name_el": "Σάμος",
        "name_en": "Samos",
        "record_confidence": "high",
        "review_state": "reviewed",
        "source_id": "src-pleiades-599925",
        "spatial_note_el": null,
        "spatial_note_en": null,
        "start_year": -1000
      },
      "type": "Feature"
    },
    {
      "geometry": {
        "coordinates": [
          22.712193,
          37.983819
        ],
        "type": "Point"
      },
      "id": "city-sicyon",
      "properties": {
        "ancient_name_grc": "Σικυών",
        "chronology_basis": "occupation_window",
        "collections": [
          "city"
        ],
        "country_iso2": "GR",
        "country_iso3": "GRC",
        "date_label_el": "1000 π.Χ.–600 μ.Χ. (όριο άτλαντα)",
        "date_label_en": "1000 BCE–600 CE (atlas display cutoff)",
        "description_el": "Πόλη της βόρειας Πελοποννήσου, ιδιαίτερα γνωστή για τη γλυπτική και τη ζωγραφική της παράδοση.",
        "description_en": "City of the northern Peloponnese, particularly known for its sculpture and painting tradition.",
        "end_year": 600,
        "entity_class": "settlement",
        "entity_id": "city-sicyon",
        "entity_subtype": "polis",
        "external_links": [
          "https://pleiades.stoa.org/places/570668"
        ],
        "geometry_role": "site",
        "location_certainty": "high",
        "modern_country_el": "Ελλάδα",
        "modern_country_en": "Greece",
        "modern_locality": "Αρχαία Σικυώνα",
        "name_el": "Σικυώνα",
        "name_en": "Sicyon",
        "record_confidence": "high",
        "review_state": "reviewed",
        "source_id": "src-pleiades-570668",
        "spatial_note_el": null,
        "spatial_note_en": null,
        "start_year": -1000
      },
      "type": "Feature"
    },
    {
      "geometry": {
        "coordinates": [
          27.141387,
          38.417196
        ],
        "type": "Point"
      },
      "id": "city-smyrna",
      "properties": {
        "ancient_name_grc": "Σμύρνα",
        "chronology_basis": "occupation_window",
        "collections": [
          "city"
        ],
        "country_iso2": "TR",
        "country_iso3": "TUR",
        "date_label_el": "300 π.Χ.–600 μ.Χ. (όριο άτλαντα)",
        "date_label_en": "300 BCE–600 CE (atlas display cutoff)",
        "description_el": "Η ελληνιστική Σμύρνη ιδρύθηκε εκ νέου κοντά στο όρος Πάγος, διαδεχόμενη την παλαιότερη πόλη στο Μπαϊρακλί.",
        "description_en": "Hellenistic Smyrna was re-founded near Mount Pagos, succeeding the older city at Bayrakli.",
        "end_year": 600,
        "entity_class": "settlement",
        "entity_id": "city-smyrna",
        "entity_subtype": "polis",
        "external_links": [
          "https://pleiades.stoa.org/places/550893"
        ],
        "geometry_role": "site",
        "location_certainty": "high",
        "modern_country_el": "Τουρκία",
        "modern_country_en": "Turkey",
        "modern_locality": "İzmir",
        "name_el": "Σμύρνη",
        "name_en": "Smyrna",
        "record_confidence": "high",
        "review_state": "reviewed",
        "source_id": "src-pleiades-550893",
        "spatial_note_el": null,
        "spatial_note_en": null,
        "start_year": -300
      },
      "type": "Feature"
    },
    {
      "geometry": {
        "coordinates": [
          22.424672,
          37.081782
        ],
        "type": "Point"
      },
      "id": "city-sparta",
      "properties": {
        "ancient_name_grc": "Σπάρτη",
        "chronology_basis": "occupation_window",
        "collections": [
          "city"
        ],
        "country_iso2": "GR",
        "country_iso3": "GRC",
        "date_label_el": "950 π.Χ.–600 μ.Χ. (όριο άτλαντα)",
        "date_label_en": "950 BCE–600 CE (atlas display cutoff)",
        "description_el": "Δωρική πόλη της Λακωνίας, γνωστή για το στρατιωτικό και πολιτειακό της σύστημα.",
        "description_en": "Doric city of Laconia, known for its military and political system.",
        "end_year": 600,
        "entity_class": "settlement",
        "entity_id": "city-sparta",
        "entity_subtype": "polis",
        "external_links": [
          "https://pleiades.stoa.org/places/570685"
        ],
        "geometry_role": "site",
        "location_certainty": "high",
        "modern_country_el": "Ελλάδα",
        "modern_country_en": "Greece",
        "modern_locality": "Σπάρτη",
        "name_el": "Σπάρτη",
        "name_en": "Sparta",
        "record_confidence": "high",
        "review_state": "reviewed",
        "source_id": "src-pleiades-570685",
        "spatial_note_el": null,
        "spatial_note_en": null,
        "start_year": -950
      },
      "type": "Feature"
    },
    {
      "geometry": {
        "coordinates": [
          22.420672,
          37.455301
        ],
        "type": "Point"
      },
      "id": "city-tegea",
      "properties": {
        "ancient_name_grc": "Τεγέα",
        "chronology_basis": "occupation_window",
        "collections": [
          "city"
        ],
        "country_iso2": "GR",
        "country_iso3": "GRC",
        "date_label_el": "900 π.Χ.–600 μ.Χ. (όριο άτλαντα)",
        "date_label_en": "900 BCE–600 CE (atlas display cutoff)",
        "description_el": "Σημαντική αρκαδική πόλη και μακροχρόνια αντίπαλος της Σπάρτης.",
        "description_en": "Important Arcadian city and long-time rival of Sparta.",
        "end_year": 600,
        "entity_class": "settlement",
        "entity_id": "city-tegea",
        "entity_subtype": "polis",
        "external_links": [
          "https://pleiades.stoa.org/places/570707"
        ],
        "geometry_role": "site",
        "location_certainty": "high",
        "modern_country_el": "Ελλάδα",
        "modern_country_en": "Greece",
        "modern_locality": "Αλέα Τεγέας",
        "name_el": "Τεγέα",
        "name_en": "Tegea",
        "record_confidence": "high",
        "review_state": "reviewed",
        "source_id": "src-pleiades-570707",
        "spatial_note_el": null,
        "spatial_note_en": null,
        "start_year": -900
      },
      "type": "Feature"
    },
    {
      "geometry": {
        "coordinates": [
          23.317653,
          38.319949
        ],
        "type": "Point"
      },
      "id": "city-thebes-boeotia",
      "properties": {
        "ancient_name_grc": "Θῆβαι",
        "chronology_basis": "occupation_window",
        "collections": [
          "city"
        ],
        "country_iso2": "GR",
        "country_iso3": "GRC",
        "date_label_el": "1400 π.Χ.–600 μ.Χ. (όριο άτλαντα)",
        "date_label_en": "1400 BCE–600 CE (atlas display cutoff)",
        "description_el": "Ηγετική πόλη της Βοιωτίας, με κορύφωση της ισχύος της τον 4ο αιώνα π.Χ.",
        "description_en": "A leading city of Boeotia, with the peak of its power in the 4th century BC.",
        "end_year": 600,
        "entity_class": "settlement",
        "entity_id": "city-thebes-boeotia",
        "entity_subtype": "polis",
        "external_links": [
          "https://pleiades.stoa.org/places/541138"
        ],
        "geometry_role": "site",
        "location_certainty": "high",
        "modern_country_el": "Ελλάδα",
        "modern_country_en": "Greece",
        "modern_locality": "Θήβα",
        "name_el": "Θήβα",
        "name_en": "Thebes",
        "record_confidence": "high",
        "review_state": "reviewed",
        "source_id": "src-pleiades-541138",
        "spatial_note_el": null,
        "spatial_note_en": null,
        "start_year": -1400
      },
      "type": "Feature"
    },
    {
      "geometry": {
        "coordinates": [
          25.47843,
          36.363279
        ],
        "type": "Point"
      },
      "id": "city-thera-city",
      "properties": {
        "ancient_name_grc": "Θήρα",
        "chronology_basis": "occupation_window",
        "collections": [
          "city"
        ],
        "country_iso2": "GR",
        "country_iso3": "GRC",
        "date_label_el": "900 π.Χ.–600 μ.Χ. (όριο άτλαντα)",
        "date_label_en": "900 BCE–600 CE (atlas display cutoff)",
        "description_el": "Δωρική πόλη στη Θήρα, μητρόπολη της Κυρήνης σύμφωνα με την αρχαία παράδοση.",
        "description_en": "A Doric city on Thera and, according to ancient tradition, the metropolis of Cyrene.",
        "end_year": 600,
        "entity_class": "settlement",
        "entity_id": "city-thera-city",
        "entity_subtype": "polis",
        "external_links": [
          "https://pleiades.stoa.org/places/599971"
        ],
        "geometry_role": "site",
        "location_certainty": "high",
        "modern_country_el": "Ελλάδα",
        "modern_country_en": "Greece",
        "modern_locality": "Μέσα Βουνό Σαντορίνης",
        "name_el": "Θήρα",
        "name_en": "Thera",
        "record_confidence": "high",
        "review_state": "reviewed",
        "source_id": "src-pleiades-599971",
        "spatial_note_el": null,
        "spatial_note_en": null,
        "start_year": -900
      },
      "type": "Feature"
    },
    {
      "geometry": {
        "coordinates": [
          22.952885,
          40.628342
        ],
        "type": "Point"
      },
      "id": "city-thessalonica",
      "properties": {
        "ancient_name_grc": "Θεσσαλονίκη",
        "chronology_basis": "occupation_window",
        "collections": [
          "city"
        ],
        "country_iso2": "GR",
        "country_iso3": "GRC",
        "date_label_el": "315 π.Χ.–600 μ.Χ. (όριο άτλαντα)",
        "date_label_en": "315 BCE–600 CE (atlas display cutoff)",
        "description_el": "Πόλη που ίδρυσε ο Κάσσανδρος με συνοικισμό και εξελίχθηκε σε μεγάλο λιμάνι της Μακεδονίας.",
        "description_en": "A city founded by Cassander through synoecism that developed into a major Macedonian port.",
        "end_year": 600,
        "entity_class": "settlement",
        "entity_id": "city-thessalonica",
        "entity_subtype": "polis",
        "external_links": [
          "https://pleiades.stoa.org/places/491741"
        ],
        "geometry_role": "site",
        "location_certainty": "high",
        "modern_country_el": "Ελλάδα",
        "modern_country_en": "Greece",
        "modern_locality": "Θεσσαλονίκη",
        "name_el": "Θεσσαλονίκη",
        "name_en": "Thessalonica",
        "record_confidence": "high",
        "review_state": "reviewed",
        "source_id": "src-pleiades-491741",
        "spatial_note_el": null,
        "spatial_note_en": null,
        "start_year": -315
      },
      "type": "Feature"
    },
    {
      "geometry": {
        "coordinates": [
          26.411313,
          40.194216
        ],
        "type": "Point"
      },
      "id": "colony-abydos",
      "properties": {
        "ancient_name_grc": "Ἄβυδος",
        "chronology_basis": "occupation_window",
        "collections": [
          "colony"
        ],
        "country_iso2": "TR",
        "country_iso3": "TUR",
        "date_label_el": "670 π.Χ.–600 μ.Χ. (όριο άτλαντα)",
        "date_label_en": "670 BCE–600 CE (atlas display cutoff)",
        "description_el": "Μιλησιακή αποικία στο στενότερο σημείο του Ελλησπόντου, απέναντι από τη Σηστό.",
        "description_en": "A Milesian colony at the narrowest point of the Hellespont, opposite Sestos.",
        "end_year": 600,
        "entity_class": "settlement",
        "entity_id": "colony-abydos",
        "entity_subtype": "polis",
        "external_links": [
          "https://pleiades.stoa.org/places/501325"
        ],
        "geometry_role": "site",
        "location_certainty": "high",
        "modern_country_el": "Τουρκία",
        "modern_country_en": "Turkey",
        "modern_locality": "Nara Burnu, Çanakkale",
        "name_el": "Άβυδος",
        "name_en": "Abydos",
        "record_confidence": "high",
        "review_state": "reviewed",
        "source_id": "src-pleiades-501325",
        "spatial_note_el": null,
        "spatial_note_en": null,
        "start_year": -670
      },
      "type": "Feature"
    },
    {
      "geometry": {
        "coordinates": [
          13.585475,
          37.290594
        ],
        "type": "Point"
      },
      "id": "colony-akragas",
      "properties": {
        "ancient_name_grc": "Ἀκράγας",
        "chronology_basis": "occupation_window",
        "collections": [
          "colony"
        ],
        "country_iso2": "IT",
        "country_iso3": "ITA",
        "date_label_el": "580 π.Χ.–600 μ.Χ. (όριο άτλαντα)",
        "date_label_en": "580 BCE–600 CE (atlas display cutoff)",
        "description_el": "Αποικία της Γέλας με μνημειακό πολεοδομικό και ναοδομικό τοπίο.",
        "description_en": "Colony of Gela with a monumental urban and temple landscape.",
        "end_year": 600,
        "entity_class": "settlement",
        "entity_id": "colony-akragas",
        "entity_subtype": "polis",
        "external_links": [
          "https://pleiades.stoa.org/places/462086"
        ],
        "geometry_role": "site",
        "location_certainty": "high",
        "modern_country_el": "Ιταλία",
        "modern_country_en": "Italy",
        "modern_locality": "Agrigento",
        "name_el": "Ακράγαντας",
        "name_en": "Akragas",
        "record_confidence": "high",
        "review_state": "reviewed",
        "source_id": "src-pleiades-462086",
        "spatial_note_el": null,
        "spatial_note_en": null,
        "start_year": -580
      },
      "type": "Feature"
    },
    {
      "geometry": {
        "coordinates": [
          20.990093,
          39.154924
        ],
        "type": "Point"
      },
      "id": "colony-ambracia",
      "properties": {
        "ancient_name_grc": "Ἀμβρακία",
        "chronology_basis": "occupation_window",
        "collections": [
          "colony"
        ],
        "country_iso2": "GR",
        "country_iso3": "GRC",
        "date_label_el": "625 π.Χ.–600 μ.Χ. (όριο άτλαντα)",
        "date_label_en": "625 BCE–600 CE (atlas display cutoff)",
        "description_el": "Κορινθιακή αποικία στον Άραχθο και μεταγενέστερη πρωτεύουσα του Πύρρου.",
        "description_en": "Corinthian colony on Arachthos and later capital of Pyrrhus.",
        "end_year": 600,
        "entity_class": "settlement",
        "entity_id": "colony-ambracia",
        "entity_subtype": "polis",
        "external_links": [
          "https://pleiades.stoa.org/places/530794"
        ],
        "geometry_role": "site",
        "location_certainty": "high",
        "modern_country_el": "Ελλάδα",
        "modern_country_en": "Greece",
        "modern_locality": "Άρτα",
        "name_el": "Αμβρακία",
        "name_en": "Ambracia",
        "record_confidence": "high",
        "review_state": "reviewed",
        "source_id": "src-pleiades-530794",
        "spatial_note_el": null,
        "spatial_note_en": null,
        "start_year": -625
      },
      "type": "Feature"
    },
    {
      "geometry": {
        "coordinates": [
          36.3313,
          41.292721
        ],
        "type": "Point"
      },
      "id": "colony-amisus",
      "properties": {
        "ancient_name_grc": "Ἀμισός",
        "chronology_basis": "occupation_window",
        "collections": [
          "colony"
        ],
        "country_iso2": "TR",
        "country_iso3": "TUR",
        "date_label_el": "564 π.Χ.–600 μ.Χ. (όριο άτλαντα)",
        "date_label_en": "564 BCE–600 CE (atlas display cutoff)",
        "description_el": "Ελληνική αποικία στη νότια ακτή του Ευξείνου, σημαντικό λιμάνι του Πόντου.",
        "description_en": "Greek colony on the southern coast of the Black Sea, an important port on the Pontus.",
        "end_year": 600,
        "entity_class": "settlement",
        "entity_id": "colony-amisus",
        "entity_subtype": "polis",
        "external_links": [
          "https://pleiades.stoa.org/places/857024"
        ],
        "geometry_role": "site",
        "location_certainty": "high",
        "modern_country_el": "Τουρκία",
        "modern_country_en": "Turkey",
        "modern_locality": "Samsun",
        "name_el": "Αμισός",
        "name_en": "Amisus",
        "record_confidence": "high",
        "review_state": "reviewed",
        "source_id": "src-pleiades-857024",
        "spatial_note_el": null,
        "spatial_note_en": null,
        "start_year": -564
      },
      "type": "Feature"
    },
    {
      "geometry": {
        "coordinates": [
          23.841579,
          40.825811
        ],
        "type": "Point"
      },
      "id": "colony-amphipolis",
      "properties": {
        "ancient_name_grc": "Ἀμφίπολις",
        "chronology_basis": "occupation_window",
        "collections": [
          "colony"
        ],
        "country_iso2": "GR",
        "country_iso3": "GRC",
        "date_label_el": "437 π.Χ.–600 μ.Χ. (όριο άτλαντα)",
        "date_label_en": "437 BCE–600 CE (atlas display cutoff)",
        "description_el": "Αθηναϊκή αποικία στον Στρυμόνα, στρατηγική για ξυλεία, μεταλλεία και τον δρόμο προς τη Θράκη.",
        "description_en": "An Athenian colony on the Strymon, strategically important for timber, mines and the route into Thrace.",
        "end_year": 600,
        "entity_class": "settlement",
        "entity_id": "colony-amphipolis",
        "entity_subtype": "polis",
        "external_links": [
          "https://pleiades.stoa.org/places/501347"
        ],
        "geometry_role": "site",
        "location_certainty": "high",
        "modern_country_el": "Ελλάδα",
        "modern_country_en": "Greece",
        "modern_locality": "Αμφίπολη",
        "name_el": "Αμφίπολη",
        "name_en": "Amphipolis",
        "record_confidence": "high",
        "review_state": "reviewed",
        "source_id": "src-pleiades-501347",
        "spatial_note_el": null,
        "spatial_note_en": null,
        "start_year": -437
      },
      "type": "Feature"
    },
    {
      "geometry": {
        "coordinates": [
          13.516073,
          43.618993
        ],
        "type": "Point"
      },
      "id": "colony-ancona",
      "properties": {
        "ancient_name_grc": "Ἀγκών",
        "chronology_basis": "occupation_window",
        "collections": [
          "colony"
        ],
        "country_iso2": "IT",
        "country_iso3": "ITA",
        "date_label_el": "387 π.Χ.–600 μ.Χ. (όριο άτλαντα)",
        "date_label_en": "387 BCE–600 CE (atlas display cutoff)",
        "description_el": "Λιμάνι που ίδρυσαν Συρακούσιοι άποικοι στην καμπή της ιταλικής ακτής της Αδριατικής.",
        "description_en": "Port established by Syracusan colonists at the bend of the Italian Adriatic coast.",
        "end_year": 600,
        "entity_class": "settlement",
        "entity_id": "colony-ancona",
        "entity_subtype": "polis",
        "external_links": [
          "https://pleiades.stoa.org/places/413014"
        ],
        "geometry_role": "site",
        "location_certainty": "high",
        "modern_country_el": "Ιταλία",
        "modern_country_en": "Italy",
        "modern_locality": "Ancona",
        "name_el": "Αγκών",
        "name_en": "Ancon",
        "record_confidence": "high",
        "review_state": "reviewed",
        "source_id": "src-pleiades-413014",
        "spatial_note_el": null,
        "spatial_note_en": null,
        "start_year": -387
      },
      "type": "Feature"
    },
    {
      "geometry": {
        "coordinates": [
          21.970831,
          32.902344
        ],
        "type": "Point"
      },
      "id": "colony-apollonia-cyrenaica",
      "properties": {
        "ancient_name_grc": "Ἀπολλωνία",
        "chronology_basis": "occupation_window",
        "collections": [
          "colony"
        ],
        "country_iso2": "LY",
        "country_iso3": "LBY",
        "date_label_el": "600 π.Χ.–600 μ.Χ. (όριο άτλαντα)",
        "date_label_en": "600 BCE–600 CE (atlas display cutoff)",
        "description_el": "Το επίνειο της Κυρήνης, που εξελίχθηκε σε αυτόνομη πόλη και μέλος της Πεντάπολης.",
        "description_en": "The port of Cyrene, which developed into an autonomous city and member of the Cyrenaican Pentapolis.",
        "end_year": 600,
        "entity_class": "settlement",
        "entity_id": "colony-apollonia-cyrenaica",
        "entity_subtype": "polis",
        "external_links": [
          "https://pleiades.stoa.org/places/373732"
        ],
        "geometry_role": "site",
        "location_certainty": "high",
        "modern_country_el": "Λιβύη",
        "modern_country_en": "Libya",
        "modern_locality": "Marsa Susa",
        "name_el": "Απολλωνία Κυρηναϊκής",
        "name_en": "Apollonia of Cyrenaica",
        "record_confidence": "high",
        "review_state": "reviewed",
        "source_id": "src-pleiades-373732",
        "spatial_note_el": null,
        "spatial_note_en": null,
        "start_year": -600
      },
      "type": "Feature"
    },
    {
      "geometry": {
        "coordinates": [
          19.46926,
          40.720191
        ],
        "type": "Point"
      },
      "id": "colony-apollonia-illyria",
      "properties": {
        "ancient_name_grc": "Ἀπολλωνία",
        "chronology_basis": "occupation_window",
        "collections": [
          "colony"
        ],
        "country_iso2": "AL",
        "country_iso3": "ALB",
        "date_label_el": "588 π.Χ.–600 μ.Χ. (όριο άτλαντα)",
        "date_label_en": "588 BCE–600 CE (atlas display cutoff)",
        "description_el": "Κορινθιακή και κερκυραϊκή αποικία κοντά στον Αώο, σημαντικός σταθμός της Εγνατίας οδού.",
        "description_en": "A joint Corinthian and Corcyraean colony near the Aoos and an important station on the Via Egnatia.",
        "end_year": 600,
        "entity_class": "settlement",
        "entity_id": "colony-apollonia-illyria",
        "entity_subtype": "polis",
        "external_links": [
          "https://pleiades.stoa.org/places/481728"
        ],
        "geometry_role": "site",
        "location_certainty": "high",
        "modern_country_el": "Αλβανία",
        "modern_country_en": "Albania",
        "modern_locality": "Pojan, Fier",
        "name_el": "Απολλωνία Ιλλυρίας",
        "name_en": "Apollonia",
        "record_confidence": "high",
        "review_state": "reviewed",
        "source_id": "src-pleiades-481728",
        "spatial_note_el": null,
        "spatial_note_en": null,
        "start_year": -588
      },
      "type": "Feature"
    },
    {
      "geometry": {
        "coordinates": [
          27.694272,
          42.420355
        ],
        "type": "Point"
      },
      "id": "colony-apollonia-pontica",
      "properties": {
        "ancient_name_grc": "Ἀπολλωνία Ποντική",
        "chronology_basis": "occupation_window",
        "collections": [
          "colony"
        ],
        "country_iso2": "BG",
        "country_iso3": "BGR",
        "date_label_el": "610 π.Χ.–600 μ.Χ. (όριο άτλαντα)",
        "date_label_en": "610 BCE–600 CE (atlas display cutoff)",
        "description_el": "Μεγάλη μιλησιακή αποικία της δυτικής ακτής του Ευξείνου, μεταγενέστερα γνωστή ως Σωζόπολις.",
        "description_en": "Large Milesian colony of the western coast of the Black Sea, later known as Sozopolis.",
        "end_year": 600,
        "entity_class": "settlement",
        "entity_id": "colony-apollonia-pontica",
        "entity_subtype": "polis",
        "external_links": [
          "https://pleiades.stoa.org/places/216706"
        ],
        "geometry_role": "site",
        "location_certainty": "high",
        "modern_country_el": "Βουλγαρία",
        "modern_country_en": "Bulgaria",
        "modern_locality": "Sozopol",
        "name_el": "Απολλωνία Ποντική",
        "name_en": "Apollonia Pontica",
        "record_confidence": "high",
        "review_state": "reviewed",
        "source_id": "src-pleiades-216706",
        "spatial_note_el": null,
        "spatial_note_en": null,
        "start_year": -610
      },
      "type": "Feature"
    },
    {
      "geometry": {
        "coordinates": [
          26.336352,
          39.490135
        ],
        "type": "Point"
      },
      "id": "colony-assos",
      "properties": {
        "ancient_name_grc": "Ἄσσος",
        "chronology_basis": "occupation_window",
        "collections": [
          "colony"
        ],
        "country_iso2": "TR",
        "country_iso3": "TUR",
        "date_label_el": "1000 π.Χ.–600 μ.Χ. (όριο άτλαντα)",
        "date_label_en": "1000 BCE–600 CE (atlas display cutoff)",
        "description_el": "Αιολική αποικία της Μήθυμνας σε οχυρό ύψωμα απέναντι από τη Λέσβο.",
        "description_en": "An Aeolian colony of Methymna on a fortified hill opposite Lesbos.",
        "end_year": 600,
        "entity_class": "settlement",
        "entity_id": "colony-assos",
        "entity_subtype": "polis",
        "external_links": [
          "https://pleiades.stoa.org/places/550463"
        ],
        "geometry_role": "site",
        "location_certainty": "high",
        "modern_country_el": "Τουρκία",
        "modern_country_en": "Turkey",
        "modern_locality": "Behramkale, Çanakkale",
        "name_el": "Άσσος",
        "name_en": "Assos",
        "record_confidence": "high",
        "review_state": "reviewed",
        "source_id": "src-pleiades-550463",
        "spatial_note_el": null,
        "spatial_note_en": null,
        "start_year": -1000
      },
      "type": "Feature"
    },
    {
      "geometry": {
        "coordinates": [
          20.871743,
          32.499653
        ],
        "type": "Point"
      },
      "id": "colony-barca-cyrenaica",
      "properties": {
        "ancient_name_grc": "Βάρκη",
        "chronology_basis": "occupation_window",
        "collections": [
          "colony"
        ],
        "country_iso2": "LY",
        "country_iso3": "LBY",
        "date_label_el": "560 π.Χ.–600 μ.Χ. (όριο άτλαντα)",
        "date_label_en": "560 BCE–600 CE (atlas display cutoff)",
        "description_el": "Ελληνική αποικία της ενδοχώρας της Κυρηναϊκής με λιμάνι τη μετέπειτα Πτολεμαΐδα.",
        "description_en": "A Greek colony in the Cyrenaican interior whose port later developed into Ptolemais.",
        "end_year": 600,
        "entity_class": "settlement",
        "entity_id": "colony-barca-cyrenaica",
        "entity_subtype": "polis",
        "external_links": [
          "https://pleiades.stoa.org/places/373750"
        ],
        "geometry_role": "site",
        "location_certainty": "high",
        "modern_country_el": "Λιβύη",
        "modern_country_en": "Libya",
        "modern_locality": "Al Marj area",
        "name_el": "Βάρκη",
        "name_en": "Barca",
        "record_confidence": "high",
        "review_state": "reviewed",
        "source_id": "src-pleiades-373750",
        "spatial_note_el": null,
        "spatial_note_en": null,
        "start_year": -560
      },
      "type": "Feature"
    },
    {
      "geometry": {
        "coordinates": [
          28.973881,
          41.005902
        ],
        "type": "Point"
      },
      "id": "colony-byzantium",
      "properties": {
        "ancient_name_grc": "Βυζάντιον",
        "chronology_basis": "occupation_window",
        "collections": [
          "colony"
        ],
        "country_iso2": "TR",
        "country_iso3": "TUR",
        "date_label_el": "657 π.Χ.–330 μ.Χ.",
        "date_label_en": "657 BCE–330 CE",
        "description_el": "Μεγαρική αποικία σε εξαιρετική θέση στον Βόσπορο· το 330 μ.Χ. μετασχηματίστηκε σε Κωνσταντινούπολη.",
        "description_en": "A Megarian colony in an exceptional position on the Bosporus; in 330 CE it was transformed into Constantinople.",
        "end_year": 330,
        "entity_class": "settlement",
        "entity_id": "colony-byzantium",
        "entity_subtype": "polis",
        "external_links": [
          "https://pleiades.stoa.org/places/520985"
        ],
        "geometry_role": "site",
        "location_certainty": "high",
        "modern_country_el": "Τουρκία",
        "modern_country_en": "Turkey",
        "modern_locality": "İstanbul",
        "name_el": "Βυζάντιο",
        "name_en": "Byzantium",
        "record_confidence": "high",
        "review_state": "reviewed",
        "source_id": "src-pleiades-520985",
        "spatial_note_el": null,
        "spatial_note_en": null,
        "start_year": -657
      },
      "type": "Feature"
    },
    {
      "geometry": {
        "coordinates": [
          28.58275,
          43.817152
        ],
        "type": "Point"
      },
      "id": "colony-callatis",
      "properties": {
        "ancient_name_grc": "Κάλλατις",
        "chronology_basis": "occupation_window",
        "collections": [
          "colony"
        ],
        "country_iso2": "RO",
        "country_iso3": "ROU",
        "date_label_el": "500 π.Χ.–600 μ.Χ. (όριο άτλαντα)",
        "date_label_en": "500 BCE–600 CE (atlas display cutoff)",
        "description_el": "Ηρακλειώτικη αποικία στη δυτική ακτή του Ευξείνου, με δραστήρια ελληνιστική οικονομία.",
        "description_en": "A colony of Heraclea Pontica on the western Black Sea coast, with an active Hellenistic economy.",
        "end_year": 600,
        "entity_class": "settlement",
        "entity_id": "colony-callatis",
        "entity_subtype": "polis",
        "external_links": [
          "https://pleiades.stoa.org/places/216744"
        ],
        "geometry_role": "site",
        "location_certainty": "high",
        "modern_country_el": "Ρουμανία",
        "modern_country_en": "Romania",
        "modern_locality": "Mangalia",
        "name_el": "Κάλλατις",
        "name_en": "Callatis",
        "record_confidence": "high",
        "review_state": "reviewed",
        "source_id": "src-pleiades-216744",
        "spatial_note_el": null,
        "spatial_note_en": null,
        "start_year": -500
      },
      "type": "Feature"
    },
    {
      "geometry": {
        "coordinates": [
          15.088142,
          37.502959
        ],
        "type": "Point"
      },
      "id": "colony-catana",
      "properties": {
        "ancient_name_grc": "Κατάνη",
        "chronology_basis": "occupation_window",
        "collections": [
          "colony"
        ],
        "country_iso2": "IT",
        "country_iso3": "ITA",
        "date_label_el": "729 π.Χ.–600 μ.Χ. (όριο άτλαντα)",
        "date_label_en": "729 BCE–600 CE (atlas display cutoff)",
        "description_el": "Χαλκιδική αποικία στους πρόποδες της Αίτνας, στη θέση της σύγχρονης Κατάνιας.",
        "description_en": "A Chalcidian colony at the foot of Mount Etna, on the site of modern Catania.",
        "end_year": 600,
        "entity_class": "settlement",
        "entity_id": "colony-catana",
        "entity_subtype": "polis",
        "external_links": [
          "https://pleiades.stoa.org/places/462270"
        ],
        "geometry_role": "site",
        "location_certainty": "high",
        "modern_country_el": "Ιταλία",
        "modern_country_en": "Italy",
        "modern_locality": "Catania",
        "name_el": "Κατάνη",
        "name_en": "Catana",
        "record_confidence": "high",
        "review_state": "reviewed",
        "source_id": "src-pleiades-462270",
        "spatial_note_el": null,
        "spatial_note_en": null,
        "start_year": -729
      },
      "type": "Feature"
    },
    {
      "geometry": {
        "coordinates": [
          29.025789,
          40.983393
        ],
        "type": "Point"
      },
      "id": "colony-chalcedon",
      "properties": {
        "ancient_name_grc": "Χαλκηδών",
        "chronology_basis": "occupation_window",
        "collections": [
          "colony"
        ],
        "country_iso2": "TR",
        "country_iso3": "TUR",
        "date_label_el": "685 π.Χ.–600 μ.Χ. (όριο άτλαντα)",
        "date_label_en": "685 BCE–600 CE (atlas display cutoff)",
        "description_el": "Μεγαρική αποικία στην ασιατική είσοδο του Βοσπόρου, απέναντι από το Βυζάντιο.",
        "description_en": "Megarian colony at the Asian entrance to the Bosphorus, opposite Byzantium.",
        "end_year": 600,
        "entity_class": "settlement",
        "entity_id": "colony-chalcedon",
        "entity_subtype": "polis",
        "external_links": [
          "https://pleiades.stoa.org/places/520988"
        ],
        "geometry_role": "site",
        "location_certainty": "high",
        "modern_country_el": "Τουρκία",
        "modern_country_en": "Turkey",
        "modern_locality": "Kadıköy, İstanbul",
        "name_el": "Χαλκηδόνα",
        "name_en": "Chalcedon",
        "record_confidence": "high",
        "review_state": "reviewed",
        "source_id": "src-pleiades-520988",
        "spatial_note_el": null,
        "spatial_note_en": null,
        "start_year": -685
      },
      "type": "Feature"
    },
    {
      "geometry": {
        "coordinates": [
          33.492258,
          44.611093
        ],
        "type": "Point"
      },
      "id": "colony-chersonesus-taurica",
      "properties": {
        "ancient_name_grc": "Χερσόνησος",
        "chronology_basis": "occupation_window",
        "collections": [
          "colony"
        ],
        "country_iso2": "UA",
        "country_iso3": "UKR",
        "date_label_el": "422 π.Χ.–600 μ.Χ. (όριο άτλαντα)",
        "date_label_en": "422 BCE–600 CE (atlas display cutoff)",
        "description_el": "Ηρακλειώτικη αποικία στη νοτιοδυτική Κριμαία με οργανωμένη αγροτική χώρα.",
        "description_en": "A colony of Heraclea Pontica in southwestern Crimea, distinguished by its organized agricultural chora.",
        "end_year": 600,
        "entity_class": "settlement",
        "entity_id": "colony-chersonesus-taurica",
        "entity_subtype": "polis",
        "external_links": [
          "https://pleiades.stoa.org/places/226564"
        ],
        "geometry_role": "site",
        "location_certainty": "high",
        "modern_country_el": "Ουκρανία",
        "modern_country_en": "Ukraine",
        "modern_locality": "Sevastopol, Crimea",
        "name_el": "Χερσόνησος Ταυρική",
        "name_en": "Chersonesus Taurica",
        "record_confidence": "high",
        "review_state": "reviewed",
        "source_id": "src-pleiades-226564",
        "spatial_note_el": null,
        "spatial_note_en": null,
        "start_year": -422
      },
      "type": "Feature"
    },
    {
      "geometry": {
        "coordinates": [
          26.78662,
          38.373048
        ],
        "type": "Point"
      },
      "id": "colony-clazomenae",
      "properties": {
        "ancient_name_grc": "Κλαζομεναί",
        "chronology_basis": "occupation_window",
        "collections": [
          "colony"
        ],
        "country_iso2": "TR",
        "country_iso3": "TUR",
        "date_label_el": "1000 π.Χ.–600 μ.Χ. (όριο άτλαντα)",
        "date_label_en": "1000 BCE–600 CE (atlas display cutoff)",
        "description_el": "Ιωνική πόλη σε νησίδα και στην απέναντι ακτή, σημαντική για την κεραμική και το εμπόριο.",
        "description_en": "Ionian city on an island and on the opposite coast, important for pottery and trade.",
        "end_year": 600,
        "entity_class": "settlement",
        "entity_id": "colony-clazomenae",
        "entity_subtype": "polis",
        "external_links": [
          "https://pleiades.stoa.org/places/550651"
        ],
        "geometry_role": "site",
        "location_certainty": "high",
        "modern_country_el": "Τουρκία",
        "modern_country_en": "Turkey",
        "modern_locality": "Urla, İzmir",
        "name_el": "Κλαζομενές",
        "name_en": "Clazomenae",
        "record_confidence": "high",
        "review_state": "reviewed",
        "source_id": "src-pleiades-550651",
        "spatial_note_el": null,
        "spatial_note_en": null,
        "start_year": -1000
      },
      "type": "Feature"
    },
    {
      "geometry": {
        "coordinates": [
          27.372839,
          36.68818
        ],
        "type": "Point"
      },
      "id": "colony-cnidus",
      "properties": {
        "ancient_name_grc": "Κνίδος",
        "chronology_basis": "occupation_window",
        "collections": [
          "colony"
        ],
        "country_iso2": "TR",
        "country_iso3": "TUR",
        "date_label_el": "360 π.Χ.–700 μ.Χ.",
        "date_label_en": "360 BCE–700 CE",
        "description_el": "Η μνημειακή νεότερη Κνίδος στο άκρο της χερσονήσου διαδέχθηκε την αρχαιότερη δωρική εγκατάσταση στο Burgaz.",
        "description_en": "The monumental later city of Cnidus at the tip of the peninsula succeeded an earlier Doric settlement at Burgaz.",
        "end_year": 700,
        "entity_class": "settlement",
        "entity_id": "colony-cnidus",
        "entity_subtype": "polis",
        "external_links": [
          "https://pleiades.stoa.org/places/599575"
        ],
        "geometry_role": "site",
        "location_certainty": "high",
        "modern_country_el": "Τουρκία",
        "modern_country_en": "Turkey",
        "modern_locality": "Tekir Burnu, Datça",
        "name_el": "Κνίδος",
        "name_en": "Cnidus",
        "record_confidence": "high",
        "review_state": "reviewed",
        "source_id": "src-pleiades-599575",
        "spatial_note_el": null,
        "spatial_note_en": null,
        "start_year": -360
      },
      "type": "Feature"
    },
    {
      "geometry": {
        "coordinates": [
          27.148308,
          38.108253
        ],
        "type": "Point"
      },
      "id": "colony-colophon",
      "properties": {
        "ancient_name_grc": "Κολοφών",
        "chronology_basis": "occupation_window",
        "collections": [
          "colony"
        ],
        "country_iso2": "TR",
        "country_iso3": "TUR",
        "date_label_el": "1050 π.Χ.–600 μ.Χ. (όριο άτλαντα)",
        "date_label_en": "1050 BCE–600 CE (atlas display cutoff)",
        "description_el": "Μία από τις δώδεκα ιωνικές πόλεις, γνωστή για το ιππικό και την πνευματική της παράδοση.",
        "description_en": "One of the twelve Ionian cities, known for its cavalry and spiritual tradition.",
        "end_year": 600,
        "entity_class": "settlement",
        "entity_id": "colony-colophon",
        "entity_subtype": "polis",
        "external_links": [
          "https://pleiades.stoa.org/places/599577"
        ],
        "geometry_role": "site",
        "location_certainty": "high",
        "modern_country_el": "Τουρκία",
        "modern_country_en": "Turkey",
        "modern_locality": "Değirmendere, İzmir",
        "name_el": "Κολοφώνα",
        "name_en": "Colophon",
        "record_confidence": "high",
        "review_state": "reviewed",
        "source_id": "src-pleiades-599577",
        "spatial_note_el": null,
        "spatial_note_en": null,
        "start_year": -1050
      },
      "type": "Feature"
    },
    {
      "geometry": {
        "coordinates": [
          19.906703,
          39.60813
        ],
        "type": "Point"
      },
      "id": "colony-corcyra",
      "properties": {
        "ancient_name_grc": "Κόρκυρα",
        "chronology_basis": "occupation_window",
        "collections": [
          "colony"
        ],
        "country_iso2": "GR",
        "country_iso3": "GRC",
        "date_label_el": "734 π.Χ.–600 μ.Χ. (όριο άτλαντα)",
        "date_label_en": "734 BCE–600 CE (atlas display cutoff)",
        "description_el": "Ισχυρή κορινθιακή αποικία στο Ιόνιο και σημαντικός ναυτικός σταθμός προς τη Δύση.",
        "description_en": "A powerful Corinthian colony in the Ionian Sea and an important naval station on routes westward.",
        "end_year": 600,
        "entity_class": "settlement",
        "entity_id": "colony-corcyra",
        "entity_subtype": "polis",
        "external_links": [
          "https://pleiades.stoa.org/places/530834"
        ],
        "geometry_role": "site",
        "location_certainty": "high",
        "modern_country_el": "Ελλάδα",
        "modern_country_en": "Greece",
        "modern_locality": "Κέρκυρα",
        "name_el": "Κέρκυρα",
        "name_en": "Corcyra",
        "record_confidence": "high",
        "review_state": "reviewed",
        "source_id": "src-pleiades-530834",
        "spatial_note_el": null,
        "spatial_note_en": null,
        "start_year": -734
      },
      "type": "Feature"
    },
    {
      "geometry": {
        "coordinates": [
          17.127966,
          39.081167
        ],
        "type": "Point"
      },
      "id": "colony-croton",
      "properties": {
        "ancient_name_grc": "Κρότων",
        "chronology_basis": "occupation_window",
        "collections": [
          "colony"
        ],
        "country_iso2": "IT",
        "country_iso3": "ITA",
        "date_label_el": "710 π.Χ.–600 μ.Χ. (όριο άτλαντα)",
        "date_label_en": "710 BCE–600 CE (atlas display cutoff)",
        "description_el": "Αχαϊκή αποικία, γνωστή για τους αθλητές της και τη σχολή του Πυθαγόρα.",
        "description_en": "Achaean colony, known for its athletes and the school of Pythagoras.",
        "end_year": 600,
        "entity_class": "settlement",
        "entity_id": "colony-croton",
        "entity_subtype": "polis",
        "external_links": [
          "https://pleiades.stoa.org/places/452317"
        ],
        "geometry_role": "site",
        "location_certainty": "high",
        "modern_country_el": "Ιταλία",
        "modern_country_en": "Italy",
        "modern_locality": "Crotone",
        "name_el": "Κρότων",
        "name_en": "Croton",
        "record_confidence": "high",
        "review_state": "reviewed",
        "source_id": "src-pleiades-452317",
        "spatial_note_el": null,
        "spatial_note_en": null,
        "start_year": -710
      },
      "type": "Feature"
    },
    {
      "geometry": {
        "coordinates": [
          14.056381,
          40.84795
        ],
        "type": "Point"
      },
      "id": "colony-cumae-campania",
      "properties": {
        "ancient_name_grc": "Κύμη",
        "chronology_basis": "occupation_window",
        "collections": [
          "colony"
        ],
        "country_iso2": "IT",
        "country_iso3": "ITA",
        "date_label_el": "750 π.Χ.–600 μ.Χ. (όριο άτλαντα)",
        "date_label_en": "750 BCE–600 CE (atlas display cutoff)",
        "description_el": "Πρώιμη ευβοϊκή αποικία στην ιταλική χερσόνησο και μητρόπολη της Νεάπολης.",
        "description_en": "Early Euboean colony on the Italian peninsula and metropolis of Naples.",
        "end_year": 600,
        "entity_class": "settlement",
        "entity_id": "colony-cumae-campania",
        "entity_subtype": "polis",
        "external_links": [
          "https://pleiades.stoa.org/places/432808"
        ],
        "geometry_role": "site",
        "location_certainty": "high",
        "modern_country_el": "Ιταλία",
        "modern_country_en": "Italy",
        "modern_locality": "Cuma, Campania",
        "name_el": "Κύμη Καμπανίας",
        "name_en": "Cumae",
        "record_confidence": "high",
        "review_state": "reviewed",
        "source_id": "src-pleiades-432808",
        "spatial_note_el": null,
        "spatial_note_en": null,
        "start_year": -750
      },
      "type": "Feature"
    },
    {
      "geometry": {
        "coordinates": [
          26.938319,
          38.760193
        ],
        "type": "Point"
      },
      "id": "colony-cyme-aeolis",
      "properties": {
        "ancient_name_grc": "Κύμη",
        "chronology_basis": "occupation_window",
        "collections": [
          "colony"
        ],
        "country_iso2": "TR",
        "country_iso3": "TUR",
        "date_label_el": "1050 π.Χ.–600 μ.Χ. (όριο άτλαντα)",
        "date_label_en": "1050 BCE–600 CE (atlas display cutoff)",
        "description_el": "Η σημαντικότερη από τις αιολικές πόλεις της μικρασιατικής ακτής και αποικιακό κέντρο.",
        "description_en": "The most important of the Aeolian cities of the Asia Minor coast and a colonial center.",
        "end_year": 600,
        "entity_class": "settlement",
        "entity_id": "colony-cyme-aeolis",
        "entity_subtype": "polis",
        "external_links": [
          "https://pleiades.stoa.org/places/550506"
        ],
        "geometry_role": "site",
        "location_certainty": "high",
        "modern_country_el": "Τουρκία",
        "modern_country_en": "Turkey",
        "modern_locality": "Aliağa, İzmir",
        "name_el": "Κύμη Αιολίδας",
        "name_en": "Cyme",
        "record_confidence": "high",
        "review_state": "reviewed",
        "source_id": "src-pleiades-550506",
        "spatial_note_el": null,
        "spatial_note_en": null,
        "start_year": -1050
      },
      "type": "Feature"
    },
    {
      "geometry": {
        "coordinates": [
          21.856539,
          32.820027
        ],
        "type": "Point"
      },
      "id": "colony-cyrene",
      "properties": {
        "ancient_name_grc": "Κυρήνη",
        "chronology_basis": "occupation_window",
        "collections": [
          "colony"
        ],
        "country_iso2": "LY",
        "country_iso3": "LBY",
        "date_label_el": "631 π.Χ.–600 μ.Χ. (όριο άτλαντα)",
        "date_label_en": "631 BCE–600 CE (atlas display cutoff)",
        "description_el": "Θηραϊκή αποικία στο οροπέδιο της Κυρηναϊκής και κέντρο της ελληνικής Πεντάπολης.",
        "description_en": "Theraic colony on the Cyrenaican plateau and center of the Greek Pentapolis.",
        "end_year": 600,
        "entity_class": "settlement",
        "entity_id": "colony-cyrene",
        "entity_subtype": "polis",
        "external_links": [
          "https://pleiades.stoa.org/places/373778"
        ],
        "geometry_role": "site",
        "location_certainty": "high",
        "modern_country_el": "Λιβύη",
        "modern_country_en": "Libya",
        "modern_locality": "Shahhat",
        "name_el": "Κυρήνη",
        "name_en": "Cyrene",
        "record_confidence": "high",
        "review_state": "reviewed",
        "source_id": "src-pleiades-373778",
        "spatial_note_el": null,
        "spatial_note_en": null,
        "start_year": -631
      },
      "type": "Feature"
    },
    {
      "geometry": {
        "coordinates": [
          27.883191,
          40.385565
        ],
        "type": "Point"
      },
      "id": "colony-cyzicus",
      "properties": {
        "ancient_name_grc": "Κύζικος",
        "chronology_basis": "occupation_window",
        "collections": [
          "colony"
        ],
        "country_iso2": "TR",
        "country_iso3": "TUR",
        "date_label_el": "756 π.Χ.–600 μ.Χ. (όριο άτλαντα)",
        "date_label_en": "756 BCE–600 CE (atlas display cutoff)",
        "description_el": "Μιλησιακή αποικία σε στρατηγική θέση της Προποντίδας, με ισχυρό εμπόριο και νόμισμα.",
        "description_en": "A Milesian colony in a strategic position on the Propontis, with strong trade and influential coinage.",
        "end_year": 600,
        "entity_class": "settlement",
        "entity_id": "colony-cyzicus",
        "entity_subtype": "polis",
        "external_links": [
          "https://pleiades.stoa.org/places/511218"
        ],
        "geometry_role": "site",
        "location_certainty": "high",
        "modern_country_el": "Τουρκία",
        "modern_country_en": "Turkey",
        "modern_locality": "Erdek, Balıkesir",
        "name_el": "Κύζικος",
        "name_en": "Cyzicus",
        "record_confidence": "high",
        "review_state": "reviewed",
        "source_id": "src-pleiades-511218",
        "spatial_note_el": null,
        "spatial_note_en": null,
        "start_year": -756
      },
      "type": "Feature"
    },
    {
      "geometry": {
        "coordinates": [
          41.011175,
          42.998331
        ],
        "type": "Point"
      },
      "id": "colony-dioscurias",
      "properties": {
        "ancient_name_grc": "Διοσκουριάς",
        "chronology_basis": "occupation_window",
        "collections": [
          "colony"
        ],
        "country_iso2": "GE",
        "country_iso3": "GEO",
        "date_label_el": "550 π.Χ.–600 μ.Χ. (όριο άτλαντα)",
        "date_label_en": "550 BCE–600 CE (atlas display cutoff)",
        "description_el": "Ελληνικό λιμάνι της Κολχίδας, κόμβος εμπορίου με τον Καύκασο.",
        "description_en": "Greek port of Colchis, trade hub with the Caucasus.",
        "end_year": 600,
        "entity_class": "settlement",
        "entity_id": "colony-dioscurias",
        "entity_subtype": "polis",
        "external_links": [
          "https://pleiades.stoa.org/places/857107"
        ],
        "geometry_role": "site",
        "location_certainty": "high",
        "modern_country_el": "Γεωργία",
        "modern_country_en": "Georgia",
        "modern_locality": "Sukhumi",
        "name_el": "Διοσκουριάς",
        "name_en": "Dioscurias",
        "record_confidence": "high",
        "review_state": "reviewed",
        "source_id": "src-pleiades-857107",
        "spatial_note_el": null,
        "spatial_note_en": null,
        "start_year": -550
      },
      "type": "Feature"
    },
    {
      "geometry": {
        "coordinates": [
          15.156157,
          40.160501
        ],
        "type": "Point"
      },
      "id": "colony-elea-velia",
      "properties": {
        "ancient_name_grc": "Ἐλέα",
        "chronology_basis": "occupation_window",
        "collections": [
          "colony"
        ],
        "country_iso2": "IT",
        "country_iso3": "ITA",
        "date_label_el": "540 π.Χ.–600 μ.Χ. (όριο άτλαντα)",
        "date_label_en": "540 BCE–600 CE (atlas display cutoff)",
        "description_el": "Πόλη Φωκαέων προσφύγων και πατρίδα της ελεατικής φιλοσοφικής σχολής.",
        "description_en": "City of Phocaean refugees and home of the Eleatic school of philosophy.",
        "end_year": 600,
        "entity_class": "settlement",
        "entity_id": "colony-elea-velia",
        "entity_subtype": "polis",
        "external_links": [
          "https://pleiades.stoa.org/places/452488"
        ],
        "geometry_role": "site",
        "location_certainty": "high",
        "modern_country_el": "Ιταλία",
        "modern_country_en": "Italy",
        "modern_locality": "Ascea, Campania",
        "name_el": "Ελέα",
        "name_en": "Elea",
        "record_confidence": "high",
        "review_state": "reviewed",
        "source_id": "src-pleiades-452488",
        "spatial_note_el": null,
        "spatial_note_en": null,
        "start_year": -540
      },
      "type": "Feature"
    },
    {
      "geometry": {
        "coordinates": [
          3.114549,
          42.13342
        ],
        "type": "Point"
      },
      "id": "colony-emporion-iberia",
      "properties": {
        "ancient_name_grc": "Ἐμπόριον",
        "chronology_basis": "occupation_window",
        "collections": [
          "colony"
        ],
        "country_iso2": "ES",
        "country_iso3": "ESP",
        "date_label_el": "575 π.Χ.–600 μ.Χ. (όριο άτλαντα)",
        "date_label_en": "575 BCE–600 CE (atlas display cutoff)",
        "description_el": "Μασσαλιώτικη εμπορική εγκατάσταση που εξελίχθηκε σε κύρια ελληνική πύλη της Ιβηρικής.",
        "description_en": "A Massaliote trading settlement that developed into the principal Greek gateway to Iberia.",
        "end_year": 600,
        "entity_class": "settlement",
        "entity_id": "colony-emporion-iberia",
        "entity_subtype": "polis",
        "external_links": [
          "https://pleiades.stoa.org/places/246382"
        ],
        "geometry_role": "site",
        "location_certainty": "high",
        "modern_country_el": "Ισπανία",
        "modern_country_en": "Spain",
        "modern_locality": "Empúries, Catalonia",
        "name_el": "Εμπόριον",
        "name_en": "Emporion",
        "record_confidence": "high",
        "review_state": "reviewed",
        "source_id": "src-pleiades-246382",
        "spatial_note_el": null,
        "spatial_note_en": null,
        "start_year": -575
      },
      "type": "Feature"
    },
    {
      "geometry": {
        "coordinates": [
          27.342403,
          37.940164
        ],
        "type": "Point"
      },
      "id": "colony-ephesus",
      "properties": {
        "ancient_name_grc": "Ἔφεσος",
        "chronology_basis": "occupation_window",
        "collections": [
          "colony"
        ],
        "country_iso2": "TR",
        "country_iso3": "TUR",
        "date_label_el": "1050 π.Χ.–600 μ.Χ. (όριο άτλαντα)",
        "date_label_en": "1050 BCE–600 CE (atlas display cutoff)",
        "description_el": "Ιωνική πόλη με μεγάλο λιμάνι και το περίφημο Αρτεμίσιο, αργότερα πρωτεύουσα της ρωμαϊκής Ασίας.",
        "description_en": "Ionian city with a large port and the famous Artemisium, later capital of Roman Asia.",
        "end_year": 600,
        "entity_class": "settlement",
        "entity_id": "colony-ephesus",
        "entity_subtype": "polis",
        "external_links": [
          "https://pleiades.stoa.org/places/599612"
        ],
        "geometry_role": "site",
        "location_certainty": "high",
        "modern_country_el": "Τουρκία",
        "modern_country_en": "Turkey",
        "modern_locality": "Selçuk, İzmir",
        "name_el": "Έφεσος",
        "name_en": "Ephesus",
        "record_confidence": "high",
        "review_state": "reviewed",
        "source_id": "src-pleiades-599612",
        "spatial_note_el": null,
        "spatial_note_en": null,
        "start_year": -1050
      },
      "type": "Feature"
    },
    {
      "geometry": {
        "coordinates": [
          19.447355,
          41.316342
        ],
        "type": "Point"
      },
      "id": "colony-epidamnos",
      "properties": {
        "ancient_name_grc": "Ἐπίδαμνος",
        "chronology_basis": "occupation_window",
        "collections": [
          "colony"
        ],
        "country_iso2": "AL",
        "country_iso3": "ALB",
        "date_label_el": "627 π.Χ.–600 μ.Χ. (όριο άτλαντα)",
        "date_label_en": "627 BCE–600 CE (atlas display cutoff)",
        "description_el": "Αποικία στην αλβανική ακτή, αργότερα γνωστή ως Δυρράχιο και αφετηρία της Εγνατίας.",
        "description_en": "A colony on the Albanian coast, later known as Dyrrachium and a western terminus of the Via Egnatia.",
        "end_year": 600,
        "entity_class": "settlement",
        "entity_id": "colony-epidamnos",
        "entity_subtype": "polis",
        "external_links": [
          "https://pleiades.stoa.org/places/481818"
        ],
        "geometry_role": "site",
        "location_certainty": "high",
        "modern_country_el": "Αλβανία",
        "modern_country_en": "Albania",
        "modern_locality": "Durrës",
        "name_el": "Επίδαμνος",
        "name_en": "Epidamnos",
        "record_confidence": "high",
        "review_state": "reviewed",
        "source_id": "src-pleiades-481818",
        "spatial_note_el": null,
        "spatial_note_en": null,
        "start_year": -627
      },
      "type": "Feature"
    },
    {
      "geometry": {
        "coordinates": [
          26.480833,
          38.382778
        ],
        "type": "Point"
      },
      "id": "colony-erythrae-ionia",
      "properties": {
        "ancient_name_grc": "Ἐρυθραί",
        "chronology_basis": "occupation_window",
        "collections": [
          "colony"
        ],
        "country_iso2": "TR",
        "country_iso3": "TUR",
        "date_label_el": "1000 π.Χ.–600 μ.Χ. (όριο άτλαντα)",
        "date_label_en": "1000 BCE–600 CE (atlas display cutoff)",
        "description_el": "Ιωνική πόλη στη χερσόνησο της Ερυθραίας, απέναντι από τη Χίο.",
        "description_en": "Ionian city on the Erythraean peninsula, opposite Chios.",
        "end_year": 600,
        "entity_class": "settlement",
        "entity_id": "colony-erythrae-ionia",
        "entity_subtype": "polis",
        "external_links": [
          "https://pleiades.stoa.org/places/550535"
        ],
        "geometry_role": "site",
        "location_certainty": "high",
        "modern_country_el": "Τουρκία",
        "modern_country_en": "Turkey",
        "modern_locality": "Ildırı, Çeşme",
        "name_el": "Ερυθρές",
        "name_en": "Erythrae",
        "record_confidence": "high",
        "review_state": "reviewed",
        "source_id": "src-pleiades-550535",
        "spatial_note_el": null,
        "spatial_note_en": null,
        "start_year": -1000
      },
      "type": "Feature"
    },
    {
      "geometry": {
        "coordinates": [
          20.096022,
          32.145666
        ],
        "type": "Point"
      },
      "id": "colony-euesperides",
      "properties": {
        "ancient_name_grc": "Εὐεσπερίδες",
        "chronology_basis": "occupation_window",
        "collections": [
          "colony"
        ],
        "country_iso2": "LY",
        "country_iso3": "LBY",
        "date_label_el": "520 π.Χ.–250 π.Χ.",
        "date_label_en": "520 BCE–250 BCE",
        "description_el": "Δυτική πόλη της Κυρηναϊκής, μεταφερμένη και μετονομασμένη σε Βερενίκη κατά την πτολεμαϊκή περίοδο.",
        "description_en": "Western city of Cyrenaica, moved and renamed Berenice during the Ptolemaic period.",
        "end_year": -250,
        "entity_class": "settlement",
        "entity_id": "colony-euesperides",
        "entity_subtype": "polis",
        "external_links": [
          "https://pleiades.stoa.org/places/373786"
        ],
        "geometry_role": "site",
        "location_certainty": "high",
        "modern_country_el": "Λιβύη",
        "modern_country_en": "Libya",
        "modern_locality": "Benghazi",
        "name_el": "Ευεσπερίδες",
        "name_en": "Euesperides",
        "record_confidence": "high",
        "review_state": "reviewed",
        "source_id": "src-pleiades-373786",
        "spatial_note_el": null,
        "spatial_note_en": null,
        "start_year": -520
      },
      "type": "Feature"
    },
    {
      "geometry": {
        "coordinates": [
          14.258471,
          37.063092
        ],
        "type": "Point"
      },
      "id": "colony-gela",
      "properties": {
        "ancient_name_grc": "Γέλα",
        "chronology_basis": "occupation_window",
        "collections": [
          "colony"
        ],
        "country_iso2": "IT",
        "country_iso3": "ITA",
        "date_label_el": "688 π.Χ.–600 μ.Χ. (όριο άτλαντα)",
        "date_label_en": "688 BCE–600 CE (atlas display cutoff)",
        "description_el": "Αποικία Ροδίων και Κρητών στη νότια Σικελία και μητρόπολη του Ακράγαντα.",
        "description_en": "A colony of Rhodians and Cretans in southern Sicily and the metropolis of Akragas.",
        "end_year": 600,
        "entity_class": "settlement",
        "entity_id": "colony-gela",
        "entity_subtype": "polis",
        "external_links": [
          "https://pleiades.stoa.org/places/462214"
        ],
        "geometry_role": "site",
        "location_certainty": "high",
        "modern_country_el": "Ιταλία",
        "modern_country_en": "Italy",
        "modern_locality": "Gela",
        "name_el": "Γέλα",
        "name_en": "Gela",
        "record_confidence": "high",
        "review_state": "reviewed",
        "source_id": "src-pleiades-462214",
        "spatial_note_el": null,
        "spatial_note_en": null,
        "start_year": -688
      },
      "type": "Feature"
    },
    {
      "geometry": {
        "coordinates": [
          27.422151,
          37.040401
        ],
        "type": "Point"
      },
      "id": "colony-halicarnassus",
      "properties": {
        "ancient_name_grc": "Ἁλικαρνασσός",
        "chronology_basis": "occupation_window",
        "collections": [
          "colony"
        ],
        "country_iso2": "TR",
        "country_iso3": "TUR",
        "date_label_el": "1000 π.Χ.–600 μ.Χ. (όριο άτλαντα)",
        "date_label_en": "1000 BCE–600 CE (atlas display cutoff)",
        "description_el": "Δωρική πόλη της Καρίας, πατρίδα του Ηροδότου και έδρα του Μαυσωλείου.",
        "description_en": "Doric city of Caria, hometown of Herodotus and seat of the Mausoleum.",
        "end_year": 600,
        "entity_class": "settlement",
        "entity_id": "colony-halicarnassus",
        "entity_subtype": "polis",
        "external_links": [
          "https://pleiades.stoa.org/places/599636"
        ],
        "geometry_role": "site",
        "location_certainty": "high",
        "modern_country_el": "Τουρκία",
        "modern_country_en": "Turkey",
        "modern_locality": "Bodrum, Muğla",
        "name_el": "Αλικαρνασσός",
        "name_en": "Halicarnassus",
        "record_confidence": "high",
        "review_state": "reviewed",
        "source_id": "src-pleiades-599636",
        "spatial_note_el": null,
        "spatial_note_en": null,
        "start_year": -1000
      },
      "type": "Feature"
    },
    {
      "geometry": {
        "coordinates": [
          31.417414,
          41.283255
        ],
        "type": "Point"
      },
      "id": "colony-heraclea-pontica",
      "properties": {
        "ancient_name_grc": "Ἡράκλεια ἡ Ποντική",
        "chronology_basis": "occupation_window",
        "collections": [
          "colony"
        ],
        "country_iso2": "TR",
        "country_iso3": "TUR",
        "date_label_el": "560 π.Χ.–600 μ.Χ. (όριο άτλαντα)",
        "date_label_en": "560 BCE–600 CE (atlas display cutoff)",
        "description_el": "Ισχυρή αποικία στη νότια ακτή του Ευξείνου, η οποία ίδρυσε δικές της αποικίες.",
        "description_en": "A powerful colony on the southern coast of the Black Sea that founded colonies of its own.",
        "end_year": 600,
        "entity_class": "settlement",
        "entity_id": "colony-heraclea-pontica",
        "entity_subtype": "polis",
        "external_links": [
          "https://pleiades.stoa.org/places/844944"
        ],
        "geometry_role": "site",
        "location_certainty": "high",
        "modern_country_el": "Τουρκία",
        "modern_country_en": "Turkey",
        "modern_locality": "Karadeniz Ereğli",
        "name_el": "Ηράκλεια Ποντική",
        "name_en": "Heraclea Pontica",
        "record_confidence": "high",
        "review_state": "reviewed",
        "source_id": "src-pleiades-844944",
        "spatial_note_el": null,
        "spatial_note_en": null,
        "start_year": -560
      },
      "type": "Feature"
    },
    {
      "geometry": {
        "coordinates": [
          13.822344,
          37.969837
        ],
        "type": "Point"
      },
      "id": "colony-himera",
      "properties": {
        "ancient_name_grc": "Ἱμέρα",
        "chronology_basis": "occupation_window",
        "collections": [
          "colony"
        ],
        "country_iso2": "IT",
        "country_iso3": "ITA",
        "date_label_el": "648 π.Χ.–409 π.Χ.",
        "date_label_en": "648 BCE–409 BCE",
        "description_el": "Αποικία στη βόρεια Σικελία, τόπος της ελληνικής νίκης του 480 π.Χ. και καταστροφής από την Καρχηδόνα το 409 π.Χ.",
        "description_en": "Colony in northern Sicily, site of the Greek victory of 480 BC. and destruction by Carthage in 409 BC.",
        "end_year": -409,
        "entity_class": "settlement",
        "entity_id": "colony-himera",
        "entity_subtype": "polis",
        "external_links": [
          "https://pleiades.stoa.org/places/462244"
        ],
        "geometry_role": "site",
        "location_certainty": "high",
        "modern_country_el": "Ιταλία",
        "modern_country_en": "Italy",
        "modern_locality": "Buonfornello, Termini Imerese",
        "name_el": "Ιμέρα",
        "name_en": "Himera",
        "record_confidence": "high",
        "review_state": "reviewed",
        "source_id": "src-pleiades-462244",
        "spatial_note_el": null,
        "spatial_note_en": null,
        "start_year": -648
      },
      "type": "Feature"
    },
    {
      "geometry": {
        "coordinates": [
          28.775129,
          44.547787
        ],
        "type": "Point"
      },
      "id": "colony-histria-pontica",
      "properties": {
        "ancient_name_grc": "Ἰστρίη",
        "chronology_basis": "occupation_window",
        "collections": [
          "colony"
        ],
        "country_iso2": "RO",
        "country_iso3": "ROU",
        "date_label_el": "657 π.Χ.–700 μ.Χ.",
        "date_label_en": "657 BCE–700 CE",
        "description_el": "Πρώιμη μιλησιακή αποικία στις λιμνοθάλασσες του Δούναβη, με μακρά ζωή έως την ύστερη αρχαιότητα.",
        "description_en": "Early Milesian colony in the Danube lagoons, long-lived until late antiquity.",
        "end_year": 700,
        "entity_class": "settlement",
        "entity_id": "colony-histria-pontica",
        "entity_subtype": "polis",
        "external_links": [
          "https://pleiades.stoa.org/places/216839"
        ],
        "geometry_role": "site",
        "location_certainty": "high",
        "modern_country_el": "Ρουμανία",
        "modern_country_en": "Romania",
        "modern_locality": "Istria, Constanța County",
        "name_el": "Ίστρια",
        "name_en": "Histria",
        "record_confidence": "high",
        "review_state": "reviewed",
        "source_id": "src-pleiades-216839",
        "spatial_note_el": null,
        "spatial_note_en": null,
        "start_year": -657
      },
      "type": "Feature"
    },
    {
      "geometry": {
        "coordinates": [
          27.58487,
          37.279196
        ],
        "type": "Point"
      },
      "id": "colony-iasos",
      "properties": {
        "ancient_name_grc": "Ἰασός",
        "chronology_basis": "occupation_window",
        "collections": [
          "colony"
        ],
        "country_iso2": "TR",
        "country_iso3": "TUR",
        "date_label_el": "1000 π.Χ.–600 μ.Χ. (όριο άτλαντα)",
        "date_label_en": "1000 BCE–600 CE (atlas display cutoff)",
        "description_el": "Ελληνική παράκτια πόλη της Καρίας σε μικρή χερσόνησο, με ισχυρή αλιευτική και εμπορική ζωή.",
        "description_en": "Greek coastal city of Caria on a small peninsula, with a strong fishing and commercial life.",
        "end_year": 600,
        "entity_class": "settlement",
        "entity_id": "colony-iasos",
        "entity_subtype": "polis",
        "external_links": [
          "https://pleiades.stoa.org/places/599664"
        ],
        "geometry_role": "site",
        "location_certainty": "high",
        "modern_country_el": "Τουρκία",
        "modern_country_en": "Turkey",
        "modern_locality": "Kıyıkışlacık, Milas",
        "name_el": "Ιασός",
        "name_en": "Iasos",
        "record_confidence": "high",
        "review_state": "reviewed",
        "source_id": "src-pleiades-599664",
        "spatial_note_el": null,
        "spatial_note_en": null,
        "start_year": -1000
      },
      "type": "Feature"
    },
    {
      "geometry": {
        "coordinates": [
          16.1836,
          43.0619
        ],
        "type": "Point"
      },
      "id": "colony-issa-vis",
      "properties": {
        "ancient_name_grc": "Ἴσσα",
        "chronology_basis": "occupation_window",
        "collections": [
          "colony"
        ],
        "country_iso2": "HR",
        "country_iso3": "HRV",
        "date_label_el": "397 π.Χ.–600 μ.Χ. (όριο άτλαντα)",
        "date_label_en": "397 BCE–600 CE (atlas display cutoff)",
        "description_el": "Συρακουσιακή αποικία στη νήσο Ίσσα, η οποία ίδρυσε δικές της εγκαταστάσεις στις δαλματικές ακτές.",
        "description_en": "A Syracusan colony on the island of Issa that founded settlements of its own on the Dalmatian coast.",
        "end_year": 600,
        "entity_class": "settlement",
        "entity_id": "colony-issa-vis",
        "entity_subtype": "polis",
        "external_links": [],
        "geometry_role": "site",
        "location_certainty": "medium",
        "modern_country_el": "Κροατία",
        "modern_country_en": "Croatia",
        "modern_locality": "Vis, island of Vis",
        "name_el": "Ίσσα",
        "name_en": "Issa",
        "record_confidence": "medium",
        "review_state": "reviewed",
        "source_id": "src-armus-4dde844bac8f",
        "spatial_note_el": null,
        "spatial_note_en": null,
        "start_year": -397
      },
      "type": "Feature"
    },
    {
      "geometry": {
        "coordinates": [
          26.699162,
          40.346685
        ],
        "type": "Point"
      },
      "id": "colony-lampsacus",
      "properties": {
        "ancient_name_grc": "Λάμψακος",
        "chronology_basis": "occupation_window",
        "collections": [
          "colony"
        ],
        "country_iso2": "TR",
        "country_iso3": "TUR",
        "date_label_el": "650 π.Χ.–600 μ.Χ. (όριο άτλαντα)",
        "date_label_en": "650 BCE–600 CE (atlas display cutoff)",
        "description_el": "Φωκαϊκή αποικία στην ασιατική ακτή του Ελλησπόντου, γνωστή για το κρασί και τη λατρεία του Πριάπου.",
        "description_en": "Phocaean colony on the Asian coast of the Hellespont, known for its wine and the worship of Priapus.",
        "end_year": 600,
        "entity_class": "settlement",
        "entity_id": "colony-lampsacus",
        "entity_subtype": "polis",
        "external_links": [
          "https://pleiades.stoa.org/places/501570"
        ],
        "geometry_role": "site",
        "location_certainty": "high",
        "modern_country_el": "Τουρκία",
        "modern_country_en": "Turkey",
        "modern_locality": "Lapseki, Çanakkale",
        "name_el": "Λάμψακος",
        "name_en": "Lampsacus",
        "record_confidence": "high",
        "review_state": "reviewed",
        "source_id": "src-pleiades-501570",
        "spatial_note_el": null,
        "spatial_note_en": null,
        "start_year": -650
      },
      "type": "Feature"
    },
    {
      "geometry": {
        "coordinates": [
          14.998115,
          37.285478
        ],
        "type": "Point"
      },
      "id": "colony-leontinoi",
      "properties": {
        "ancient_name_grc": "Λεοντῖνοι",
        "chronology_basis": "occupation_window",
        "collections": [
          "colony"
        ],
        "country_iso2": "IT",
        "country_iso3": "ITA",
        "date_label_el": "729 π.Χ.–600 μ.Χ. (όριο άτλαντα)",
        "date_label_en": "729 BCE–600 CE (atlas display cutoff)",
        "description_el": "Χαλκιδική αποικία στην εύφορη ενδοχώρα της ανατολικής Σικελίας.",
        "description_en": "Chalkidian colony in the fertile hinterland of eastern Sicily.",
        "end_year": 600,
        "entity_class": "settlement",
        "entity_id": "colony-leontinoi",
        "entity_subtype": "polis",
        "external_links": [
          "https://pleiades.stoa.org/places/462279"
        ],
        "geometry_role": "site",
        "location_certainty": "high",
        "modern_country_el": "Ιταλία",
        "modern_country_en": "Italy",
        "modern_locality": "Lentini",
        "name_el": "Λεοντίνοι",
        "name_en": "Leontinoi",
        "record_confidence": "high",
        "review_state": "reviewed",
        "source_id": "src-pleiades-462279",
        "spatial_note_el": null,
        "spatial_note_en": null,
        "start_year": -729
      },
      "type": "Feature"
    },
    {
      "geometry": {
        "coordinates": [
          16.24434,
          38.226296
        ],
        "type": "Point"
      },
      "id": "colony-locri-epizephyrii",
      "properties": {
        "ancient_name_grc": "Λοκροὶ Ἐπιζεφύριοι",
        "chronology_basis": "occupation_window",
        "collections": [
          "colony"
        ],
        "country_iso2": "IT",
        "country_iso3": "ITA",
        "date_label_el": "680 π.Χ.–600 μ.Χ. (όριο άτλαντα)",
        "date_label_en": "680 BCE–600 CE (atlas display cutoff)",
        "description_el": "Λοκρική αποικία γνωστή για τη νομοθεσία του Ζάλευκου και τα ιερά της Περσεφόνης.",
        "description_en": "Locrian colony known for the legislation of Zaleucus and the sanctuaries of Persephone.",
        "end_year": 600,
        "entity_class": "settlement",
        "entity_id": "colony-locri-epizephyrii",
        "entity_subtype": "polis",
        "external_links": [
          "https://pleiades.stoa.org/places/452369"
        ],
        "geometry_role": "site",
        "location_certainty": "high",
        "modern_country_el": "Ιταλία",
        "modern_country_en": "Italy",
        "modern_locality": "Locri, Calabria",
        "name_el": "Λοκροί Επιζεφύριοι",
        "name_en": "Locri Epizephyrii",
        "record_confidence": "high",
        "review_state": "reviewed",
        "source_id": "src-pleiades-452369",
        "spatial_note_el": null,
        "spatial_note_en": null,
        "start_year": -680
      },
      "type": "Feature"
    },
    {
      "geometry": {
        "coordinates": [
          27.523178,
          37.849862
        ],
        "type": "Point"
      },
      "id": "colony-magnesia-maeander",
      "properties": {
        "ancient_name_grc": "Μαγνησία ἡ πρὸς Μαιάνδρῳ",
        "chronology_basis": "occupation_window",
        "collections": [
          "colony"
        ],
        "country_iso2": "TR",
        "country_iso3": "TUR",
        "date_label_el": "1000 π.Χ.–600 μ.Χ. (όριο άτλαντα)",
        "date_label_en": "1000 BCE–600 CE (atlas display cutoff)",
        "description_el": "Ελληνική εγκατάσταση των Μαγνήτων στην κοιλάδα του Μαιάνδρου, γνωστή για το ιερό της Αρτέμιδος Λευκοφρυηνής.",
        "description_en": "A Greek settlement of the Magnesians in the Maeander valley, known for the sanctuary of Artemis Leucophryene.",
        "end_year": 600,
        "entity_class": "settlement",
        "entity_id": "colony-magnesia-maeander",
        "entity_subtype": "polis",
        "external_links": [
          "https://pleiades.stoa.org/places/599778"
        ],
        "geometry_role": "site",
        "location_certainty": "high",
        "modern_country_el": "Τουρκία",
        "modern_country_en": "Turkey",
        "modern_locality": "Tekin, Germencik",
        "name_el": "Μαγνησία του Μαιάνδρου",
        "name_en": "Magnesia on the Maeander",
        "record_confidence": "high",
        "review_state": "reviewed",
        "source_id": "src-pleiades-599778",
        "spatial_note_el": null,
        "spatial_note_en": null,
        "start_year": -1000
      },
      "type": "Feature"
    },
    {
      "geometry": {
        "coordinates": [
          5.382499,
          43.296854
        ],
        "type": "Point"
      },
      "id": "colony-massalia",
      "properties": {
        "ancient_name_grc": "Μασσαλία",
        "chronology_basis": "occupation_window",
        "collections": [
          "colony"
        ],
        "country_iso2": "FR",
        "country_iso3": "FRA",
        "date_label_el": "600 π.Χ.–600 μ.Χ. (όριο άτλαντα)",
        "date_label_en": "600 BCE–600 CE (atlas display cutoff)",
        "description_el": "Μεγάλη φωκαϊκή αποικία και κύριος ελληνικός εμπορικός κόμβος της δυτικής Μεσογείου.",
        "description_en": "Large Phocaean colony and main Greek commercial hub of the western Mediterranean.",
        "end_year": 600,
        "entity_class": "settlement",
        "entity_id": "colony-massalia",
        "entity_subtype": "polis",
        "external_links": [
          "https://pleiades.stoa.org/places/148127"
        ],
        "geometry_role": "site",
        "location_certainty": "high",
        "modern_country_el": "Γαλλία",
        "modern_country_en": "France",
        "modern_locality": "Marseille",
        "name_el": "Μασσαλία",
        "name_en": "Massalia",
        "record_confidence": "high",
        "review_state": "reviewed",
        "source_id": "src-pleiades-148127",
        "spatial_note_el": null,
        "spatial_note_en": null,
        "start_year": -600
      },
      "type": "Feature"
    },
    {
      "geometry": {
        "coordinates": [
          15.182285,
          37.203801
        ],
        "type": "Point"
      },
      "id": "colony-megara-hyblaea",
      "properties": {
        "ancient_name_grc": "Μέγαρα Ὑβλαία",
        "chronology_basis": "occupation_window",
        "collections": [
          "colony"
        ],
        "country_iso2": "IT",
        "country_iso3": "ITA",
        "date_label_el": "728 π.Χ.–483 π.Χ.",
        "date_label_en": "728 BCE–483 BCE",
        "description_el": "Μεγαρική αποικία με εξαιρετικά διατηρημένη αρχαϊκή πολεοδομία.",
        "description_en": "Megarian colony with exceptionally well-preserved archaic urbanism.",
        "end_year": -483,
        "entity_class": "settlement",
        "entity_id": "colony-megara-hyblaea",
        "entity_subtype": "polis",
        "external_links": [
          "https://pleiades.stoa.org/places/462307"
        ],
        "geometry_role": "site",
        "location_certainty": "high",
        "modern_country_el": "Ιταλία",
        "modern_country_en": "Italy",
        "modern_locality": "Augusta, Sicily",
        "name_el": "Μέγαρα Υβλαία",
        "name_en": "Megara Hyblaea",
        "record_confidence": "high",
        "review_state": "reviewed",
        "source_id": "src-pleiades-462307",
        "spatial_note_el": null,
        "spatial_note_en": null,
        "start_year": -728
      },
      "type": "Feature"
    },
    {
      "geometry": {
        "coordinates": [
          27.724443,
          42.65958
        ],
        "type": "Point"
      },
      "id": "colony-mesembria",
      "properties": {
        "ancient_name_grc": "Μεσημβρία",
        "chronology_basis": "occupation_window",
        "collections": [
          "colony"
        ],
        "country_iso2": "BG",
        "country_iso3": "BGR",
        "date_label_el": "510 π.Χ.–600 μ.Χ. (όριο άτλαντα)",
        "date_label_en": "510 BCE–600 CE (atlas display cutoff)",
        "description_el": "Μεγαρική αποικία σε οχυρή χερσόνησο της θρακικής ακτής.",
        "description_en": "Megarian colony on a fortified peninsula of the Thracian coast.",
        "end_year": 600,
        "entity_class": "settlement",
        "entity_id": "colony-mesembria",
        "entity_subtype": "polis",
        "external_links": [
          "https://pleiades.stoa.org/places/216882"
        ],
        "geometry_role": "site",
        "location_certainty": "high",
        "modern_country_el": "Βουλγαρία",
        "modern_country_en": "Bulgaria",
        "modern_locality": "Nesebar",
        "name_el": "Μεσημβρία",
        "name_en": "Mesembria",
        "record_confidence": "high",
        "review_state": "reviewed",
        "source_id": "src-pleiades-216882",
        "spatial_note_el": null,
        "spatial_note_en": null,
        "start_year": -510
      },
      "type": "Feature"
    },
    {
      "geometry": {
        "coordinates": [
          16.824332,
          40.383641
        ],
        "type": "Point"
      },
      "id": "colony-metapontum",
      "properties": {
        "ancient_name_grc": "Μεταπόντιον",
        "chronology_basis": "occupation_window",
        "collections": [
          "colony"
        ],
        "country_iso2": "IT",
        "country_iso3": "ITA",
        "date_label_el": "700 π.Χ.–600 μ.Χ. (όριο άτλαντα)",
        "date_label_en": "700 BCE–600 CE (atlas display cutoff)",
        "description_el": "Αχαϊκή αποικία στη γόνιμη πεδιάδα του κόλπου του Τάραντα.",
        "description_en": "Achaean colony on the fertile plain of the Gulf of Taranto.",
        "end_year": 600,
        "entity_class": "settlement",
        "entity_id": "colony-metapontum",
        "entity_subtype": "polis",
        "external_links": [
          "https://pleiades.stoa.org/places/442658"
        ],
        "geometry_role": "site",
        "location_certainty": "high",
        "modern_country_el": "Ιταλία",
        "modern_country_en": "Italy",
        "modern_locality": "Metaponto",
        "name_el": "Μεταπόντιο",
        "name_en": "Metapontum",
        "record_confidence": "high",
        "review_state": "reviewed",
        "source_id": "src-pleiades-442658",
        "spatial_note_el": null,
        "spatial_note_en": null,
        "start_year": -700
      },
      "type": "Feature"
    },
    {
      "geometry": {
        "coordinates": [
          27.278808,
          37.530464
        ],
        "type": "Point"
      },
      "id": "colony-miletus",
      "properties": {
        "ancient_name_grc": "Μίλητος",
        "chronology_basis": "occupation_window",
        "collections": [
          "colony"
        ],
        "country_iso2": "TR",
        "country_iso3": "TUR",
        "date_label_el": "1050 π.Χ.–600 μ.Χ. (όριο άτλαντα)",
        "date_label_en": "1050 BCE–600 CE (atlas display cutoff)",
        "description_el": "Μεγάλη ιωνική πόλη και μητρόπολη δεκάδων αποικιών στον Εύξεινο Πόντο και την Προποντίδα.",
        "description_en": "Great Ionian city and metropolis of dozens of colonies on the Black Sea and the Propontis.",
        "end_year": 600,
        "entity_class": "settlement",
        "entity_id": "colony-miletus",
        "entity_subtype": "polis",
        "external_links": [
          "https://pleiades.stoa.org/places/599799"
        ],
        "geometry_role": "site",
        "location_certainty": "high",
        "modern_country_el": "Τουρκία",
        "modern_country_en": "Turkey",
        "modern_locality": "Balat, Aydın",
        "name_el": "Μίλητος",
        "name_en": "Miletus",
        "record_confidence": "high",
        "review_state": "reviewed",
        "source_id": "src-pleiades-599799",
        "spatial_note_el": null,
        "spatial_note_en": null,
        "start_year": -1050
      },
      "type": "Feature"
    },
    {
      "geometry": {
        "coordinates": [
          26.980202,
          38.846976
        ],
        "type": "Point"
      },
      "id": "colony-myrina-aeolis",
      "properties": {
        "ancient_name_grc": "Μύρινα",
        "chronology_basis": "occupation_window",
        "collections": [
          "colony"
        ],
        "country_iso2": "TR",
        "country_iso3": "TUR",
        "date_label_el": "1000 π.Χ.–600 μ.Χ. (όριο άτλαντα)",
        "date_label_en": "1000 BCE–600 CE (atlas display cutoff)",
        "description_el": "Αιολική παράκτια πόλη γνωστή ιδίως για τα ελληνιστικά πήλινα ειδώλιά της.",
        "description_en": "Aeolian coastal city known especially for its Hellenistic clay figurines.",
        "end_year": 600,
        "entity_class": "settlement",
        "entity_id": "colony-myrina-aeolis",
        "entity_subtype": "polis",
        "external_links": [
          "https://pleiades.stoa.org/places/550756"
        ],
        "geometry_role": "site",
        "location_certainty": "medium",
        "modern_country_el": "Τουρκία",
        "modern_country_en": "Turkey",
        "modern_locality": "Kalabak, Aliağa",
        "name_el": "Μύρινα",
        "name_en": "Myrina",
        "record_confidence": "medium",
        "review_state": "reviewed",
        "source_id": "src-pleiades-550756",
        "spatial_note_el": null,
        "spatial_note_en": null,
        "start_year": -1000
      },
      "type": "Feature"
    },
    {
      "geometry": {
        "coordinates": [
          30.591928,
          30.900508
        ],
        "type": "Point"
      },
      "id": "colony-naucratis",
      "properties": {
        "ancient_name_grc": "Ναύκρατις",
        "chronology_basis": "occupation_window",
        "collections": [
          "colony"
        ],
        "country_iso2": "EG",
        "country_iso3": "EGY",
        "date_label_el": "620 π.Χ.–600 μ.Χ. (όριο άτλαντα)",
        "date_label_en": "620 BCE–600 CE (atlas display cutoff)",
        "description_el": "Ελληνικό εμπορικό κέντρο στην Αίγυπτο, οργανωμένο με συμμετοχή πολλών πόλεων υπό φαραωνική εποπτεία.",
        "description_en": "Greek commercial center in Egypt, organized with the participation of many cities under pharaonic supervision.",
        "end_year": 600,
        "entity_class": "settlement",
        "entity_id": "colony-naucratis",
        "entity_subtype": "polis",
        "external_links": [
          "https://pleiades.stoa.org/places/727169"
        ],
        "geometry_role": "site",
        "location_certainty": "high",
        "modern_country_el": "Αίγυπτος",
        "modern_country_en": "Egypt",
        "modern_locality": "Kom Gi'eif, Beheira",
        "name_el": "Ναύκρατις",
        "name_en": "Naucratis",
        "record_confidence": "high",
        "review_state": "reviewed",
        "source_id": "src-pleiades-727169",
        "spatial_note_el": null,
        "spatial_note_en": null,
        "start_year": -620
      },
      "type": "Feature"
    },
    {
      "geometry": {
        "coordinates": [
          15.267795,
          37.822487
        ],
        "type": "Point"
      },
      "id": "colony-naxos-sicily",
      "properties": {
        "ancient_name_grc": "Νάξος",
        "chronology_basis": "occupation_window",
        "collections": [
          "colony"
        ],
        "country_iso2": "IT",
        "country_iso3": "ITA",
        "date_label_el": "734 π.Χ.–403 π.Χ.",
        "date_label_en": "734 BCE–403 BCE",
        "description_el": "Η πρώτη μόνιμη ελληνική αποικία στη Σικελία, ιδρυμένη από Ευβοείς.",
        "description_en": "The first permanent Greek colony in Sicily, founded by Euboeans.",
        "end_year": -403,
        "entity_class": "settlement",
        "entity_id": "colony-naxos-sicily",
        "entity_subtype": "polis",
        "external_links": [
          "https://pleiades.stoa.org/places/462386"
        ],
        "geometry_role": "site",
        "location_certainty": "high",
        "modern_country_el": "Ιταλία",
        "modern_country_en": "Italy",
        "modern_locality": "Giardini Naxos",
        "name_el": "Νάξος Σικελίας",
        "name_en": "Naxos",
        "record_confidence": "high",
        "review_state": "reviewed",
        "source_id": "src-pleiades-462386",
        "spatial_note_el": null,
        "spatial_note_en": null,
        "start_year": -734
      },
      "type": "Feature"
    },
    {
      "geometry": {
        "coordinates": [
          14.25287,
          40.839995
        ],
        "type": "Point"
      },
      "id": "colony-neapolis-campania",
      "properties": {
        "ancient_name_grc": "Νεάπολις",
        "chronology_basis": "occupation_window",
        "collections": [
          "colony"
        ],
        "country_iso2": "IT",
        "country_iso3": "ITA",
        "date_label_el": "600 π.Χ.–600 μ.Χ. (όριο άτλαντα)",
        "date_label_en": "600 BCE–600 CE (atlas display cutoff)",
        "description_el": "Νέα πόλη των Κυμαίων που διατήρησε έντονο ελληνικό χαρακτήρα στη ρωμαϊκή εποχή.",
        "description_en": "A new city founded by the Cumaeans that retained a strongly Greek character under Roman rule.",
        "end_year": 600,
        "entity_class": "settlement",
        "entity_id": "colony-neapolis-campania",
        "entity_subtype": "polis",
        "external_links": [
          "https://pleiades.stoa.org/places/433014"
        ],
        "geometry_role": "site",
        "location_certainty": "high",
        "modern_country_el": "Ιταλία",
        "modern_country_en": "Italy",
        "modern_locality": "Napoli",
        "name_el": "Νεάπολη",
        "name_en": "Neapolis",
        "record_confidence": "high",
        "review_state": "reviewed",
        "source_id": "src-pleiades-433014",
        "spatial_note_el": null,
        "spatial_note_en": null,
        "start_year": -600
      },
      "type": "Feature"
    },
    {
      "geometry": {
        "coordinates": [
          27.913472,
          43.20616
        ],
        "type": "Point"
      },
      "id": "colony-odessos",
      "properties": {
        "ancient_name_grc": "Ὀδησσός",
        "chronology_basis": "occupation_window",
        "collections": [
          "colony"
        ],
        "country_iso2": "BG",
        "country_iso3": "BGR",
        "date_label_el": "580 π.Χ.–600 μ.Χ. (όριο άτλαντα)",
        "date_label_en": "580 BCE–600 CE (atlas display cutoff)",
        "description_el": "Μιλησιακή αποικία στον κόλπο της σημερινής Βάρνας και σημαντικό περιφερειακό λιμάνι.",
        "description_en": "Milesian colony in the gulf of present-day Varna and an important regional port.",
        "end_year": 600,
        "entity_class": "settlement",
        "entity_id": "colony-odessos",
        "entity_subtype": "polis",
        "external_links": [
          "https://pleiades.stoa.org/places/216904"
        ],
        "geometry_role": "site",
        "location_certainty": "high",
        "modern_country_el": "Βουλγαρία",
        "modern_country_en": "Bulgaria",
        "modern_locality": "Varna",
        "name_el": "Οδησσός",
        "name_en": "Odessos",
        "record_confidence": "high",
        "review_state": "reviewed",
        "source_id": "src-pleiades-216904",
        "spatial_note_el": null,
        "spatial_note_en": null,
        "start_year": -580
      },
      "type": "Feature"
    },
    {
      "geometry": {
        "coordinates": [
          31.905857,
          46.692386
        ],
        "type": "Point"
      },
      "id": "colony-olbia-pontica",
      "properties": {
        "ancient_name_grc": "Ὀλβία",
        "chronology_basis": "occupation_window",
        "collections": [
          "colony"
        ],
        "country_iso2": "UA",
        "country_iso3": "UKR",
        "date_label_el": "590 π.Χ.–370 μ.Χ.",
        "date_label_en": "590 BCE–370 CE",
        "description_el": "Μεγάλη μιλησιακή αποικία στις εκβολές του Δνείπερου και του Νότιου Μπουγκ, με εκτεταμένες σχέσεις με τους Σκύθες.",
        "description_en": "A major Milesian colony near the mouths of the Dnieper and Southern Bug, with extensive relations with Scythian communities.",
        "end_year": 370,
        "entity_class": "settlement",
        "entity_id": "colony-olbia-pontica",
        "entity_subtype": "polis",
        "external_links": [
          "https://pleiades.stoa.org/places/226546"
        ],
        "geometry_role": "site",
        "location_certainty": "high",
        "modern_country_el": "Ουκρανία",
        "modern_country_en": "Ukraine",
        "modern_locality": "Parutyne, Mykolaiv Oblast",
        "name_el": "Ολβία Ποντική",
        "name_en": "Olbia Pontica",
        "record_confidence": "high",
        "review_state": "reviewed",
        "source_id": "src-pleiades-226546",
        "spatial_note_el": null,
        "spatial_note_en": null,
        "start_year": -590
      },
      "type": "Feature"
    },
    {
      "geometry": {
        "coordinates": [
          36.46858,
          45.350983
        ],
        "type": "Point"
      },
      "id": "colony-panticapaeum",
      "properties": {
        "ancient_name_grc": "Παντικάπαιον",
        "chronology_basis": "occupation_window",
        "collections": [
          "colony"
        ],
        "country_iso2": "UA",
        "country_iso3": "UKR",
        "date_label_el": "600 π.Χ.–600 μ.Χ. (όριο άτλαντα)",
        "date_label_en": "600 BCE–600 CE (atlas display cutoff)",
        "description_el": "Ελληνική αποικία και αργότερα πρωτεύουσα του βασιλείου του Κιμμερίου Βοσπόρου.",
        "description_en": "Greek colony and later capital of the kingdom of Cimmerian Bosphorus.",
        "end_year": 600,
        "entity_class": "settlement",
        "entity_id": "colony-panticapaeum",
        "entity_subtype": "polis",
        "external_links": [
          "https://pleiades.stoa.org/places/854719"
        ],
        "geometry_role": "site",
        "location_certainty": "high",
        "modern_country_el": "Ουκρανία",
        "modern_country_en": "Ukraine",
        "modern_locality": "Kerch, Crimea",
        "name_el": "Παντικάπαιο",
        "name_en": "Panticapaeum",
        "record_confidence": "high",
        "review_state": "reviewed",
        "source_id": "src-pleiades-854719",
        "spatial_note_el": null,
        "spatial_note_en": null,
        "start_year": -600
      },
      "type": "Feature"
    },
    {
      "geometry": {
        "coordinates": [
          36.959668,
          45.276258
        ],
        "type": "Point"
      },
      "id": "colony-phanagoria",
      "properties": {
        "ancient_name_grc": "Φαναγόρεια",
        "chronology_basis": "occupation_window",
        "collections": [
          "colony"
        ],
        "country_iso2": "RU",
        "country_iso3": "RUS",
        "date_label_el": "540 π.Χ.–600 μ.Χ. (όριο άτλαντα)",
        "date_label_en": "540 BCE–600 CE (atlas display cutoff)",
        "description_el": "Αποικία Τηίων στη χερσόνησο του Ταμάν και ανατολικό κέντρο του βασιλείου του Βοσπόρου.",
        "description_en": "A colony of Teians on the Taman Peninsula and the eastern centre of the Bosporan Kingdom.",
        "end_year": 600,
        "entity_class": "settlement",
        "entity_id": "colony-phanagoria",
        "entity_subtype": "polis",
        "external_links": [
          "https://pleiades.stoa.org/places/854724"
        ],
        "geometry_role": "site",
        "location_certainty": "high",
        "modern_country_el": "Ρωσία",
        "modern_country_en": "Russia",
        "modern_locality": "Sennoy, Krasnodar Krai",
        "name_el": "Φαναγόρεια",
        "name_en": "Phanagoria",
        "record_confidence": "high",
        "review_state": "reviewed",
        "source_id": "src-pleiades-854724",
        "spatial_note_el": null,
        "spatial_note_en": null,
        "start_year": -540
      },
      "type": "Feature"
    },
    {
      "geometry": {
        "coordinates": [
          16.601041,
          43.184286
        ],
        "type": "Point"
      },
      "id": "colony-pharos-hvar",
      "properties": {
        "ancient_name_grc": "Φάρος",
        "chronology_basis": "occupation_window",
        "collections": [
          "colony"
        ],
        "country_iso2": "HR",
        "country_iso3": "HRV",
        "date_label_el": "385 π.Χ.–600 μ.Χ. (όριο άτλαντα)",
        "date_label_en": "385 BCE–600 CE (atlas display cutoff)",
        "description_el": "Παριανή αποικία στο νησί Χβαρ, με οργανωμένο αγροτικό κλήρο που διακρίνεται ακόμη στο τοπίο.",
        "description_en": "A Parian colony on Hvar with an organized agricultural land division still visible in the landscape.",
        "end_year": 600,
        "entity_class": "settlement",
        "entity_id": "colony-pharos-hvar",
        "entity_subtype": "polis",
        "external_links": [
          "https://pleiades.stoa.org/places/197433"
        ],
        "geometry_role": "site",
        "location_certainty": "high",
        "modern_country_el": "Κροατία",
        "modern_country_en": "Croatia",
        "modern_locality": "Stari Grad, Hvar",
        "name_el": "Φάρος",
        "name_en": "Pharos",
        "record_confidence": "high",
        "review_state": "reviewed",
        "source_id": "src-pleiades-197433",
        "spatial_note_el": null,
        "spatial_note_en": null,
        "start_year": -385
      },
      "type": "Feature"
    },
    {
      "geometry": {
        "coordinates": [
          30.552167,
          36.523492
        ],
        "type": "Point"
      },
      "id": "colony-phaselis",
      "properties": {
        "ancient_name_grc": "Φάσηλις",
        "chronology_basis": "occupation_window",
        "collections": [
          "colony"
        ],
        "country_iso2": "TR",
        "country_iso3": "TUR",
        "date_label_el": "690 π.Χ.–600 μ.Χ. (όριο άτλαντα)",
        "date_label_en": "690 BCE–600 CE (atlas display cutoff)",
        "description_el": "Ροδιακή αποικία με τρία λιμάνια στη θαλάσσια διαδρομή μεταξύ Αιγαίου και Ανατολής.",
        "description_en": "Rhodian colony with three ports on the sea route between the Aegean and the East.",
        "end_year": 600,
        "entity_class": "settlement",
        "entity_id": "colony-phaselis",
        "entity_subtype": "polis",
        "external_links": [
          "https://pleiades.stoa.org/places/639051"
        ],
        "geometry_role": "site",
        "location_certainty": "high",
        "modern_country_el": "Τουρκία",
        "modern_country_en": "Turkey",
        "modern_locality": "Tekirova, Antalya",
        "name_el": "Φάσηλις",
        "name_en": "Phaselis",
        "record_confidence": "high",
        "review_state": "reviewed",
        "source_id": "src-pleiades-639051",
        "spatial_note_el": null,
        "spatial_note_en": null,
        "start_year": -690
      },
      "type": "Feature"
    },
    {
      "geometry": {
        "coordinates": [
          41.692323,
          42.135867
        ],
        "type": "Point"
      },
      "id": "colony-phasis-city",
      "properties": {
        "ancient_name_grc": "Φᾶσις",
        "chronology_basis": "occupation_window",
        "collections": [
          "colony"
        ],
        "country_iso2": "GE",
        "country_iso3": "GEO",
        "date_label_el": "600 π.Χ.–600 μ.Χ. (όριο άτλαντα)",
        "date_label_en": "600 BCE–600 CE (atlas display cutoff)",
        "description_el": "Μιλησιακή εγκατάσταση κοντά στις εκβολές του Φάσιδος· η ακριβής αρχαιολογική θέση παραμένει συζητήσιμη.",
        "description_en": "A Milesian settlement near the mouth of the Phasis River; its exact archaeological location remains disputed.",
        "end_year": 600,
        "entity_class": "settlement",
        "entity_id": "colony-phasis-city",
        "entity_subtype": "polis",
        "external_links": [
          "https://pleiades.stoa.org/places/857275"
        ],
        "geometry_role": "site",
        "location_certainty": "medium",
        "modern_country_el": "Γεωργία",
        "modern_country_en": "Georgia",
        "modern_locality": "περιοχή Poti",
        "name_el": "Φάσις",
        "name_en": "Phasis",
        "record_confidence": "medium",
        "review_state": "reviewed",
        "source_id": "src-pleiades-857275",
        "spatial_note_el": null,
        "spatial_note_en": null,
        "start_year": -600
      },
      "type": "Feature"
    },
    {
      "geometry": {
        "coordinates": [
          24.284637,
          41.012651
        ],
        "type": "Point"
      },
      "id": "colony-philippi",
      "properties": {
        "ancient_name_grc": "Φίλιπποι",
        "chronology_basis": "occupation_window",
        "collections": [
          "colony"
        ],
        "country_iso2": "GR",
        "country_iso3": "GRC",
        "date_label_el": "360 π.Χ.–600 μ.Χ. (όριο άτλαντα)",
        "date_label_en": "360 BCE–600 CE (atlas display cutoff)",
        "description_el": "Θασιακή αποικία ως Κρηνίδες, οχυρωμένη και μετονομασμένη από τον Φίλιππο Β΄ το 356 π.Χ.",
        "description_en": "Thasian colony as Krinides, fortified and renamed by Philip II in 356 BC.",
        "end_year": 600,
        "entity_class": "settlement",
        "entity_id": "colony-philippi",
        "entity_subtype": "polis",
        "external_links": [
          "https://pleiades.stoa.org/places/501482"
        ],
        "geometry_role": "site",
        "location_certainty": "high",
        "modern_country_el": "Ελλάδα",
        "modern_country_en": "Greece",
        "modern_locality": "Κρηνίδες Καβάλας",
        "name_el": "Φίλιπποι",
        "name_en": "Philippi",
        "record_confidence": "high",
        "review_state": "reviewed",
        "source_id": "src-pleiades-501482",
        "spatial_note_el": null,
        "spatial_note_en": null,
        "start_year": -360
      },
      "type": "Feature"
    },
    {
      "geometry": {
        "coordinates": [
          26.75656,
          38.6703
        ],
        "type": "Point"
      },
      "id": "colony-phocaea",
      "properties": {
        "ancient_name_grc": "Φώκαια",
        "chronology_basis": "occupation_window",
        "collections": [
          "colony"
        ],
        "country_iso2": "TR",
        "country_iso3": "TUR",
        "date_label_el": "1000 π.Χ.–600 μ.Χ. (όριο άτλαντα)",
        "date_label_en": "1000 BCE–600 CE (atlas display cutoff)",
        "description_el": "Ιωνική ναυτική πόλη, μητρόπολη της Μασσαλίας, της Ελέας και άλλων δυτικών εγκαταστάσεων.",
        "description_en": "An Ionian maritime city and metropolis of Massalia, Elea and other western settlements.",
        "end_year": 600,
        "entity_class": "settlement",
        "entity_id": "colony-phocaea",
        "entity_subtype": "polis",
        "external_links": [
          "https://pleiades.stoa.org/places/550823"
        ],
        "geometry_role": "site",
        "location_certainty": "high",
        "modern_country_el": "Τουρκία",
        "modern_country_en": "Turkey",
        "modern_locality": "Foça, İzmir",
        "name_el": "Φώκαια",
        "name_en": "Phocaea",
        "record_confidence": "high",
        "review_state": "reviewed",
        "source_id": "src-pleiades-550823",
        "spatial_note_el": null,
        "spatial_note_en": null,
        "start_year": -1000
      },
      "type": "Feature"
    },
    {
      "geometry": {
        "coordinates": [
          15.005079,
          40.420848
        ],
        "type": "Point"
      },
      "id": "colony-poseidonia",
      "properties": {
        "ancient_name_grc": "Ποσειδωνία",
        "chronology_basis": "occupation_window",
        "collections": [
          "colony"
        ],
        "country_iso2": "IT",
        "country_iso3": "ITA",
        "date_label_el": "600 π.Χ.–600 μ.Χ. (όριο άτλαντα)",
        "date_label_en": "600 BCE–600 CE (atlas display cutoff)",
        "description_el": "Αποικία της Σύβαρης, γνωστή ως Ποσειδωνία και αργότερα ως ρωμαϊκό Paestum.",
        "description_en": "A colony of Sybaris, known as Poseidonia and later as the Roman city of Paestum.",
        "end_year": 600,
        "entity_class": "settlement",
        "entity_id": "colony-poseidonia",
        "entity_subtype": "polis",
        "external_links": [
          "https://pleiades.stoa.org/places/442733"
        ],
        "geometry_role": "site",
        "location_certainty": "high",
        "modern_country_el": "Ιταλία",
        "modern_country_en": "Italy",
        "modern_locality": "Paestum",
        "name_el": "Ποσειδωνία",
        "name_en": "Poseidonia",
        "record_confidence": "high",
        "review_state": "reviewed",
        "source_id": "src-pleiades-442733",
        "spatial_note_el": null,
        "spatial_note_en": null,
        "start_year": -600
      },
      "type": "Feature"
    },
    {
      "geometry": {
        "coordinates": [
          27.296584,
          37.66078
        ],
        "type": "Point"
      },
      "id": "colony-priene",
      "properties": {
        "ancient_name_grc": "Πριήνη",
        "chronology_basis": "occupation_window",
        "collections": [
          "colony"
        ],
        "country_iso2": "TR",
        "country_iso3": "TUR",
        "date_label_el": "1050 π.Χ.–600 μ.Χ. (όριο άτλαντα)",
        "date_label_en": "1050 BCE–600 CE (atlas display cutoff)",
        "description_el": "Ιωνική πόλη με υποδειγματική ιπποδάμεια πολεοδομία στη νεότερη θέση της στον Μυκάλη.",
        "description_en": "An Ionian city with exemplary Hippodamian planning at its later site on Mount Mycale.",
        "end_year": 600,
        "entity_class": "settlement",
        "entity_id": "colony-priene",
        "entity_subtype": "polis",
        "external_links": [
          "https://pleiades.stoa.org/places/599905"
        ],
        "geometry_role": "site",
        "location_certainty": "high",
        "modern_country_el": "Τουρκία",
        "modern_country_en": "Turkey",
        "modern_locality": "Güllübahçe, Söke",
        "name_el": "Πριήνη",
        "name_en": "Priene",
        "record_confidence": "high",
        "review_state": "reviewed",
        "source_id": "src-pleiades-599905",
        "spatial_note_el": null,
        "spatial_note_en": null,
        "start_year": -1050
      },
      "type": "Feature"
    },
    {
      "geometry": {
        "coordinates": [
          15.64393,
          38.109279
        ],
        "type": "Point"
      },
      "id": "colony-rhegion",
      "properties": {
        "ancient_name_grc": "Ῥήγιον",
        "chronology_basis": "occupation_window",
        "collections": [
          "colony"
        ],
        "country_iso2": "IT",
        "country_iso3": "ITA",
        "date_label_el": "720 π.Χ.–600 μ.Χ. (όριο άτλαντα)",
        "date_label_en": "720 BCE–600 CE (atlas display cutoff)",
        "description_el": "Ευβοϊκή αποικία στην ιταλική πλευρά του στενού της Μεσσήνης.",
        "description_en": "Euboean colony on the Italian side of the Straits of Messina.",
        "end_year": 600,
        "entity_class": "settlement",
        "entity_id": "colony-rhegion",
        "entity_subtype": "polis",
        "external_links": [
          "https://pleiades.stoa.org/places/452416"
        ],
        "geometry_role": "site",
        "location_certainty": "high",
        "modern_country_el": "Ιταλία",
        "modern_country_en": "Italy",
        "modern_locality": "Reggio Calabria",
        "name_el": "Ρήγιο",
        "name_en": "Rhegion",
        "record_confidence": "high",
        "review_state": "reviewed",
        "source_id": "src-pleiades-452416",
        "spatial_note_el": null,
        "spatial_note_en": null,
        "start_year": -720
      },
      "type": "Feature"
    },
    {
      "geometry": {
        "coordinates": [
          12.824893,
          37.588282
        ],
        "type": "Point"
      },
      "id": "colony-selinus",
      "properties": {
        "ancient_name_grc": "Σελινοῦς",
        "chronology_basis": "occupation_window",
        "collections": [
          "colony"
        ],
        "country_iso2": "IT",
        "country_iso3": "ITA",
        "date_label_el": "628 π.Χ.–250 π.Χ.",
        "date_label_en": "628 BCE–250 BCE",
        "description_el": "Η δυτικότερη μεγάλη ελληνική αποικία της Σικελίας, καταστραμμένη οριστικά στον Α΄ Καρχηδονιακό Πόλεμο.",
        "description_en": "The westernmost large Greek colony of Sicily, permanently destroyed in the First Carthaginian War.",
        "end_year": -250,
        "entity_class": "settlement",
        "entity_id": "colony-selinus",
        "entity_subtype": "polis",
        "external_links": [
          "https://pleiades.stoa.org/places/462489"
        ],
        "geometry_role": "site",
        "location_certainty": "high",
        "modern_country_el": "Ιταλία",
        "modern_country_en": "Italy",
        "modern_locality": "Marinella di Selinunte",
        "name_el": "Σελινούντας",
        "name_en": "Selinus",
        "record_confidence": "high",
        "review_state": "reviewed",
        "source_id": "src-pleiades-462489",
        "spatial_note_el": null,
        "spatial_note_en": null,
        "start_year": -628
      },
      "type": "Feature"
    },
    {
      "geometry": {
        "coordinates": [
          35.143037,
          42.025776
        ],
        "type": "Point"
      },
      "id": "colony-sinope",
      "properties": {
        "ancient_name_grc": "Σινώπη",
        "chronology_basis": "occupation_window",
        "collections": [
          "colony"
        ],
        "country_iso2": "TR",
        "country_iso3": "TUR",
        "date_label_el": "630 π.Χ.–600 μ.Χ. (όριο άτλαντα)",
        "date_label_en": "630 BCE–600 CE (atlas display cutoff)",
        "description_el": "Μιλησιακή αποικία σε ασφαλή χερσόνησο, βασικός κόμβος του αποικιακού δικτύου του Πόντου.",
        "description_en": "A Milesian colony on a defensible peninsula and a central hub of the Greek colonial network in the Black Sea.",
        "end_year": 600,
        "entity_class": "settlement",
        "entity_id": "colony-sinope",
        "entity_subtype": "polis",
        "external_links": [
          "https://pleiades.stoa.org/places/857321"
        ],
        "geometry_role": "site",
        "location_certainty": "high",
        "modern_country_el": "Τουρκία",
        "modern_country_en": "Turkey",
        "modern_locality": "Sinop",
        "name_el": "Σινώπη",
        "name_en": "Sinope",
        "record_confidence": "high",
        "review_state": "reviewed",
        "source_id": "src-pleiades-857321",
        "spatial_note_el": null,
        "spatial_note_en": null,
        "start_year": -630
      },
      "type": "Feature"
    },
    {
      "geometry": {
        "coordinates": [
          16.494262,
          39.717328
        ],
        "type": "Point"
      },
      "id": "colony-sybaris",
      "properties": {
        "ancient_name_grc": "Σύβαρις",
        "chronology_basis": "occupation_window",
        "collections": [
          "colony"
        ],
        "country_iso2": "IT",
        "country_iso3": "ITA",
        "date_label_el": "720 π.Χ.–510 π.Χ.",
        "date_label_en": "720 BCE–510 BCE",
        "description_el": "Πλούσια αχαϊκή αποικία στην πεδιάδα του Κράθη, καταστραμμένη από τον Κρότωνα το 510 π.Χ.",
        "description_en": "Wealthy Achaean colony on the Krathis plain, destroyed by Croton in 510 BC.",
        "end_year": -510,
        "entity_class": "settlement",
        "entity_id": "colony-sybaris",
        "entity_subtype": "polis",
        "external_links": [
          "https://pleiades.stoa.org/places/452457"
        ],
        "geometry_role": "site",
        "location_certainty": "high",
        "modern_country_el": "Ιταλία",
        "modern_country_en": "Italy",
        "modern_locality": "Sibari, Calabria",
        "name_el": "Σύβαρις",
        "name_en": "Sybaris",
        "record_confidence": "high",
        "review_state": "reviewed",
        "source_id": "src-pleiades-452457",
        "spatial_note_el": null,
        "spatial_note_en": null,
        "start_year": -720
      },
      "type": "Feature"
    },
    {
      "geometry": {
        "coordinates": [
          15.283336,
          37.070079
        ],
        "type": "Point"
      },
      "id": "colony-syracuse",
      "properties": {
        "ancient_name_grc": "Συράκουσαι",
        "chronology_basis": "occupation_window",
        "collections": [
          "colony"
        ],
        "country_iso2": "IT",
        "country_iso3": "ITA",
        "date_label_el": "734 π.Χ.–600 μ.Χ. (όριο άτλαντα)",
        "date_label_en": "734 BCE–600 CE (atlas display cutoff)",
        "description_el": "Κορινθιακή αποικία που εξελίχθηκε στην ισχυρότερη ελληνική πόλη της Σικελίας.",
        "description_en": "Corinthian colony that developed into the strongest Greek city in Sicily.",
        "end_year": 600,
        "entity_class": "settlement",
        "entity_id": "colony-syracuse",
        "entity_subtype": "polis",
        "external_links": [
          "https://pleiades.stoa.org/places/462503"
        ],
        "geometry_role": "site",
        "location_certainty": "high",
        "modern_country_el": "Ιταλία",
        "modern_country_en": "Italy",
        "modern_locality": "Siracusa",
        "name_el": "Συρακούσες",
        "name_en": "Syracuse",
        "record_confidence": "high",
        "review_state": "reviewed",
        "source_id": "src-pleiades-462503",
        "spatial_note_el": null,
        "spatial_note_en": null,
        "start_year": -734
      },
      "type": "Feature"
    },
    {
      "geometry": {
        "coordinates": [
          39.335671,
          47.268688
        ],
        "type": "Point"
      },
      "id": "colony-tanais",
      "properties": {
        "ancient_name_grc": "Τάναϊς",
        "chronology_basis": "occupation_window",
        "collections": [
          "colony"
        ],
        "country_iso2": "RU",
        "country_iso3": "RUS",
        "date_label_el": "300 π.Χ.–375 μ.Χ.",
        "date_label_en": "300 BCE–375 CE",
        "description_el": "Ελληνιστικό εμπορικό κέντρο στις εκβολές του Δον, όριο επαφής ελληνικών και νομαδικών πληθυσμών.",
        "description_en": "Hellenistic commercial center at the mouth of the Don, boundary of contact between Greek and nomadic populations.",
        "end_year": 375,
        "entity_class": "settlement",
        "entity_id": "colony-tanais",
        "entity_subtype": "polis",
        "external_links": [
          "https://pleiades.stoa.org/places/825397"
        ],
        "geometry_role": "site",
        "location_certainty": "high",
        "modern_country_el": "Ρωσία",
        "modern_country_en": "Russia",
        "modern_locality": "Nedvigovka, Rostov Oblast",
        "name_el": "Τάναϊς",
        "name_en": "Tanais",
        "record_confidence": "high",
        "review_state": "reviewed",
        "source_id": "src-pleiades-825397",
        "spatial_note_el": null,
        "spatial_note_en": null,
        "start_year": -300
      },
      "type": "Feature"
    },
    {
      "geometry": {
        "coordinates": [
          17.233042,
          40.473787
        ],
        "type": "Point"
      },
      "id": "colony-taras",
      "properties": {
        "ancient_name_grc": "Τάρας",
        "chronology_basis": "occupation_window",
        "collections": [
          "colony"
        ],
        "country_iso2": "IT",
        "country_iso3": "ITA",
        "date_label_el": "706 π.Χ.–600 μ.Χ. (όριο άτλαντα)",
        "date_label_en": "706 BCE–600 CE (atlas display cutoff)",
        "description_el": "Η μοναδική παραδοσιακά σπαρτιατική αποικία και ισχυρότερη ελληνική πόλη της Απουλίας.",
        "description_en": "The only traditionally Spartan colony and strongest Greek city of Apulia.",
        "end_year": 600,
        "entity_class": "settlement",
        "entity_id": "colony-taras",
        "entity_subtype": "polis",
        "external_links": [
          "https://pleiades.stoa.org/places/442810"
        ],
        "geometry_role": "site",
        "location_certainty": "high",
        "modern_country_el": "Ιταλία",
        "modern_country_en": "Italy",
        "modern_locality": "Taranto",
        "name_el": "Τάρας",
        "name_en": "Taras",
        "record_confidence": "high",
        "review_state": "reviewed",
        "source_id": "src-pleiades-442810",
        "spatial_note_el": null,
        "spatial_note_en": null,
        "start_year": -706
      },
      "type": "Feature"
    },
    {
      "geometry": {
        "coordinates": [
          20.567298,
          32.536399
        ],
        "type": "Point"
      },
      "id": "colony-taucheira",
      "properties": {
        "ancient_name_grc": "Ταύχειρα",
        "chronology_basis": "occupation_window",
        "collections": [
          "colony"
        ],
        "country_iso2": "LY",
        "country_iso3": "LBY",
        "date_label_el": "620 π.Χ.–600 μ.Χ. (όριο άτλαντα)",
        "date_label_en": "620 BCE–600 CE (atlas display cutoff)",
        "description_el": "Παράκτια ελληνική πόλη της Κυρηναϊκής, αργότερα γνωστή ως Αρσινόη.",
        "description_en": "Coastal Greek city of Cyrenaica, later known as Arsinoe.",
        "end_year": 600,
        "entity_class": "settlement",
        "entity_id": "colony-taucheira",
        "entity_subtype": "polis",
        "external_links": [
          "https://pleiades.stoa.org/places/373736"
        ],
        "geometry_role": "site",
        "location_certainty": "high",
        "modern_country_el": "Λιβύη",
        "modern_country_en": "Libya",
        "modern_locality": "Tocra",
        "name_el": "Ταύχειρα",
        "name_en": "Taucheira",
        "record_confidence": "high",
        "review_state": "reviewed",
        "source_id": "src-pleiades-373736",
        "spatial_note_el": null,
        "spatial_note_en": null,
        "start_year": -620
      },
      "type": "Feature"
    },
    {
      "geometry": {
        "coordinates": [
          26.785014,
          38.177262
        ],
        "type": "Point"
      },
      "id": "colony-teos",
      "properties": {
        "ancient_name_grc": "Τέως",
        "chronology_basis": "occupation_window",
        "collections": [
          "colony"
        ],
        "country_iso2": "TR",
        "country_iso3": "TUR",
        "date_label_el": "1000 π.Χ.–600 μ.Χ. (όριο άτλαντα)",
        "date_label_en": "1000 BCE–600 CE (atlas display cutoff)",
        "description_el": "Ιωνική λιμενική πόλη και έδρα του ελληνιστικού κοινού των τεχνιτών του Διονύσου.",
        "description_en": "An Ionian port and seat of the Hellenistic association of the Artists of Dionysus.",
        "end_year": 600,
        "entity_class": "settlement",
        "entity_id": "colony-teos",
        "entity_subtype": "polis",
        "external_links": [
          "https://pleiades.stoa.org/places/550913"
        ],
        "geometry_role": "site",
        "location_certainty": "high",
        "modern_country_el": "Τουρκία",
        "modern_country_en": "Turkey",
        "modern_locality": "Sığacık, Seferihisar",
        "name_el": "Τέως",
        "name_en": "Teos",
        "record_confidence": "high",
        "review_state": "reviewed",
        "source_id": "src-pleiades-550913",
        "spatial_note_el": null,
        "spatial_note_en": null,
        "start_year": -1000
      },
      "type": "Feature"
    },
    {
      "geometry": {
        "coordinates": [
          35.378768,
          45.04609
        ],
        "type": "Point"
      },
      "id": "colony-theodosia-crimea",
      "properties": {
        "ancient_name_grc": "Θεοδοσία",
        "chronology_basis": "occupation_window",
        "collections": [
          "colony"
        ],
        "country_iso2": "UA",
        "country_iso3": "UKR",
        "date_label_el": "600 π.Χ.–600 μ.Χ. (όριο άτλαντα)",
        "date_label_en": "600 BCE–600 CE (atlas display cutoff)",
        "description_el": "Μιλησιακή αποικία με εύφορη ενδοχώρα και σημαντικό εξαγωγικό λιμάνι σιτηρών.",
        "description_en": "A Milesian colony with a fertile hinterland and an important grain export port.",
        "end_year": 600,
        "entity_class": "settlement",
        "entity_id": "colony-theodosia-crimea",
        "entity_subtype": "polis",
        "external_links": [
          "https://pleiades.stoa.org/places/854743"
        ],
        "geometry_role": "site",
        "location_certainty": "high",
        "modern_country_el": "Ουκρανία",
        "modern_country_en": "Ukraine",
        "modern_locality": "Feodosia, Crimea",
        "name_el": "Θεοδοσία",
        "name_en": "Theodosia",
        "record_confidence": "high",
        "review_state": "reviewed",
        "source_id": "src-pleiades-854743",
        "spatial_note_el": null,
        "spatial_note_en": null,
        "start_year": -600
      },
      "type": "Feature"
    },
    {
      "geometry": {
        "coordinates": [
          28.649738,
          44.172856
        ],
        "type": "Point"
      },
      "id": "colony-tomis",
      "properties": {
        "ancient_name_grc": "Τόμις",
        "chronology_basis": "occupation_window",
        "collections": [
          "colony"
        ],
        "country_iso2": "RO",
        "country_iso3": "ROU",
        "date_label_el": "600 π.Χ.–600 μ.Χ. (όριο άτλαντα)",
        "date_label_en": "600 BCE–600 CE (atlas display cutoff)",
        "description_el": "Μιλησιακή αποικία και μεταγενέστερη πρωτεύουσα της ρωμαϊκής Σκυθίας Μικράς.",
        "description_en": "Milesian colony and later capital of Roman Scythia Minor.",
        "end_year": 600,
        "entity_class": "settlement",
        "entity_id": "colony-tomis",
        "entity_subtype": "polis",
        "external_links": [
          "https://pleiades.stoa.org/places/217016"
        ],
        "geometry_role": "site",
        "location_certainty": "high",
        "modern_country_el": "Ρουμανία",
        "modern_country_en": "Romania",
        "modern_locality": "Constanța",
        "name_el": "Τόμις",
        "name_en": "Tomis",
        "record_confidence": "high",
        "review_state": "reviewed",
        "source_id": "src-pleiades-217016",
        "spatial_note_el": null,
        "spatial_note_en": null,
        "start_year": -600
      },
      "type": "Feature"
    },
    {
      "geometry": {
        "coordinates": [
          16.25063,
          43.517639
        ],
        "type": "Point"
      },
      "id": "colony-tragurion",
      "properties": {
        "ancient_name_grc": "Τραγούριον",
        "chronology_basis": "occupation_window",
        "collections": [
          "colony"
        ],
        "country_iso2": "HR",
        "country_iso3": "HRV",
        "date_label_el": "300 π.Χ.–600 μ.Χ. (όριο άτλαντα)",
        "date_label_en": "300 BCE–600 CE (atlas display cutoff)",
        "description_el": "Ελληνιστική αποικιακή εγκατάσταση της Ίσσας στην κεντρική δαλματική ακτή.",
        "description_en": "Hellenistic colonial settlement of Issa on the central Dalmatian coast.",
        "end_year": 600,
        "entity_class": "settlement",
        "entity_id": "colony-tragurion",
        "entity_subtype": "polis",
        "external_links": [
          "https://pleiades.stoa.org/places/197555"
        ],
        "geometry_role": "site",
        "location_certainty": "high",
        "modern_country_el": "Κροατία",
        "modern_country_en": "Croatia",
        "modern_locality": "Trogir",
        "name_el": "Τραγούριον",
        "name_en": "Tragurion",
        "record_confidence": "high",
        "review_state": "reviewed",
        "source_id": "src-pleiades-197555",
        "spatial_note_el": null,
        "spatial_note_en": null,
        "start_year": -300
      },
      "type": "Feature"
    },
    {
      "geometry": {
        "coordinates": [
          39.723312,
          41.004269
        ],
        "type": "Point"
      },
      "id": "colony-trapezus",
      "properties": {
        "ancient_name_grc": "Τραπεζοῦς",
        "chronology_basis": "occupation_window",
        "collections": [
          "colony"
        ],
        "country_iso2": "TR",
        "country_iso3": "TUR",
        "date_label_el": "756 π.Χ.–600 μ.Χ. (όριο άτλαντα)",
        "date_label_en": "756 BCE–600 CE (atlas display cutoff)",
        "description_el": "Αποικία της Σινώπης στην ανατολική ακτή του Ευξείνου και σταθμός προς τον Καύκασο.",
        "description_en": "Colony of Sinope on the eastern coast of the Black Sea and a station towards the Caucasus.",
        "end_year": 600,
        "entity_class": "settlement",
        "entity_id": "colony-trapezus",
        "entity_subtype": "polis",
        "external_links": [
          "https://pleiades.stoa.org/places/857359"
        ],
        "geometry_role": "site",
        "location_certainty": "high",
        "modern_country_el": "Τουρκία",
        "modern_country_en": "Turkey",
        "modern_locality": "Trabzon",
        "name_el": "Τραπεζούντα",
        "name_en": "Trapezus",
        "record_confidence": "high",
        "review_state": "reviewed",
        "source_id": "src-pleiades-857359",
        "spatial_note_el": null,
        "spatial_note_en": null,
        "start_year": -756
      },
      "type": "Feature"
    },
    {
      "geometry": {
        "coordinates": [
          30.350134,
          46.200755
        ],
        "type": "Point"
      },
      "id": "colony-tyras",
      "properties": {
        "ancient_name_grc": "Τύρας",
        "chronology_basis": "occupation_window",
        "collections": [
          "colony"
        ],
        "country_iso2": "UA",
        "country_iso3": "UKR",
        "date_label_el": "600 π.Χ.–375 μ.Χ.",
        "date_label_en": "600 BCE–375 CE",
        "description_el": "Μιλησιακή αποικία στις εκβολές του Δνείστερου, εμπορικός σύνδεσμος με την ενδοχώρα.",
        "description_en": "Milesian colony at the mouth of the Dniester, trade link with the hinterland.",
        "end_year": 375,
        "entity_class": "settlement",
        "entity_id": "colony-tyras",
        "entity_subtype": "polis",
        "external_links": [
          "https://pleiades.stoa.org/places/226800"
        ],
        "geometry_role": "site",
        "location_certainty": "high",
        "modern_country_el": "Ουκρανία",
        "modern_country_en": "Ukraine",
        "modern_locality": "Bilhorod-Dnistrovskyi",
        "name_el": "Τύρας",
        "name_en": "Tyras",
        "record_confidence": "high",
        "review_state": "reviewed",
        "source_id": "src-pleiades-226800",
        "spatial_note_el": null,
        "spatial_note_en": null,
        "start_year": -600
      },
      "type": "Feature"
    },
    {
      "geometry": {
        "coordinates": [
          15.556634,
          38.192251
        ],
        "type": "Point"
      },
      "id": "colony-zancle-messana",
      "properties": {
        "ancient_name_grc": "Ζάγκλη",
        "chronology_basis": "occupation_window",
        "collections": [
          "colony"
        ],
        "country_iso2": "IT",
        "country_iso3": "ITA",
        "date_label_el": "730 π.Χ.–600 μ.Χ. (όριο άτλαντα)",
        "date_label_en": "730 BCE–600 CE (atlas display cutoff)",
        "description_el": "Ευβοϊκή αποικία στο στενό της Μεσσήνης, αργότερα γνωστή ως Μεσσήνη.",
        "description_en": "Euboean colony in the Straits of Messina, later known as Messina.",
        "end_year": 600,
        "entity_class": "settlement",
        "entity_id": "colony-zancle-messana",
        "entity_subtype": "polis",
        "external_links": [
          "https://pleiades.stoa.org/places/462538"
        ],
        "geometry_role": "site",
        "location_certainty": "high",
        "modern_country_el": "Ιταλία",
        "modern_country_en": "Italy",
        "modern_locality": "Messina",
        "name_el": "Ζάγκλη",
        "name_en": "Zancle",
        "record_confidence": "high",
        "review_state": "reviewed",
        "source_id": "src-pleiades-462538",
        "spatial_note_el": null,
        "spatial_note_en": null,
        "start_year": -730
      },
      "type": "Feature"
    },
    {
      "geometry": {
        "coordinates": [
          44.4208,
          32.5423
        ],
        "type": "Point"
      },
      "id": "kingdom-alexander-empire",
      "properties": {
        "ancient_name_grc": "Ἀλέξανδρος βασιλεὺς Μακεδόνων",
        "chronology_basis": "political_phase",
        "collections": [
          "kingdom"
        ],
        "country_iso2": "IQ",
        "country_iso3": "IRQ",
        "date_label_el": "336 π.Χ.–323 π.Χ.",
        "date_label_en": "336 BCE–323 BCE",
        "description_el": "Η μακεδονική μοναρχία του Αλεξάνδρου κατέλυσε την Αχαιμενιδική αυτοκρατορία και έφθασε ως τον Ινδό, χωρίς να αποκτήσει σταθερή ενιαία πρωτεύουσα.",
        "description_en": "Alexander's Macedonian monarchy overthrew the Achaemenid empire and reached as far as the Indus, without acquiring a fixed single capital.",
        "end_year": -323,
        "entity_class": "polity",
        "entity_id": "kingdom-alexander-empire",
        "entity_subtype": "empire",
        "external_links": [],
        "geometry_role": "representative_center",
        "location_certainty": "high",
        "modern_country_el": "Ιράκ",
        "modern_country_en": "Iraq",
        "modern_locality": null,
        "name_el": "Αυτοκρατορία του Αλεξάνδρου",
        "name_en": "Empire of Alexander the Great",
        "record_confidence": "high",
        "review_state": "reviewed",
        "source_id": "src-metmuseum-89019924e8c3",
        "spatial_note_el": "Το σημείο αποδίδει τη Βαβυλώνα ως τελικό διοικητικό κέντρο και τόπο θανάτου του Αλεξάνδρου· η αυλή ήταν κινητή και η αυτοκρατορική έκταση απαιτεί ξεχωριστά χρονολογημένα πολύγωνα.",
        "spatial_note_en": "The point marks Babylon as a representative centre; it does not represent the polity's territorial extent.",
        "start_year": -336
      },
      "type": "Feature"
    },
    {
      "geometry": {
        "coordinates": [
          23.7257,
          37.9715
        ],
        "type": "Point"
      },
      "id": "kingdom-athens-mycenaean",
      "properties": {
        "ancient_name_grc": "Ἀθῆναι",
        "chronology_basis": "political_phase",
        "collections": [
          "kingdom"
        ],
        "country_iso2": "GR",
        "country_iso3": "GRC",
        "date_label_el": "1400 π.Χ.–1100 π.Χ.",
        "date_label_en": "1400 BCE–1100 BCE",
        "description_el": "Η οχυρωμένη Ακρόπολη περιλάμβανε βασιλική κατοικία, αλλά η δομή και η έκταση ενός ανεξάρτητου αθηναϊκού ανακτορικού κράτους δεν τεκμηριώνονται όπως στην Πύλο.",
        "description_en": "The fortified Acropolis included a royal residence, but the structure and extent of an independent Athenian palatial state is not documented as at Pylos.",
        "end_year": -1100,
        "entity_class": "polity",
        "entity_id": "kingdom-athens-mycenaean",
        "entity_subtype": "palatial_state",
        "external_links": [],
        "geometry_role": "representative_center",
        "location_certainty": "high",
        "modern_country_el": "Ελλάδα",
        "modern_country_en": "Greece",
        "modern_locality": null,
        "name_el": "Μυκηναϊκό κέντρο της Αθήνας",
        "name_en": "Mycenaean Athens Polity",
        "record_confidence": "high",
        "review_state": "reviewed",
        "source_id": "src-whc-228f1be9c035",
        "spatial_note_el": "Το σημείο αποδίδει τη μυκηναϊκή Ακρόπολη και όχι βέβαιη επικράτεια· οποιοδήποτε μελλοντικό πολύγωνο πρέπει να δηλώνεται ως υποθετικό.",
        "spatial_note_en": "The point marks Acropolis of Athens as a representative centre; it does not represent the polity's territorial extent.",
        "start_year": -1400
      },
      "type": "Feature"
    },
    {
      "geometry": {
        "coordinates": [
          27.1841,
          39.1327
        ],
        "type": "Point"
      },
      "id": "kingdom-attalid-pergamon",
      "properties": {
        "ancient_name_grc": "Βασιλεία τῶν Ἀτταλιδῶν",
        "chronology_basis": "political_phase",
        "collections": [
          "kingdom"
        ],
        "country_iso2": "TR",
        "country_iso3": "TUR",
        "date_label_el": "283 π.Χ.–133 π.Χ.",
        "date_label_en": "283 BCE–133 BCE",
        "description_el": "Η δυναστική ηγεμονία άρχισε με τον Φιλέταιρο, ενώ ο Άτταλος Α΄ έλαβε επίσημα τον τίτλο του βασιλιά το 241 π.Χ.· ο Άτταλος Γ΄ κληροδότησε το κράτος στη Ρώμη.",
        "description_en": "The dynastic hegemony began with Philetairos, while Attalus I formally received the title of king in 241 BC; Attalus III bequeathed the state to Rome.",
        "end_year": -133,
        "entity_class": "polity",
        "entity_id": "kingdom-attalid-pergamon",
        "entity_subtype": "kingdom",
        "external_links": [],
        "geometry_role": "representative_center",
        "location_certainty": "high",
        "modern_country_el": "Τουρκία",
        "modern_country_en": "Turkey",
        "modern_locality": null,
        "name_el": "Βασίλειο της Περγάμου των Ατταλιδών",
        "name_en": "Attalid Kingdom of Pergamon",
        "record_confidence": "medium",
        "review_state": "reviewed",
        "source_id": "src-metmuseum-50fe20dc493f",
        "spatial_note_el": "Το σημείο αποδίδει την ακρόπολη της Περγάμου ως πρωτεύουσα, όχι την επικράτεια· τα πολύγωνα θα διαχωρίζουν την πρώιμη ηγεμονία από το ώριμο βασίλειο.",
        "spatial_note_en": "The point marks Pergamon as a representative centre; it does not represent the polity's territorial extent.",
        "start_year": -283
      },
      "type": "Feature"
    },
    {
      "geometry": {
        "coordinates": [
          29.9408,
          40.7654
        ],
        "type": "Point"
      },
      "id": "kingdom-bithynia",
      "properties": {
        "ancient_name_grc": "Βιθυνία",
        "chronology_basis": "political_phase",
        "collections": [
          "kingdom"
        ],
        "country_iso2": "TR",
        "country_iso3": "TUR",
        "date_label_el": "297 π.Χ.–74 π.Χ.",
        "date_label_en": "297 BCE–74 BCE",
        "description_el": "Ο Ζιποίτης έλαβε τον τίτλο του βασιλιά το 297 π.Χ. και οι διάδοχοί του κυβέρνησαν ένα ισχυρό μικρό βασίλειο μέχρι την κληροδότησή του στη Ρώμη.",
        "description_en": "Zipoetes assumed the royal title in 297 BCE, and his successors ruled a powerful small kingdom until it was bequeathed to Rome.",
        "end_year": -74,
        "entity_class": "polity",
        "entity_id": "kingdom-bithynia",
        "entity_subtype": "kingdom",
        "external_links": [],
        "geometry_role": "representative_center",
        "location_certainty": "high",
        "modern_country_el": "Τουρκία",
        "modern_country_en": "Turkey",
        "modern_locality": null,
        "name_el": "Βασίλειο της Βιθυνίας",
        "name_en": "Kingdom of Bithynia",
        "record_confidence": "high",
        "review_state": "reviewed",
        "source_id": "src-attalus-1b40f4436114",
        "spatial_note_el": "Το σημείο αποδίδει τη Νικομήδεια ως πρωτεύουσα από τον Νικομήδη Α΄, όχι την πλήρη έκταση του βασιλείου· τα πολύγωνα θα αποθηκευθούν χωριστά.",
        "spatial_note_en": "The point marks Nicomedia as a representative centre; it does not represent the polity's territorial extent.",
        "start_year": -297
      },
      "type": "Feature"
    },
    {
      "geometry": {
        "coordinates": [
          36.47,
          45.3507
        ],
        "type": "Point"
      },
      "id": "kingdom-bosporus-archaeanactid",
      "properties": {
        "ancient_name_grc": "Βασίλειον τοῦ Κιμμερικοῦ Βοσπόρου",
        "chronology_basis": "political_phase",
        "collections": [
          "kingdom"
        ],
        "country_iso2": "UA",
        "country_iso3": "UKR",
        "date_label_el": "480 π.Χ.–438 π.Χ.",
        "date_label_en": "480 BCE–438 BCE",
        "description_el": "Πρώιμη μοναρχική ενοποίηση ελληνικών πόλεων γύρω από τον πορθμό του Κερτς, μέσα σε μικτό ελληνοσκυθικό περιβάλλον.",
        "description_en": "Early monarchical unification of Greek cities around the strait of Kerch, in a mixed Greco-Scythian environment.",
        "end_year": -438,
        "entity_class": "polity",
        "entity_id": "kingdom-bosporus-archaeanactid",
        "entity_subtype": "kingdom",
        "external_links": [],
        "geometry_role": "representative_center",
        "location_certainty": "high",
        "modern_country_el": "Ουκρανία",
        "modern_country_en": "Ukraine",
        "modern_locality": null,
        "name_el": "Βασίλειο του Κιμμερίου Βοσπόρου — Αρχαιανακτίδες",
        "name_en": "Bosporan Kingdom — Archaeanactid Phase",
        "record_confidence": "high",
        "review_state": "reviewed",
        "source_id": "src-iranicaonline-4a607235e191",
        "spatial_note_el": "Το σημείο αποδίδει το Παντικάπαιον ως πρωτεύουσα, όχι το δίκτυο πόλεων και εδαφών· τα πολύγωνα θα τηρούνται χωριστά. Η αναφορά στην Κριμαία δεν δηλώνει θέση περί σύγχρονης κυριαρχίας.",
        "spatial_note_en": "The point marks Pantikapaion, Kerch as a representative centre; it does not represent the polity's territorial extent.",
        "start_year": -480
      },
      "type": "Feature"
    },
    {
      "geometry": {
        "coordinates": [
          36.47,
          45.3507
        ],
        "type": "Point"
      },
      "id": "kingdom-bosporus-mithridatic",
      "properties": {
        "ancient_name_grc": "Βασίλειον τοῦ Κιμμερικοῦ Βοσπόρου",
        "chronology_basis": "political_phase",
        "collections": [
          "kingdom"
        ],
        "country_iso2": "UA",
        "country_iso3": "UKR",
        "date_label_el": "107 π.Χ.–63 π.Χ.",
        "date_label_en": "107 BCE–63 BCE",
        "description_el": "Ο Βόσπορος εντάχθηκε στη σφαίρα του Μιθριδάτη ΣΤ΄ και διοικήθηκε από μέλη ή αντιπροσώπους του ποντιακού οίκου έως την εξέγερση του Φαρνάκη.",
        "description_en": "Bosphorus was included in the sphere of Mithridates VI and was ruled by members or representatives of the Pontic house until the Pharnakes revolt.",
        "end_year": -63,
        "entity_class": "polity",
        "entity_id": "kingdom-bosporus-mithridatic",
        "entity_subtype": "dynastic_phase",
        "external_links": [],
        "geometry_role": "representative_center",
        "location_certainty": "high",
        "modern_country_el": "Ουκρανία",
        "modern_country_en": "Ukraine",
        "modern_locality": null,
        "name_el": "Βασίλειο του Κιμμερίου Βοσπόρου — Μιθριδατική φάση",
        "name_en": "Bosporan Kingdom — Mithridatic Phase",
        "record_confidence": "high",
        "review_state": "reviewed",
        "source_id": "src-iranicaonline-4a607235e191",
        "spatial_note_el": "Το σημείο αποδίδει το Παντικάπαιον ως πρωτεύουσα, όχι την ποντιακή ή βοσποριανή επικράτεια· τα πολύγωνα θα τηρούνται χωριστά. Η σύγχρονη κυριαρχία στην Κριμαία δεν υπονοείται.",
        "spatial_note_en": "The point marks Pantikapaion, Kerch as a representative centre; it does not represent the polity's territorial extent.",
        "start_year": -107
      },
      "type": "Feature"
    },
    {
      "geometry": {
        "coordinates": [
          36.47,
          45.3507
        ],
        "type": "Point"
      },
      "id": "kingdom-bosporus-spartocid",
      "properties": {
        "ancient_name_grc": "Βασίλειον τοῦ Κιμμερικοῦ Βοσπόρου",
        "chronology_basis": "political_phase",
        "collections": [
          "kingdom"
        ],
        "country_iso2": "UA",
        "country_iso3": "UKR",
        "date_label_el": "438 π.Χ.–107 π.Χ.",
        "date_label_en": "438 BCE–107 BCE",
        "description_el": "Μακρόβια ελληνοσκυθική μοναρχία με πρωτεύουσα το Παντικάπαιον και ισχυρό εμπόριο σιτηρών με το Αιγαίο· οι άρχοντες έφεραν διαφορετικούς τίτλους για ελληνικούς και μη ελληνικούς πληθυσμούς.",
        "description_en": "Long-lived Greco-Scythian monarchy with capital at Panticapaion and strong grain trade with the Aegean; lords bore different titles for Greek and non-Greek populations.",
        "end_year": -107,
        "entity_class": "polity",
        "entity_id": "kingdom-bosporus-spartocid",
        "entity_subtype": "kingdom",
        "external_links": [],
        "geometry_role": "representative_center",
        "location_certainty": "high",
        "modern_country_el": "Ουκρανία",
        "modern_country_en": "Ukraine",
        "modern_locality": null,
        "name_el": "Βασίλειο του Κιμμερίου Βοσπόρου — Σπαρτοκίδες",
        "name_en": "Bosporan Kingdom — Spartocid Phase",
        "record_confidence": "high",
        "review_state": "reviewed",
        "source_id": "src-encyclopediaofukraine-237e86aa1350",
        "spatial_note_el": "Το σημείο αποδίδει την πρωτεύουσα Παντικάπαιον, όχι τα μεταβαλλόμενα εδάφη σε Κριμαία και Ταμάν· τα πολύγωνα θα είναι χωριστά. Η σύγχρονη κυριαρχία δεν υπονοείται.",
        "spatial_note_en": "The point marks Pantikapaion, Kerch as a representative centre; it does not represent the polity's territorial extent.",
        "start_year": -438
      },
      "type": "Feature"
    },
    {
      "geometry": {
        "coordinates": [
          35.4875,
          38.7225
        ],
        "type": "Point"
      },
      "id": "kingdom-cappadocia-ariarathid",
      "properties": {
        "ancient_name_grc": "Καππαδοκία",
        "chronology_basis": "political_phase",
        "collections": [
          "kingdom"
        ],
        "country_iso2": "TR",
        "country_iso3": "TUR",
        "date_label_el": "331 π.Χ.–96 π.Χ.",
        "date_label_en": "331 BCE–96 BCE",
        "description_el": "Ιρανικής καταγωγής δυναστεία σε ελληνιστικό πολιτικό και πολιτισμικό περιβάλλον· η συνέχεια γνώρισε διακοπές, επεμβάσεις Σελευκιδών και Ποντίων και αμφισβητούμενες διαδοχές.",
        "description_en": "A dynasty of Iranian origin in a Hellenistic political and cultural environment; succession experienced interruptions, Seleucid and Pontic interventions, and disputed successions.",
        "end_year": -96,
        "entity_class": "polity",
        "entity_id": "kingdom-cappadocia-ariarathid",
        "entity_subtype": "kingdom",
        "external_links": [],
        "geometry_role": "representative_center",
        "location_certainty": "high",
        "modern_country_el": "Τουρκία",
        "modern_country_en": "Turkey",
        "modern_locality": null,
        "name_el": "Βασίλειο της Καππαδοκίας των Αριαραθιδών",
        "name_en": "Ariarathid Kingdom of Cappadocia",
        "record_confidence": "high",
        "review_state": "reviewed",
        "source_id": "src-iranicaonline-0624b0b64cf3",
        "spatial_note_el": "Το σημείο αποδίδει τη Μάζακα ως βασιλικό κέντρο, όχι την επικράτεια ή όλες τις μετακινήσεις της αυλής· τα εδαφικά πολύγωνα θα τηρούνται χωριστά.",
        "spatial_note_en": "The point marks Mazaca as a representative centre; it does not represent the polity's territorial extent.",
        "start_year": -331
      },
      "type": "Feature"
    },
    {
      "geometry": {
        "coordinates": [
          35.4875,
          38.7225
        ],
        "type": "Point"
      },
      "id": "kingdom-cappadocia-late-client",
      "properties": {
        "ancient_name_grc": "Καππαδοκία",
        "chronology_basis": "political_phase",
        "collections": [
          "kingdom"
        ],
        "country_iso2": "TR",
        "country_iso3": "TUR",
        "date_label_el": "95 π.Χ.–17 μ.Χ.",
        "date_label_en": "95 BCE–17 CE",
        "description_el": "Υστεροελληνιστική και ρωμαϊκή πελατειακή φάση, με επανειλημμένες εκθρονίσεις και αποκαταστάσεις, έως την προσάρτηση από τον Τιβέριο το 17 μ.Χ.",
        "description_en": "Late Hellenistic and Roman client phase, with repeated dethronements and restorations, until the annexation by Tiberius in 17 AD.",
        "end_year": 17,
        "entity_class": "polity",
        "entity_id": "kingdom-cappadocia-late-client",
        "entity_subtype": "client_kingdom",
        "external_links": [],
        "geometry_role": "representative_center",
        "location_certainty": "high",
        "modern_country_el": "Τουρκία",
        "modern_country_en": "Turkey",
        "modern_locality": null,
        "name_el": "Ύστερο Βασίλειο της Καππαδοκίας",
        "name_en": "Late Kingdom of Cappadocia",
        "record_confidence": "medium",
        "review_state": "reviewed",
        "source_id": "src-iranicaonline-0624b0b64cf3",
        "spatial_note_el": "Το σημείο αποδίδει τη Μάζακα ως κύριο βασιλικό κέντρο, όχι την εδαφική έκταση· οι διακοπές και μεταβολές κυριαρχίας χρειάζονται ξεχωριστές χρονικές φάσεις και πολύγωνα.",
        "spatial_note_en": "The point marks Mazaca as a representative centre; it does not represent the polity's territorial extent.",
        "start_year": -95
      },
      "type": "Feature"
    },
    {
      "geometry": {
        "coordinates": [
          38.5008,
          37.5451
        ],
        "type": "Point"
      },
      "id": "kingdom-commagene",
      "properties": {
        "ancient_name_grc": "Κομμαγηνή",
        "chronology_basis": "political_phase",
        "collections": [
          "kingdom"
        ],
        "country_iso2": "TR",
        "country_iso3": "TUR",
        "date_label_el": "163 π.Χ.–72 μ.Χ.",
        "date_label_en": "163 BCE–72 CE",
        "description_el": "Μικρό ελληνιστικό βασίλειο με ελληνικές, ιρανικές και αρμενικές παραδόσεις. Η ανεξαρτησία διακόπηκε το 17–38 μ.Χ. πριν από την οριστική ρωμαϊκή προσάρτηση.",
        "description_en": "A small Hellenistic kingdom combining Greek, Iranian and Armenian traditions. Its independence was interrupted in 17–38 CE before final Roman annexation.",
        "end_year": 72,
        "entity_class": "polity",
        "entity_id": "kingdom-commagene",
        "entity_subtype": "kingdom",
        "external_links": [],
        "geometry_role": "representative_center",
        "location_certainty": "high",
        "modern_country_el": "Τουρκία",
        "modern_country_en": "Turkey",
        "modern_locality": null,
        "name_el": "Βασίλειο της Κομμαγηνής",
        "name_en": "Kingdom of Commagene",
        "record_confidence": "medium",
        "review_state": "reviewed",
        "source_id": "src-whc-758c2c416617",
        "spatial_note_el": "Το σημείο αποδίδει τη Σαμόσατα, σήμερα σε μεγάλο βαθμό κατακλυσμένη, ως πρωτεύουσα· η επικράτεια και η διακοπή του 17–38 μ.Χ. θα αποδοθούν χωριστά.",
        "spatial_note_en": "The point marks Samosata as a representative centre; it does not represent the polity's territorial extent.",
        "start_year": -163
      },
      "type": "Feature"
    },
    {
      "geometry": {
        "coordinates": [
          21.8583,
          32.825
        ],
        "type": "Point"
      },
      "id": "kingdom-cyrene-battiad",
      "properties": {
        "ancient_name_grc": "Κυρήνη",
        "chronology_basis": "political_phase",
        "collections": [
          "kingdom"
        ],
        "country_iso2": "LY",
        "country_iso3": "LBY",
        "date_label_el": "631 π.Χ.–440 π.Χ.",
        "date_label_en": "631 BCE–440 BCE",
        "description_el": "Ελληνική αποικιακή μοναρχία που ιδρύθηκε από Θηραίους και εξελίχθηκε σε σημαντικό κέντρο της Κυρηναϊκής μέχρι την κατάργηση της δυναστείας.",
        "description_en": "Greek colonial monarchy founded by Theraeans and developed into an important center of Cyrenaica until the abolition of the dynasty.",
        "end_year": -440,
        "entity_class": "polity",
        "entity_id": "kingdom-cyrene-battiad",
        "entity_subtype": "kingdom",
        "external_links": [],
        "geometry_role": "representative_center",
        "location_certainty": "high",
        "modern_country_el": "Λιβύη",
        "modern_country_en": "Libya",
        "modern_locality": null,
        "name_el": "Βασίλειο της Κυρήνης των Βαττιαδών",
        "name_en": "Battiad Kingdom of Cyrene",
        "record_confidence": "high",
        "review_state": "reviewed",
        "source_id": "src-whc-52a1efeb60e3",
        "spatial_note_el": "Το σημείο αποδίδει την πόλη-πρωτεύουσα Κυρήνη, όχι το σύνολο της Κυρηναϊκής· τα εδαφικά πολύγωνα θα τηρούνται σε ξεχωριστό GeoJSON.",
        "spatial_note_en": "The point marks Cyrene as a representative centre; it does not represent the polity's territorial extent.",
        "start_year": -631
      },
      "type": "Feature"
    },
    {
      "geometry": {
        "coordinates": [
          21.8583,
          32.825
        ],
        "type": "Point"
      },
      "id": "kingdom-cyrene-magas",
      "properties": {
        "ancient_name_grc": "Κυρήνη",
        "chronology_basis": "political_phase",
        "collections": [
          "kingdom"
        ],
        "country_iso2": "LY",
        "country_iso3": "LBY",
        "date_label_el": "276 π.Χ.–250 π.Χ.",
        "date_label_en": "276 BCE–250 BCE",
        "description_el": "Ο Μάγας, αρχικά πτολεμαϊκός διοικητής, αναγνωρίστηκε ως βασιλιάς της Κυρήνης και διατήρησε ουσιαστική αυτονομία έως τον θάνατό του.",
        "description_en": "Magas, originally a Ptolemaic commander, was recognized as king of Cyrene and retained substantial autonomy until his death.",
        "end_year": -250,
        "entity_class": "polity",
        "entity_id": "kingdom-cyrene-magas",
        "entity_subtype": "kingdom",
        "external_links": [],
        "geometry_role": "representative_center",
        "location_certainty": "high",
        "modern_country_el": "Λιβύη",
        "modern_country_en": "Libya",
        "modern_locality": null,
        "name_el": "Βασίλειο της Κυρήνης του Μάγα",
        "name_en": "Kingdom of Cyrene under Magas",
        "record_confidence": "high",
        "review_state": "reviewed",
        "source_id": "src-persee-a9866e5e43d7",
        "spatial_note_el": "Το σημείο αποδίδει την πόλη Κυρήνη ως βασιλικό κέντρο, όχι ολόκληρη την Κυρηναϊκή· η σχέση εξάρτησης από την Αίγυπτο και τα εδάφη χρειάζονται χωριστές φάσεις.",
        "spatial_note_en": "The point marks Cyrene as a representative centre; it does not represent the polity's territorial extent.",
        "start_year": -276
      },
      "type": "Feature"
    },
    {
      "geometry": {
        "coordinates": [
          20.7877,
          39.5465
        ],
        "type": "Point"
      },
      "id": "kingdom-epirus-aeacid",
      "properties": {
        "ancient_name_grc": "Μολοσσοί / Ἤπειρος",
        "chronology_basis": "political_phase",
        "collections": [
          "kingdom"
        ],
        "country_iso2": "GR",
        "country_iso3": "GRC",
        "date_label_el": "390 π.Χ.–231 π.Χ.",
        "date_label_en": "390 BCE–231 BCE",
        "description_el": "Η μολοσσική δυναστεία διαμόρφωσε ευρύτερο ηπειρωτικό βασίλειο και έφθασε σε μεγάλη ακμή με τον Πύρρο· η μοναρχία καταργήθηκε το 231 π.Χ.",
        "description_en": "The Molossian dynasty formed a wider continental kingdom and reached its height under Pyrrhus; the monarchy was abolished in 231 BC.",
        "end_year": -231,
        "entity_class": "polity",
        "entity_id": "kingdom-epirus-aeacid",
        "entity_subtype": "kingdom",
        "external_links": [],
        "geometry_role": "representative_center",
        "location_certainty": "high",
        "modern_country_el": "Ελλάδα",
        "modern_country_en": "Greece",
        "modern_locality": null,
        "name_el": "Βασίλειο της Ηπείρου των Αιακιδών",
        "name_en": "Aeacid Kingdom of Epirus",
        "record_confidence": "high",
        "review_state": "reviewed",
        "source_id": "src-cambridge-96106a304cc6",
        "spatial_note_el": "Το σημείο αποδίδει τη Δωδώνη ως κύριο πολιτικό και θρησκευτικό κέντρο, όχι σταθερή πρωτεύουσα ή επικράτεια· τα πολύγωνα θα είναι ξεχωριστά.",
        "spatial_note_en": "The point marks Dodona as a representative centre; it does not represent the polity's territorial extent.",
        "start_year": -390
      },
      "type": "Feature"
    },
    {
      "geometry": {
        "coordinates": [
          66.9011,
          36.7679
        ],
        "type": "Point"
      },
      "id": "kingdom-greco-bactrian-diodotid",
      "properties": {
        "ancient_name_grc": "Βακτριανή",
        "chronology_basis": "political_phase",
        "collections": [
          "kingdom"
        ],
        "country_iso2": "AF",
        "country_iso3": "AFG",
        "date_label_el": "256 π.Χ.–235 π.Χ.",
        "date_label_en": "256 BCE–235 BCE",
        "description_el": "Ο σατράπης Διόδοτος αποσχίστηκε από τους Σελευκίδες στα μέσα του 3ου αιώνα π.Χ.· η ακριβής χρονολογία ανεξαρτησίας και διαδοχής προκύπτει κυρίως από νομίσματα.",
        "description_en": "The satrap Diodotus seceded from the Seleucids in the mid-3rd century BC; the exact date of independence and succession is derived mainly from coins.",
        "end_year": -235,
        "entity_class": "polity",
        "entity_id": "kingdom-greco-bactrian-diodotid",
        "entity_subtype": "dynastic_phase",
        "external_links": [],
        "geometry_role": "representative_center",
        "location_certainty": "high",
        "modern_country_el": "Αφγανιστάν",
        "modern_country_en": "Afghanistan",
        "modern_locality": null,
        "name_el": "Ελληνοβακτριανό Βασίλειο — Διοδοτίδες",
        "name_en": "Greco-Bactrian Kingdom — Diodotid Phase",
        "record_confidence": "high",
        "review_state": "reviewed",
        "source_id": "src-metmuseum-50fe20dc493f",
        "spatial_note_el": "Το σημείο αποδίδει τα Βάκτρα ως συμβατική πρωτεύουσα, όχι την ακριβή εδαφική έκταση της φάσης· τα πολύγωνα θα φέρουν χρονολογική και χωρική αβεβαιότητα.",
        "spatial_note_en": "The point marks Bactra as a representative centre; it does not represent the polity's territorial extent.",
        "start_year": -256
      },
      "type": "Feature"
    },
    {
      "geometry": {
        "coordinates": [
          66.9011,
          36.7679
        ],
        "type": "Point"
      },
      "id": "kingdom-greco-bactrian-eucratid",
      "properties": {
        "ancient_name_grc": "Βακτριανή",
        "chronology_basis": "political_phase",
        "collections": [
          "kingdom"
        ],
        "country_iso2": "AF",
        "country_iso3": "AFG",
        "date_label_el": "171 π.Χ.–130 π.Χ.",
        "date_label_en": "171 BCE–130 BCE",
        "description_el": "Ο Ευκρατίδης Α΄ κατέλαβε τη Βακτριανή και επεκτάθηκε προς την Ινδία· μετά τον θάνατό του το κράτος συρρικνώθηκε και η ελληνική εξουσία βόρεια του Ινδοκούς έληξε περίπου το 130 π.Χ.",
        "description_en": "Eucratides I seized Bactria and expanded toward India; after his death the state contracted, and Greek power north of the Hindu Kush ended around 130 BCE.",
        "end_year": -130,
        "entity_class": "polity",
        "entity_id": "kingdom-greco-bactrian-eucratid",
        "entity_subtype": "dynastic_phase",
        "external_links": [],
        "geometry_role": "representative_center",
        "location_certainty": "high",
        "modern_country_el": "Αφγανιστάν",
        "modern_country_en": "Afghanistan",
        "modern_locality": null,
        "name_el": "Ελληνοβακτριανό Βασίλειο — Ευκρατίδες",
        "name_en": "Greco-Bactrian Kingdom — Eucratid Phase",
        "record_confidence": "high",
        "review_state": "reviewed",
        "source_id": "src-iranicaonline-2bb61f112fc3",
        "spatial_note_el": "Το σημείο αποδίδει τα Βάκτρα ως κύριο κέντρο, όχι τα αβέβαια και γρήγορα μεταβαλλόμενα όρια· τα μελλοντικά πολύγωνα πρέπει να δηλώνουν βαθμό βεβαιότητας.",
        "spatial_note_en": "The point marks Bactra as a representative centre; it does not represent the polity's territorial extent.",
        "start_year": -171
      },
      "type": "Feature"
    },
    {
      "geometry": {
        "coordinates": [
          66.9011,
          36.7679
        ],
        "type": "Point"
      },
      "id": "kingdom-greco-bactrian-euthydemid",
      "properties": {
        "ancient_name_grc": "Βακτριανή",
        "chronology_basis": "political_phase",
        "collections": [
          "kingdom"
        ],
        "country_iso2": "AF",
        "country_iso3": "AFG",
        "date_label_el": "235 π.Χ.–171 π.Χ.",
        "date_label_en": "235 BCE–171 BCE",
        "description_el": "Ο Ευθύδημος κατέλαβε τη Βακτριανή και αναγνωρίστηκε από τον Αντίοχο Γ΄· από τον οίκο του συνδέεται η επέκταση νότια του Ινδοκούς.",
        "description_en": "Euthydemus seized Bactria and was recognized by Antiochus III; expansion south of the Hindu Kush is associated with his dynasty.",
        "end_year": -171,
        "entity_class": "polity",
        "entity_id": "kingdom-greco-bactrian-euthydemid",
        "entity_subtype": "dynastic_phase",
        "external_links": [],
        "geometry_role": "representative_center",
        "location_certainty": "high",
        "modern_country_el": "Αφγανιστάν",
        "modern_country_en": "Afghanistan",
        "modern_locality": null,
        "name_el": "Ελληνοβακτριανό Βασίλειο — Ευθυδημίδες",
        "name_en": "Greco-Bactrian Kingdom — Euthydemid Phase",
        "record_confidence": "high",
        "review_state": "reviewed",
        "source_id": "src-iranicaonline-d4697d4d5c1a",
        "spatial_note_el": "Το σημείο αποδίδει τα Βάκτρα ως κύριο κέντρο, όχι μία αμετάβλητη επικράτεια· οι ανατολικές και ινδικές επεκτάσεις θα αποδοθούν με ξεχωριστά πολύγωνα.",
        "spatial_note_en": "The point marks Bactra as a representative centre; it does not represent the polity's territorial extent.",
        "start_year": -235
      },
      "type": "Feature"
    },
    {
      "geometry": {
        "coordinates": [
          72.8152,
          33.7457
        ],
        "type": "Point"
      },
      "id": "kingdom-indo-greek-early",
      "properties": {
        "ancient_name_grc": null,
        "chronology_basis": "political_phase",
        "collections": [
          "kingdom"
        ],
        "country_iso2": "PK",
        "country_iso3": "PAK",
        "date_label_el": "200 π.Χ.–165 π.Χ.",
        "date_label_en": "200 BCE–165 BCE",
        "description_el": "Η ελληνική εξουσία πέρασε νότια του Ινδοκούς υπό τον Δημήτριο και συγγενείς ηγεμόνες. Η αλληλουχία και η έκταση ανασυντίθενται κυρίως από νομισματικά δεδομένα.",
        "description_en": "Greek power extended south of the Hindu Kush under Demetrius and related rulers. Its sequence and extent are reconstructed chiefly from numismatic evidence.",
        "end_year": -165,
        "entity_class": "polity",
        "entity_id": "kingdom-indo-greek-early",
        "entity_subtype": "dynastic_phase",
        "external_links": [],
        "geometry_role": "representative_center",
        "location_certainty": "high",
        "modern_country_el": "Πακιστάν",
        "modern_country_en": "Pakistan",
        "modern_locality": null,
        "name_el": "Πρώιμο Ινδοελληνικό Βασίλειο",
        "name_en": "Early Indo-Greek Kingdom",
        "record_confidence": "medium",
        "review_state": "reviewed",
        "source_id": "src-iranicaonline-612dff96c99c",
        "spatial_note_el": "Το σημείο αποδίδει την Τάξιλα ως κύριο αστικό και νομισματικό κέντρο, όχι βέβαιη μοναδική πρωτεύουσα ή ενιαία επικράτεια· τα πολύγωνα θα είναι υποθετικά.",
        "spatial_note_en": "The point marks Taxila as a representative centre; it does not represent the polity's territorial extent.",
        "start_year": -200
      },
      "type": "Feature"
    },
    {
      "geometry": {
        "coordinates": [
          72.8152,
          33.7457
        ],
        "type": "Point"
      },
      "id": "kingdom-indo-greek-late",
      "properties": {
        "ancient_name_grc": null,
        "chronology_basis": "political_phase",
        "collections": [
          "kingdom"
        ],
        "country_iso2": "PK",
        "country_iso3": "PAK",
        "date_label_el": "130 π.Χ.–10 μ.Χ.",
        "date_label_en": "130 BCE–10 CE",
        "description_el": "Συμβατική συγκεντρωτική εγγραφή για πολλά παράλληλα και ανταγωνιστικά βασίλεια, γνωστά κυρίως από νομίσματα· δεν πρέπει να ερμηνευθεί ως ενιαίο κράτος.",
        "description_en": "Conventional collective record for several parallel and competing kingdoms, known mainly from coins; not to be interpreted as a single state.",
        "end_year": 10,
        "entity_class": "polity",
        "entity_id": "kingdom-indo-greek-late",
        "entity_subtype": "aggregate_polities",
        "external_links": [],
        "geometry_role": "representative_center",
        "location_certainty": "high",
        "modern_country_el": "Πακιστάν",
        "modern_country_en": "Pakistan",
        "modern_locality": null,
        "name_el": "Ύστερα Ινδοελληνικά Βασίλεια",
        "name_en": "Late Indo-Greek Kingdoms",
        "record_confidence": "medium",
        "review_state": "reviewed",
        "source_id": "src-iranicaonline-612dff96c99c",
        "spatial_note_el": "Το σημείο αποδίδει την Τάξιλα ως ένα από τα σημαντικότερα κέντρα και όχι κοινή πρωτεύουσα· απαιτούνται στο μέλλον επιμέρους εγγραφές και επικαλυπτόμενα πολύγωνα.",
        "spatial_note_en": "The point marks Taxila as a representative centre; it does not represent the polity's territorial extent.",
        "start_year": -130
      },
      "type": "Feature"
    },
    {
      "geometry": {
        "coordinates": [
          74.5229,
          32.4945
        ],
        "type": "Point"
      },
      "id": "kingdom-indo-greek-menandrid",
      "properties": {
        "ancient_name_grc": null,
        "chronology_basis": "political_phase",
        "collections": [
          "kingdom"
        ],
        "country_iso2": "PK",
        "country_iso3": "PAK",
        "date_label_el": "165 π.Χ.–130 π.Χ.",
        "date_label_en": "165 BCE–130 BCE",
        "description_el": "Ο Μένανδρος Α΄ ήταν ο σημαντικότερος ινδοέλληνας ηγεμόνας και είναι γνωστός από άφθονη δίγλωσση νομισματοκοπία και ινδική λογοτεχνική παράδοση.",
        "description_en": "Menander I was the most important Indo-Greek ruler and is known from abundant bilingual coinage and Indian literary tradition.",
        "end_year": -130,
        "entity_class": "polity",
        "entity_id": "kingdom-indo-greek-menandrid",
        "entity_subtype": "dynastic_phase",
        "external_links": [],
        "geometry_role": "representative_center",
        "location_certainty": "high",
        "modern_country_el": "Πακιστάν",
        "modern_country_en": "Pakistan",
        "modern_locality": null,
        "name_el": "Ινδοελληνικό Βασίλειο του Μενάνδρου",
        "name_en": "Indo-Greek Kingdom — Menander Phase",
        "record_confidence": "high",
        "review_state": "reviewed",
        "source_id": "src-iranicaonline-612dff96c99c",
        "spatial_note_el": "Το σημείο αποδίδει τη Σάγαλα, που ταυτίζεται συνήθως με τη Σιαλκότ, ως παραδοσιακή βασιλική έδρα· η ταύτιση και τα εδαφικά όρια δεν είναι απολύτως βέβαια.",
        "spatial_note_en": "The point marks Sagala as a representative centre; it does not represent the polity's territorial extent.",
        "start_year": -165
      },
      "type": "Feature"
    },
    {
      "geometry": {
        "coordinates": [
          22.8919,
          39.3619
        ],
        "type": "Point"
      },
      "id": "kingdom-iolcos-palatial",
      "properties": {
        "ancient_name_grc": "Ἰωλκός",
        "chronology_basis": "political_phase",
        "collections": [
          "kingdom"
        ],
        "country_iso2": "GR",
        "country_iso3": "GRC",
        "date_label_el": "1400 π.Χ.–1200 π.Χ.",
        "date_label_en": "1400 BCE–1200 BCE",
        "description_el": "Το ανάκτορο στο Διμήνι είναι το μοναδικό γνωστό μυκηναϊκό ανακτορικό κέντρο της Θεσσαλίας και συνδέεται πιθανώς, όχι απολύτως, με την Ιωλκό.",
        "description_en": "The palace at Dimini is the only known Mycenaean palatial centre in Thessaly and is probably, though not conclusively, associated with Iolcos.",
        "end_year": -1200,
        "entity_class": "polity",
        "entity_id": "kingdom-iolcos-palatial",
        "entity_subtype": "palatial_state",
        "external_links": [],
        "geometry_role": "representative_center",
        "location_certainty": "high",
        "modern_country_el": "Ελλάδα",
        "modern_country_en": "Greece",
        "modern_locality": null,
        "name_el": "Ανακτορικό κράτος της Ιωλκού",
        "name_en": "Iolcos Palatial State",
        "record_confidence": "high",
        "review_state": "reviewed",
        "source_id": "src-odysseus-589898851f92",
        "spatial_note_el": "Το σημείο αποδίδει το ανάκτορο στο Διμήνι ως πιθανό κέντρο της Ιωλκού· δεν είναι εδαφικό πολύγωνο και η ταύτιση έχει βαθμό αβεβαιότητας.",
        "spatial_note_en": "The point marks Dimini as a representative centre; it does not represent the polity's territorial extent.",
        "start_year": -1400
      },
      "type": "Feature"
    },
    {
      "geometry": {
        "coordinates": [
          25.1614,
          35.2987
        ],
        "type": "Point"
      },
      "id": "kingdom-knossos-mycenaean",
      "properties": {
        "ancient_name_grc": "Κνωσός (Γραμμική Β: ko-no-so)",
        "chronology_basis": "political_phase",
        "collections": [
          "kingdom"
        ],
        "country_iso2": "GR",
        "country_iso3": "GRC",
        "date_label_el": "1450 π.Χ.–1375 π.Χ.",
        "date_label_en": "1450 BCE–1375 BCE",
        "description_el": "Η χρήση της ελληνικής Γραμμικής Β δείχνει μυκηναϊκή διοίκηση στην Κνωσό μετά περίπου το 1450 π.Χ.· η τελική χρονολόγηση του αρχείου παραμένει συζητήσιμη.",
        "description_en": "The use of Greek Linear B indicates Mycenaean administration at Knossos after about 1450 BCE; the final dating of the archive remains disputed.",
        "end_year": -1375,
        "entity_class": "polity",
        "entity_id": "kingdom-knossos-mycenaean",
        "entity_subtype": "palatial_state",
        "external_links": [],
        "geometry_role": "representative_center",
        "location_certainty": "high",
        "modern_country_el": "Ελλάδα",
        "modern_country_en": "Greece",
        "modern_locality": null,
        "name_el": "Μυκηναϊκή ανακτορική φάση της Κνωσού",
        "name_en": "Mycenaean Knossos Palatial State",
        "record_confidence": "high",
        "review_state": "reviewed",
        "source_id": "src-odysseus-9e3ae0cba911",
        "spatial_note_el": "Το σημείο αποδίδει το ανάκτορο της Κνωσού, όχι την έκταση της διοίκησής του στην Κρήτη· τα εδαφικά πολύγωνα θα είναι ξεχωριστά και θα φέρουν αβεβαιότητα.",
        "spatial_note_en": "The point marks Palace of Knossos as a representative centre; it does not represent the polity's territorial extent.",
        "start_year": -1450
      },
      "type": "Feature"
    },
    {
      "geometry": {
        "coordinates": [
          26.7508,
          40.5482
        ],
        "type": "Point"
      },
      "id": "kingdom-lysimachid",
      "properties": {
        "ancient_name_grc": "Βασιλεία Λυσιμάχου",
        "chronology_basis": "political_phase",
        "collections": [
          "kingdom"
        ],
        "country_iso2": "TR",
        "country_iso3": "TUR",
        "date_label_el": "306 π.Χ.–281 π.Χ.",
        "date_label_en": "306 BCE–281 BCE",
        "description_el": "Το βασίλειο του Διαδόχου Λυσιμάχου περιέλαβε τη Θράκη, τμήματα της Μικράς Ασίας και για λίγο τη Μακεδονία, πριν καταρρεύσει μετά το Κουροπέδιο.",
        "description_en": "The kingdom of the Successor Lysimachus included Thrace, parts of Asia Minor and briefly Macedonia before collapsing after the battle of Corupedium.",
        "end_year": -281,
        "entity_class": "polity",
        "entity_id": "kingdom-lysimachid",
        "entity_subtype": "kingdom",
        "external_links": [
          "https://pleiades.stoa.org/places/501458"
        ],
        "geometry_role": "representative_center",
        "location_certainty": "high",
        "modern_country_el": "Τουρκία",
        "modern_country_en": "Turkey",
        "modern_locality": null,
        "name_el": "Βασίλειο του Λυσιμάχου",
        "name_en": "Lysimachid Kingdom",
        "record_confidence": "high",
        "review_state": "reviewed",
        "source_id": "src-pleiades-501458",
        "spatial_note_el": "Το σημείο αποδίδει κατά προσέγγιση τη Λυσιμάχεια, ιδρυμένη ως βασιλική πρωτεύουσα· η θέση έχει χωρική αβεβαιότητα και τα εδάφη θα αποδοθούν σε ξεχωριστό GeoJSON.",
        "spatial_note_en": "The point marks Lysimachia as a representative centre; it does not represent the polity's territorial extent.",
        "start_year": -306
      },
      "type": "Feature"
    },
    {
      "geometry": {
        "coordinates": [
          22.526,
          40.7612
        ],
        "type": "Point"
      },
      "id": "kingdom-macedon-antigonid",
      "properties": {
        "ancient_name_grc": "Μακεδονία",
        "chronology_basis": "political_phase",
        "collections": [
          "kingdom"
        ],
        "country_iso2": "GR",
        "country_iso3": "GRC",
        "date_label_el": "277 π.Χ.–168 π.Χ.",
        "date_label_en": "277 BCE–168 BCE",
        "description_el": "Σταθεροποιήθηκε με τον Αντίγονο Β΄ Γονατά και έληξε με την ήττα του Περσέα στην Πύδνα και την κατάλυση της μοναρχίας από τη Ρώμη.",
        "description_en": "It was stabilized with Antigonus II Gonatas and ended with the defeat of Perseus at Pydna and the overthrow of the monarchy by Rome.",
        "end_year": -168,
        "entity_class": "polity",
        "entity_id": "kingdom-macedon-antigonid",
        "entity_subtype": "kingdom",
        "external_links": [],
        "geometry_role": "representative_center",
        "location_certainty": "high",
        "modern_country_el": "Ελλάδα",
        "modern_country_en": "Greece",
        "modern_locality": null,
        "name_el": "Βασίλειο της Μακεδονίας των Αντιγονιδών",
        "name_en": "Antigonid Kingdom of Macedon",
        "record_confidence": "high",
        "review_state": "reviewed",
        "source_id": "src-metmuseum-50fe20dc493f",
        "spatial_note_el": "Το σημείο αποδίδει την Πέλλα ως πρωτεύουσα, όχι την κυμαινόμενη μακεδονική επικράτεια· τα πολύγωνα θα αποθηκευθούν χωριστά ανά φάση.",
        "spatial_note_en": "The point marks Pella as a representative centre; it does not represent the polity's territorial extent.",
        "start_year": -277
      },
      "type": "Feature"
    },
    {
      "geometry": {
        "coordinates": [
          22.313,
          40.4811
        ],
        "type": "Point"
      },
      "id": "kingdom-macedon-argead",
      "properties": {
        "ancient_name_grc": "Μακεδονία / Μακεδόνων βασιλεία",
        "chronology_basis": "political_phase",
        "collections": [
          "kingdom"
        ],
        "country_iso2": "GR",
        "country_iso3": "GRC",
        "date_label_el": "700 π.Χ.–336 π.Χ.",
        "date_label_en": "700 BCE–336 BCE",
        "description_el": "Η δυναστεία ενοποίησε σταδιακά τη Μακεδονία· οι Αιγές ήταν η πρώτη πρωτεύουσα και δυναστικό κέντρο, ενώ η αυλή μεταφέρθηκε αργότερα στην Πέλλα.",
        "description_en": "The dynasty gradually unified Macedonia; Aigai was its first capital and dynastic centre, while the court later moved to Pella.",
        "end_year": -336,
        "entity_class": "polity",
        "entity_id": "kingdom-macedon-argead",
        "entity_subtype": "kingdom",
        "external_links": [],
        "geometry_role": "representative_center",
        "location_certainty": "high",
        "modern_country_el": "Ελλάδα",
        "modern_country_en": "Greece",
        "modern_locality": null,
        "name_el": "Βασίλειο της Μακεδονίας των Αργεαδών",
        "name_en": "Argead Kingdom of Macedon",
        "record_confidence": "high",
        "review_state": "reviewed",
        "source_id": "src-whc-fd006971700c",
        "spatial_note_el": "Το σημείο αποδίδει τις Αιγές ως πρώτη πρωτεύουσα και δυναστικό κέντρο, όχι τα μεταβαλλόμενα σύνορα της Μακεδονίας· τα πολύγωνα θα αποθηκευθούν χωριστά.",
        "spatial_note_en": "The point marks Aigai as a representative centre; it does not represent the polity's territorial extent.",
        "start_year": -700
      },
      "type": "Feature"
    },
    {
      "geometry": {
        "coordinates": [
          22.526,
          40.7612
        ],
        "type": "Point"
      },
      "id": "kingdom-macedon-kassandrid",
      "properties": {
        "ancient_name_grc": "Μακεδονία",
        "chronology_basis": "political_phase",
        "collections": [
          "kingdom"
        ],
        "country_iso2": "GR",
        "country_iso3": "GRC",
        "date_label_el": "305 π.Χ.–294 π.Χ.",
        "date_label_en": "305 BCE–294 BCE",
        "description_el": "Ο Κάσσανδρος έλαβε τον βασιλικό τίτλο το 305 π.Χ.· η δυναστική φάση έληξε όταν ο Δημήτριος Πολιορκητής κατέλαβε τη Μακεδονία.",
        "description_en": "Cassander received the royal title in 305 BC; the dynastic phase ended when Demetrius Poliorketis conquered Macedonia.",
        "end_year": -294,
        "entity_class": "polity",
        "entity_id": "kingdom-macedon-kassandrid",
        "entity_subtype": "kingdom",
        "external_links": [],
        "geometry_role": "representative_center",
        "location_certainty": "high",
        "modern_country_el": "Ελλάδα",
        "modern_country_en": "Greece",
        "modern_locality": null,
        "name_el": "Βασίλειο της Μακεδονίας των Κασσανδριδών",
        "name_en": "Kassandrid Kingdom of Macedon",
        "record_confidence": "high",
        "review_state": "reviewed",
        "source_id": "src-metmuseum-50fe20dc493f",
        "spatial_note_el": "Το σημείο αποδίδει την Πέλλα ως πρωτεύουσα, όχι τα σύνορα του βασιλείου· οι εδαφικές μεταβολές των πολέμων των Διαδόχων θα αποδοθούν σε ξεχωριστό GeoJSON.",
        "spatial_note_en": "The point marks Pella as a representative centre; it does not represent the polity's territorial extent.",
        "start_year": -305
      },
      "type": "Feature"
    },
    {
      "geometry": {
        "coordinates": [
          22.7562,
          37.7305
        ],
        "type": "Point"
      },
      "id": "kingdom-mycenae-palatial",
      "properties": {
        "ancient_name_grc": "Μυκῆναι",
        "chronology_basis": "political_phase",
        "collections": [
          "kingdom"
        ],
        "country_iso2": "GR",
        "country_iso3": "GRC",
        "date_label_el": "1600 π.Χ.–1100 π.Χ.",
        "date_label_en": "1600 BCE–1100 BCE",
        "description_el": "Κεντρικό ανακτορικό και διοικητικό κέντρο της Ύστερης Εποχής του Χαλκού. Ο όρος κράτος είναι αρχαιολογικό μοντέλο και όχι σωζόμενο επίσημο όνομα.",
        "description_en": "Central palatial and administrative center of the Late Bronze Age. The term state is an archaeological model and not a surviving official name.",
        "end_year": -1100,
        "entity_class": "polity",
        "entity_id": "kingdom-mycenae-palatial",
        "entity_subtype": "palatial_state",
        "external_links": [],
        "geometry_role": "representative_center",
        "location_certainty": "high",
        "modern_country_el": "Ελλάδα",
        "modern_country_en": "Greece",
        "modern_locality": null,
        "name_el": "Ανακτορικό κράτος των Μυκηνών",
        "name_en": "Mycenae Palatial State",
        "record_confidence": "high",
        "review_state": "reviewed",
        "source_id": "src-whc-6306f630553d",
        "spatial_note_el": "Το σημείο αποδίδει την ακρόπολη και το ανάκτορο των Μυκηνών, όχι την εδαφική έκταση· τα χρονοεξαρτώμενα εδαφικά πολύγωνα θα τηρούνται σε ξεχωριστό GeoJSON.",
        "spatial_note_en": "The point marks Mycenae as a representative centre; it does not represent the polity's territorial extent.",
        "start_year": -1600
      },
      "type": "Feature"
    },
    {
      "geometry": {
        "coordinates": [
          22.9794,
          38.4928
        ],
        "type": "Point"
      },
      "id": "kingdom-orchomenos-palatial",
      "properties": {
        "ancient_name_grc": "Ὀρχομενός",
        "chronology_basis": "political_phase",
        "collections": [
          "kingdom"
        ],
        "country_iso2": "GR",
        "country_iso3": "GRC",
        "date_label_el": "1400 π.Χ.–1200 π.Χ.",
        "date_label_en": "1400 BCE–1200 BCE",
        "description_el": "Πλούσιο μυκηναϊκό κέντρο της Κωπαΐδας με ανάκτορο και μνημειακό θολωτό τάφο· η σχέση του με τα έργα αποξήρανσης και τη Θήβα είναι αντικείμενο έρευνας.",
        "description_en": "Rich Mycenaean center of Kopaida with a palace and monumental vaulted tomb; its relationship to the drainage works and Thebes is under investigation.",
        "end_year": -1200,
        "entity_class": "polity",
        "entity_id": "kingdom-orchomenos-palatial",
        "entity_subtype": "palatial_state",
        "external_links": [],
        "geometry_role": "representative_center",
        "location_certainty": "high",
        "modern_country_el": "Ελλάδα",
        "modern_country_en": "Greece",
        "modern_locality": null,
        "name_el": "Ανακτορικό κράτος του Ορχομενού",
        "name_en": "Orchomenos Palatial State",
        "record_confidence": "high",
        "review_state": "reviewed",
        "source_id": "src-mthv-715d665b63b5",
        "spatial_note_el": "Το σημείο αποδίδει το ανακτορικό κέντρο του Ορχομενού, όχι υποθετική επικράτεια· τυχόν εδαφικά πολύγωνα θα δημοσιευθούν χωριστά.",
        "spatial_note_en": "The point marks Orchomenos of Boeotia as a representative centre; it does not represent the polity's territorial extent.",
        "start_year": -1400
      },
      "type": "Feature"
    },
    {
      "geometry": {
        "coordinates": [
          32.573,
          34.7084
        ],
        "type": "Point"
      },
      "id": "kingdom-paphos-cyprus",
      "properties": {
        "ancient_name_grc": "Πάφος",
        "chronology_basis": "political_phase",
        "collections": [
          "kingdom"
        ],
        "country_iso2": "CY",
        "country_iso3": "CYP",
        "date_label_el": "800 π.Χ.–312 π.Χ.",
        "date_label_en": "800 BCE–312 BCE",
        "description_el": "Αυτόνομο κυπριακό μικροκράτος με κέντρο την Παλαίπαφο και το ιερό της Αφροδίτης· η πρώιμη χρονολογία είναι συμβατική και αρχαιολογικά ευρεία.",
        "description_en": "Autonomous Cypriot microstate centered on Palaipafos and the sanctuary of Aphrodite; the early date is conventional and archaeologically broad.",
        "end_year": -312,
        "entity_class": "polity",
        "entity_id": "kingdom-paphos-cyprus",
        "entity_subtype": "city_kingdom",
        "external_links": [],
        "geometry_role": "representative_center",
        "location_certainty": "high",
        "modern_country_el": "Κύπρος",
        "modern_country_en": "Cyprus",
        "modern_locality": null,
        "name_el": "Πόλη-βασίλειο της Πάφου",
        "name_en": "City-Kingdom of Paphos",
        "record_confidence": "high",
        "review_state": "reviewed",
        "source_id": "src-websites-d5246844b076",
        "spatial_note_el": "Το σημείο αποδίδει την Παλαίπαφο ως αρχικό βασιλικό και λατρευτικό κέντρο, όχι την επικράτεια· τα εδαφικά πολύγωνα θα δημοσιευθούν χωριστά.",
        "spatial_note_en": "The point marks Palaepaphos (Kouklia) as a representative centre; it does not represent the polity's territorial extent.",
        "start_year": -800
      },
      "type": "Feature"
    },
    {
      "geometry": {
        "coordinates": [
          35.1517,
          42.0266
        ],
        "type": "Point"
      },
      "id": "kingdom-pontus-mithridatid",
      "properties": {
        "ancient_name_grc": "Βασιλεία τοῦ Πόντου",
        "chronology_basis": "political_phase",
        "collections": [
          "kingdom"
        ],
        "country_iso2": "TR",
        "country_iso3": "TUR",
        "date_label_el": "280 π.Χ.–63 π.Χ.",
        "date_label_en": "280 BCE–63 BCE",
        "description_el": "Ελληνοϊρανική μοναρχία της νότιας Μαύρης Θάλασσας, με ιδιαίτερη ακμή υπό τον Μιθριδάτη ΣΤ΄· η Σινώπη έγινε βασιλική πρωτεύουσα μετά την κατάκτησή της.",
        "description_en": "Greco-Iranian monarchy of the southern Black Sea, particularly flourishing under Mithridates VI; Sinope became the royal capital after its conquest.",
        "end_year": -63,
        "entity_class": "polity",
        "entity_id": "kingdom-pontus-mithridatid",
        "entity_subtype": "kingdom",
        "external_links": [],
        "geometry_role": "representative_center",
        "location_certainty": "high",
        "modern_country_el": "Τουρκία",
        "modern_country_en": "Turkey",
        "modern_locality": null,
        "name_el": "Βασίλειο του Πόντου",
        "name_en": "Kingdom of Pontus",
        "record_confidence": "high",
        "review_state": "reviewed",
        "source_id": "src-metmuseum-50fe20dc493f",
        "spatial_note_el": "Το σημείο αποδίδει τη Σινώπη ως κύρια ύστερη πρωτεύουσα και όχι την αρχική έδρα στην Αμάσεια ή τα μεταβαλλόμενα σύνορα· τα πολύγωνα θα είναι ξεχωριστά.",
        "spatial_note_en": "The point marks Sinope as a representative centre; it does not represent the polity's territorial extent.",
        "start_year": -280
      },
      "type": "Feature"
    },
    {
      "geometry": {
        "coordinates": [
          29.9187,
          31.2001
        ],
        "type": "Point"
      },
      "id": "kingdom-ptolemaic-egypt",
      "properties": {
        "ancient_name_grc": "Βασιλεία τῶν Πτολεμαίων",
        "chronology_basis": "political_phase",
        "collections": [
          "kingdom"
        ],
        "country_iso2": "EG",
        "country_iso3": "EGY",
        "date_label_el": "305 π.Χ.–30 π.Χ.",
        "date_label_en": "305 BCE–30 BCE",
        "description_el": "Ελληνιστική μακεδονική δυναστεία που κυβέρνησε την Αίγυπτο ως φαραωνική και μεσογειακή μοναρχία, με πρωτεύουσα την Αλεξάνδρεια, έως την Κλεοπάτρα Ζ΄.",
        "description_en": "Hellenistic Macedonian dynasty that ruled Egypt as a pharaonic and Mediterranean monarchy, with Alexandria as its capital, until Cleopatra VII.",
        "end_year": -30,
        "entity_class": "polity",
        "entity_id": "kingdom-ptolemaic-egypt",
        "entity_subtype": "kingdom",
        "external_links": [],
        "geometry_role": "representative_center",
        "location_certainty": "high",
        "modern_country_el": "Αίγυπτος",
        "modern_country_en": "Egypt",
        "modern_locality": null,
        "name_el": "Πτολεμαϊκό Βασίλειο της Αιγύπτου",
        "name_en": "Ptolemaic Kingdom of Egypt",
        "record_confidence": "high",
        "review_state": "reviewed",
        "source_id": "src-metmuseum-9200258a95cb",
        "spatial_note_el": "Το σημείο αποδίδει την Αλεξάνδρεια ως πρωτεύουσα, όχι τα υπερπόντια κτήματα και τις μεταβαλλόμενες κτήσεις· αυτά απαιτούν ξεχωριστά χρονολογημένα πολύγωνα.",
        "spatial_note_en": "The point marks Alexandria as a representative centre; it does not represent the polity's territorial extent.",
        "start_year": -305
      },
      "type": "Feature"
    },
    {
      "geometry": {
        "coordinates": [
          21.6956,
          37.0286
        ],
        "type": "Point"
      },
      "id": "kingdom-pylos-palatial",
      "properties": {
        "ancient_name_grc": "Πύλος",
        "chronology_basis": "political_phase",
        "collections": [
          "kingdom"
        ],
        "country_iso2": "GR",
        "country_iso3": "GRC",
        "date_label_el": "1450 π.Χ.–1180 π.Χ.",
        "date_label_en": "1450 BCE–1180 BCE",
        "description_el": "Το αρχείο της Γραμμικής Β τεκμηριώνει συγκεντρωτική ανακτορική διοίκηση στη δυτική Μεσσηνία πριν από την καταστροφή του ανακτόρου.",
        "description_en": "The Linear B archive documents centralized palatial administration in western Messenia before the palace was destroyed.",
        "end_year": -1180,
        "entity_class": "polity",
        "entity_id": "kingdom-pylos-palatial",
        "entity_subtype": "palatial_state",
        "external_links": [],
        "geometry_role": "representative_center",
        "location_certainty": "high",
        "modern_country_el": "Ελλάδα",
        "modern_country_en": "Greece",
        "modern_locality": null,
        "name_el": "Ανακτορικό κράτος της Πύλου",
        "name_en": "Pylos Palatial State",
        "record_confidence": "high",
        "review_state": "reviewed",
        "source_id": "src-odysseus-00e2d87ae4a8",
        "spatial_note_el": "Το σημείο αποδίδει το ανάκτορο στον Άνω Εγκλιανό, όχι το σύνολο της επικράτειας· τα εδαφικά πολύγωνα θα αποτελέσουν ξεχωριστό χρονολογημένο GeoJSON.",
        "spatial_note_en": "The point marks Palace of Nestor, Ano Eglianos as a representative centre; it does not represent the polity's territorial extent.",
        "start_year": -1450
      },
      "type": "Feature"
    },
    {
      "geometry": {
        "coordinates": [
          33.9014,
          35.1853
        ],
        "type": "Point"
      },
      "id": "kingdom-salamis-cyprus",
      "properties": {
        "ancient_name_grc": "Σαλαμίς",
        "chronology_basis": "political_phase",
        "collections": [
          "kingdom"
        ],
        "country_iso2": "CY",
        "country_iso3": "CYP",
        "date_label_el": "800 π.Χ.–311 π.Χ.",
        "date_label_en": "800 BCE–311 BCE",
        "description_el": "Μία από τις ισχυρότερες κυπριακές πόλεις-βασίλεια. Η έναρξη είναι ευρεία αρχαιολογική προσέγγιση και η μοναρχία καταργήθηκε με την πτολεμαϊκή ενοποίηση της Κύπρου.",
        "description_en": "One of the strongest Cypriot city-kingdoms. The beginning is a broad archaeological approach and the monarchy was abolished with the Ptolemaic unification of Cyprus.",
        "end_year": -311,
        "entity_class": "polity",
        "entity_id": "kingdom-salamis-cyprus",
        "entity_subtype": "city_kingdom",
        "external_links": [],
        "geometry_role": "representative_center",
        "location_certainty": "high",
        "modern_country_el": "Κύπρος",
        "modern_country_en": "Cyprus",
        "modern_locality": null,
        "name_el": "Πόλη-βασίλειο της Σαλαμίνας Κύπρου",
        "name_en": "City-Kingdom of Salamis, Cyprus",
        "record_confidence": "high",
        "review_state": "reviewed",
        "source_id": "src-uni-muenster-0a0030be4d2a",
        "spatial_note_el": "Το σημείο αποδίδει την αρχαία Σαλαμίνα ως βασιλικό κέντρο, όχι τα μεταβαλλόμενα όρια του βασιλείου· τα πολύγωνα θα αποθηκευθούν χωριστά.",
        "spatial_note_en": "The point marks Salamis, Cyprus as a representative centre; it does not represent the polity's territorial extent.",
        "start_year": -800
      },
      "type": "Feature"
    },
    {
      "geometry": {
        "coordinates": [
          36.1609,
          36.2021
        ],
        "type": "Point"
      },
      "id": "kingdom-seleucid",
      "properties": {
        "ancient_name_grc": "Βασιλεία τῶν Σελευκιδῶν",
        "chronology_basis": "political_phase",
        "collections": [
          "kingdom"
        ],
        "country_iso2": "TR",
        "country_iso3": "TUR",
        "date_label_el": "312 π.Χ.–63 π.Χ.",
        "date_label_en": "312 BCE–63 BCE",
        "description_el": "Το μεγαλύτερο ανατολικό κράτος των Διαδόχων, με δύο κύρια διοικητικά κέντρα, την Αντιόχεια και τη Σελεύκεια στον Τίγρη· η αρχή τοποθετείται στην ανάκτηση της Βαβυλώνας από τον Σέλευκο.",
        "description_en": "The largest eastern state of the Successors, with two main administrative centers, Antioch and Seleucia on the Tigris; the beginning is placed in the recovery of Babylon from Seleucus.",
        "end_year": -63,
        "entity_class": "polity",
        "entity_id": "kingdom-seleucid",
        "entity_subtype": "kingdom",
        "external_links": [],
        "geometry_role": "representative_center",
        "location_certainty": "high",
        "modern_country_el": "Τουρκία",
        "modern_country_en": "Turkey",
        "modern_locality": null,
        "name_el": "Σελευκιδικό Βασίλειο",
        "name_en": "Seleucid Empire",
        "record_confidence": "high",
        "review_state": "reviewed",
        "source_id": "src-metmuseum-31540f5687cf",
        "spatial_note_el": "Το σημείο αποδίδει την Αντιόχεια ως κύρια δυτική πρωτεύουσα, όχι ολόκληρη την αυτοκρατορία· η Σελεύκεια και οι εδαφικές φάσεις θα συνδεθούν με ξεχωριστά γεωμετρικά δεδομένα.",
        "spatial_note_en": "The point marks Antioch on the Orontes as a representative centre; it does not represent the polity's territorial extent.",
        "start_year": -312
      },
      "type": "Feature"
    },
    {
      "geometry": {
        "coordinates": [
          15.2926,
          37.0608
        ],
        "type": "Point"
      },
      "id": "kingdom-syracuse-agathocles",
      "properties": {
        "ancient_name_grc": "Συράκουσαι",
        "chronology_basis": "political_phase",
        "collections": [
          "kingdom"
        ],
        "country_iso2": "IT",
        "country_iso3": "ITA",
        "date_label_el": "304 π.Χ.–289 π.Χ.",
        "date_label_en": "304 BCE–289 BCE",
        "description_el": "Ο Αγαθοκλής, ήδη τύραννος των Συρακουσών, υιοθέτησε τον βασιλικό τίτλο στο πλαίσιο των ελληνιστικών μοναρχιών και κυβέρνησε μεγάλο μέρος της ελληνικής Σικελίας.",
        "description_en": "Agathocles, already tyrant of Syracuse, adopted the royal title in the context of Hellenistic monarchies and ruled a large part of Greek Sicily.",
        "end_year": -289,
        "entity_class": "polity",
        "entity_id": "kingdom-syracuse-agathocles",
        "entity_subtype": "kingdom",
        "external_links": [],
        "geometry_role": "representative_center",
        "location_certainty": "high",
        "modern_country_el": "Ιταλία",
        "modern_country_en": "Italy",
        "modern_locality": null,
        "name_el": "Βασίλειο των Συρακουσών του Αγαθοκλή",
        "name_en": "Kingdom of Syracuse under Agathocles",
        "record_confidence": "high",
        "review_state": "reviewed",
        "source_id": "src-britishmuseum-073d3f0a8ae4",
        "spatial_note_el": "Το σημείο αποδίδει τις Συρακούσες ως πρωτεύουσα, όχι όλες τις σικελικές και υπερπόντιες κτήσεις του Αγαθοκλή· τα πολύγωνα θα είναι ξεχωριστά ανά εκστρατευτική φάση.",
        "spatial_note_en": "The point marks Syracuse as a representative centre; it does not represent the polity's territorial extent.",
        "start_year": -304
      },
      "type": "Feature"
    },
    {
      "geometry": {
        "coordinates": [
          15.2926,
          37.0608
        ],
        "type": "Point"
      },
      "id": "kingdom-syracuse-hieron-ii",
      "properties": {
        "ancient_name_grc": "Συράκουσαι",
        "chronology_basis": "political_phase",
        "collections": [
          "kingdom"
        ],
        "country_iso2": "IT",
        "country_iso3": "ITA",
        "date_label_el": "269 π.Χ.–215 π.Χ.",
        "date_label_en": "269 BCE–215 BCE",
        "description_el": "Ο Ιέρων Β΄ εγκαθίδρυσε μακρόβια μοναρχία στις Συρακούσες και διατήρησε συμμαχία με τη Ρώμη· μετά τον θάνατό του ακολούθησε σύντομη κρίση και ρωμαϊκή κατάκτηση.",
        "description_en": "Hiero II established a long-lived monarchy in Syracuse and maintained an alliance with Rome; his death was followed by a brief crisis and Roman conquest.",
        "end_year": -215,
        "entity_class": "polity",
        "entity_id": "kingdom-syracuse-hieron-ii",
        "entity_subtype": "kingdom",
        "external_links": [],
        "geometry_role": "representative_center",
        "location_certainty": "high",
        "modern_country_el": "Ιταλία",
        "modern_country_en": "Italy",
        "modern_locality": null,
        "name_el": "Βασίλειο των Συρακουσών του Ιέρωνα Β΄",
        "name_en": "Kingdom of Syracuse under Hieron II",
        "record_confidence": "high",
        "review_state": "reviewed",
        "source_id": "src-britishmuseum-d101eb623c92",
        "spatial_note_el": "Το σημείο αποδίδει τις Συρακούσες ως πρωτεύουσα, όχι την ελεγχόμενη νοτιοανατολική Σικελία· τα εδαφικά πολύγωνα θα τηρούνται χωριστά.",
        "spatial_note_en": "The point marks Syracuse as a representative centre; it does not represent the polity's territorial extent.",
        "start_year": -269
      },
      "type": "Feature"
    },
    {
      "geometry": {
        "coordinates": [
          23.3189,
          38.325
        ],
        "type": "Point"
      },
      "id": "kingdom-thebes-palatial",
      "properties": {
        "ancient_name_grc": "Θῆβαι",
        "chronology_basis": "political_phase",
        "collections": [
          "kingdom"
        ],
        "country_iso2": "GR",
        "country_iso3": "GRC",
        "date_label_el": "1400 π.Χ.–1200 π.Χ.",
        "date_label_en": "1400 BCE–1200 BCE",
        "description_el": "Το Καδμείο ήταν ανακτορικό, διοικητικό και εργαστηριακό κέντρο με πινακίδες Γραμμικής Β· η ακριβής επικράτειά του παραμένει υπό συζήτηση.",
        "description_en": "The Kadmeion was a palatial, administrative and workshop centre with Linear B tablets; the precise extent of its territory remains debated.",
        "end_year": -1200,
        "entity_class": "polity",
        "entity_id": "kingdom-thebes-palatial",
        "entity_subtype": "palatial_state",
        "external_links": [],
        "geometry_role": "representative_center",
        "location_certainty": "high",
        "modern_country_el": "Ελλάδα",
        "modern_country_en": "Greece",
        "modern_locality": null,
        "name_el": "Ανακτορικό κράτος της Θήβας",
        "name_en": "Thebes Palatial State",
        "record_confidence": "high",
        "review_state": "reviewed",
        "source_id": "src-mthv-715d665b63b5",
        "spatial_note_el": "Το σημείο αποδίδει το ανακτορικό συγκρότημα στην Καδμεία, όχι τα όρια της θηβαϊκής εξουσίας· τα πολύγωνα θα είναι ξεχωριστά και χρονολογημένα.",
        "spatial_note_en": "The point marks Cadmeia, Thebes as a representative centre; it does not represent the polity's territorial extent.",
        "start_year": -1400
      },
      "type": "Feature"
    },
    {
      "geometry": {
        "coordinates": [
          22.8,
          37.6
        ],
        "type": "Point"
      },
      "id": "kingdom-tiryns-palatial",
      "properties": {
        "ancient_name_grc": "Τίρυνς",
        "chronology_basis": "political_phase",
        "collections": [
          "kingdom"
        ],
        "country_iso2": "GR",
        "country_iso3": "GRC",
        "date_label_el": "1600 π.Χ.–1050 π.Χ.",
        "date_label_en": "1600 BCE–1050 BCE",
        "description_el": "Ισχυρό οχυρωμένο ανακτορικό κέντρο της Αργολίδας, με ακμή κυρίως τον 14ο και 13ο αιώνα π.Χ. και συνέχιση κατοίκησης μετά την ανακτορική κατάρρευση.",
        "description_en": "Strong fortified palatial center of Argolis, with its heyday mainly in the 14th and 13th centuries BC. and continued habitation after the palatial collapse.",
        "end_year": -1050,
        "entity_class": "polity",
        "entity_id": "kingdom-tiryns-palatial",
        "entity_subtype": "palatial_state",
        "external_links": [],
        "geometry_role": "representative_center",
        "location_certainty": "high",
        "modern_country_el": "Ελλάδα",
        "modern_country_en": "Greece",
        "modern_locality": null,
        "name_el": "Ανακτορικό κράτος της Τίρυνθας",
        "name_en": "Tiryns Palatial State",
        "record_confidence": "high",
        "review_state": "reviewed",
        "source_id": "src-whc-6306f630553d",
        "spatial_note_el": "Το σημείο αποδίδει την οχυρωμένη ακρόπολη και το ανάκτορο της Τίρυνθας, όχι επικράτεια· τα εδαφικά πολύγωνα θα τηρούνται χωριστά.",
        "spatial_note_en": "The point marks Tiryns as a representative centre; it does not represent the polity's territorial extent.",
        "start_year": -1600
      },
      "type": "Feature"
    },
    {
      "geometry": {
        "coordinates": [
          23.53324757,
          37.75437629
        ],
        "type": "Point"
      },
      "id": "sanctuary-aegina-aphaia-sanctuary",
      "properties": {
        "ancient_name_grc": "Ἀφαίας ἱερόν",
        "chronology_basis": "cult_activity_window",
        "collections": [
          "sanctuary"
        ],
        "country_iso2": "GR",
        "country_iso3": "GRC",
        "date_label_el": "1300 π.Χ.–300 μ.Χ.",
        "date_label_en": "1300 BCE–300 CE",
        "description_el": "Κορυφαίο ιερό τοπικής θεότητας με μυκηναϊκές απαρχές και καλοδιατηρημένο δωρικό ναό των αρχών του 5ου αιώνα π.Χ.",
        "description_en": "A leading sanctuary of a local deity with Mycenaean beginnings and a well-preserved Doric temple from the early 5th century BC.",
        "end_year": 300,
        "entity_class": "sanctuary",
        "entity_id": "sanctuary-aegina-aphaia-sanctuary",
        "entity_subtype": "cult_place",
        "external_links": [
          "https://pleiades.stoa.org/places/579872"
        ],
        "geometry_role": "site",
        "location_certainty": "high",
        "modern_country_el": "Ελλάδα",
        "modern_country_en": "Greece",
        "modern_locality": "Agia Marina, Aegina",
        "name_el": "Ιερό της Αφαίας στην Αίγινα",
        "name_en": "Sanctuary of Aphaia on Aegina",
        "record_confidence": "high",
        "review_state": "reviewed",
        "source_id": "src-pleiades-579872",
        "spatial_note_el": null,
        "spatial_note_en": null,
        "start_year": -1300
      },
      "type": "Feature"
    },
    {
      "geometry": {
        "coordinates": [
          13.59207237,
          37.28965596
        ],
        "type": "Point"
      },
      "id": "sanctuary-akragas-concordia-temple-sanctuary",
      "properties": {
        "ancient_name_grc": null,
        "chronology_basis": "cult_activity_window",
        "collections": [
          "sanctuary"
        ],
        "country_iso2": "IT",
        "country_iso3": "ITA",
        "date_label_el": "440 π.Χ.–400 μ.Χ.",
        "date_label_en": "440 BCE–400 CE",
        "description_el": "Εξαιρετικά διατηρημένος δωρικός ναός στην ιερή ζώνη του Ακράγαντα· η συμβατική ονομασία «Ομόνοια» δεν αποδίδει βέβαιη αρχαία θεότητα.",
        "description_en": "An exceptionally well-preserved Doric temple in the sacred zone of Akragas; the conventional name ‘Concordia’ does not identify its ancient deity with certainty.",
        "end_year": 400,
        "entity_class": "sanctuary",
        "entity_id": "sanctuary-akragas-concordia-temple-sanctuary",
        "entity_subtype": "cult_place",
        "external_links": [
          "https://pleiades.stoa.org/places/943504072"
        ],
        "geometry_role": "site",
        "location_certainty": "medium",
        "modern_country_el": "Ιταλία",
        "modern_country_en": "Italy",
        "modern_locality": "Agrigento",
        "name_el": "Ναός της Ομόνοιας στον Ακράγαντα",
        "name_en": "Temple of Concordia at Akragas",
        "record_confidence": "medium",
        "review_state": "reviewed",
        "source_id": "src-pleiades-943504072",
        "spatial_note_el": null,
        "spatial_note_en": null,
        "start_year": -440
      },
      "type": "Feature"
    },
    {
      "geometry": {
        "coordinates": [
          29.896944,
          31.181944
        ],
        "type": "Point"
      },
      "id": "sanctuary-alexandria-serapeum",
      "properties": {
        "ancient_name_grc": "Σαραπεῖον",
        "chronology_basis": "cult_activity_window",
        "collections": [
          "sanctuary"
        ],
        "country_iso2": "EG",
        "country_iso3": "EGY",
        "date_label_el": "280 π.Χ.–391 μ.Χ.",
        "date_label_en": "280 BCE–391 CE",
        "description_el": "Μεγάλο πτολεμαϊκό και ρωμαϊκό ιερό του συγκρητικού θεού Σάραπι, καταστραμμένο στο πλαίσιο των θρησκευτικών συγκρούσεων του 391 μ.Χ.",
        "description_en": "A major Ptolemaic and Roman sanctuary of the syncretic god Sarapis, destroyed amid the religious conflicts of 391 CE.",
        "end_year": 391,
        "entity_class": "sanctuary",
        "entity_id": "sanctuary-alexandria-serapeum",
        "entity_subtype": "cult_place",
        "external_links": [
          "https://pleiades.stoa.org/places/182618516"
        ],
        "geometry_role": "site",
        "location_certainty": "high",
        "modern_country_el": "Αίγυπτος",
        "modern_country_en": "Egypt",
        "modern_locality": "Alexandria",
        "name_el": "Σεραπείο Αλεξάνδρειας",
        "name_en": "Serapeum of Alexandria",
        "record_confidence": "high",
        "review_state": "reviewed",
        "source_id": "src-pleiades-182618516",
        "spatial_note_el": null,
        "spatial_note_en": null,
        "start_year": -280
      },
      "type": "Feature"
    },
    {
      "geometry": {
        "coordinates": [
          22.45026506,
          37.03631128
        ],
        "type": "Point"
      },
      "id": "sanctuary-amyklaion-apollo-sanctuary",
      "properties": {
        "ancient_name_grc": "Ἀμύκλαι",
        "chronology_basis": "cult_activity_window",
        "collections": [
          "sanctuary"
        ],
        "country_iso2": "GR",
        "country_iso3": "GRC",
        "date_label_el": "800 π.Χ.–400 μ.Χ.",
        "date_label_en": "800 BCE–400 CE",
        "description_el": "Λακωνικό ιερό με κολοσσιαίο ξόανο του Απόλλωνα και τον περίτεχνο Θρόνο των Αμυκλών γύρω από τον τάφο του Υακίνθου.",
        "description_en": "A Laconian sanctuary with a colossal xoanon of Apollo and the elaborate Throne of Apollo at Amyclae surrounding the tomb of Hyakinthos.",
        "end_year": 400,
        "entity_class": "sanctuary",
        "entity_id": "sanctuary-amyklaion-apollo-sanctuary",
        "entity_subtype": "cult_place",
        "external_links": [
          "https://pleiades.stoa.org/places/73644851"
        ],
        "geometry_role": "site",
        "location_certainty": "high",
        "modern_country_el": "Ελλάδα",
        "modern_country_en": "Greece",
        "modern_locality": "Amykles",
        "name_el": "Αμυκλαίο",
        "name_en": "Amyklaion Sanctuary of Apollo",
        "record_confidence": "high",
        "review_state": "reviewed",
        "source_id": "src-pleiades-73644851",
        "spatial_note_el": null,
        "spatial_note_en": null,
        "start_year": -800
      },
      "type": "Feature"
    },
    {
      "geometry": {
        "coordinates": [
          28.72318902,
          37.70971883
        ],
        "type": "Point"
      },
      "id": "sanctuary-aphrodisias-aphrodite-sanctuary",
      "properties": {
        "ancient_name_grc": "Ἀφροδίτης ἱερόν",
        "chronology_basis": "cult_activity_window",
        "collections": [
          "sanctuary"
        ],
        "country_iso2": "TR",
        "country_iso3": "TUR",
        "date_label_el": "600 π.Χ.–500 μ.Χ.",
        "date_label_en": "600 BCE–500 CE",
        "description_el": "Η καρδιά της πόλης, με ελληνιστικό-ρωμαϊκό ιωνικό ναό και ιδιαίτερο λατρευτικό άγαλμα, μετατράπηκε σε εκκλησία γύρω στο 500 μ.Χ.",
        "description_en": "The heart of the city, with a Hellenistic-Roman Ionic temple and a special cult statue, was turned into a church around 500 AD.",
        "end_year": 500,
        "entity_class": "sanctuary",
        "entity_id": "sanctuary-aphrodisias-aphrodite-sanctuary",
        "entity_subtype": "cult_place",
        "external_links": [],
        "geometry_role": "site",
        "location_certainty": "high",
        "modern_country_el": "Τουρκία",
        "modern_country_en": "Turkey",
        "modern_locality": "Geyre",
        "name_el": "Ιερό της Αφροδίτης στην Αφροδισιάδα",
        "name_en": "Sanctuary of Aphrodite at Aphrodisias",
        "record_confidence": "high",
        "review_state": "reviewed",
        "source_id": "src-aphrodisias-excavations-68b8b8553e48",
        "spatial_note_el": null,
        "spatial_note_en": null,
        "start_year": -600
      },
      "type": "Feature"
    },
    {
      "geometry": {
        "coordinates": [
          27.6938,
          42.4261
        ],
        "type": "Point"
      },
      "id": "sanctuary-apollonia-pontica-apollo-ietros-sanctuary",
      "properties": {
        "ancient_name_grc": "Ἀπόλλων Ἰητρός",
        "chronology_basis": "cult_activity_window",
        "collections": [
          "sanctuary"
        ],
        "country_iso2": "BG",
        "country_iso3": "BGR",
        "date_label_el": "560 π.Χ.–72 π.Χ.",
        "date_label_en": "560 BCE–72 BCE",
        "description_el": "Κύρια πολιτειακή λατρεία της αποικίας, συνδεδεμένη με κολοσσιαίο χάλκινο άγαλμα· η ακριβής θέση του ναού στο νησί παραμένει υπό συζήτηση.",
        "description_en": "Main state cult of the colony, associated with a colossal bronze statue; the temple's exact location on the island remains debated.",
        "end_year": -72,
        "entity_class": "sanctuary",
        "entity_id": "sanctuary-apollonia-pontica-apollo-ietros-sanctuary",
        "entity_subtype": "cult_place",
        "external_links": [
          "https://pleiades.stoa.org/places/216706"
        ],
        "geometry_role": "proxy",
        "location_certainty": "medium",
        "modern_country_el": "Βουλγαρία",
        "modern_country_en": "Bulgaria",
        "modern_locality": "St. Kirik Island, Sozopol",
        "name_el": "Ιερό του Απόλλωνα Ιητρού στην Απολλωνία Ποντική",
        "name_en": "Sanctuary of Apollo Ietros at Apollonia Pontica",
        "record_confidence": "medium",
        "review_state": "reviewed",
        "source_id": "src-pleiades-216706",
        "spatial_note_el": "Το σημείο είναι προσεγγιστικός χωρικός δείκτης του ιερού μέσα στην αρχαία πόλη και όχι ανεξάρτητα αποτυπωμένο περίγραμμα του μνημείου.",
        "spatial_note_en": "The point is an approximate spatial marker for the sanctuary within the ancient settlement; it is not a surveyed footprint of the monument.",
        "start_year": -560
      },
      "type": "Feature"
    },
    {
      "geometry": {
        "coordinates": [
          22.77477164,
          37.69209411
        ],
        "type": "Point"
      },
      "id": "sanctuary-argive-heraion",
      "properties": {
        "ancient_name_grc": "Ἡραῖον τὸ Ἀργεῖον",
        "chronology_basis": "cult_activity_window",
        "collections": [
          "sanctuary"
        ],
        "country_iso2": "GR",
        "country_iso3": "GRC",
        "date_label_el": "800 π.Χ.–400 μ.Χ.",
        "date_label_en": "800 BCE–400 CE",
        "description_el": "Μείζον εξωαστικό ιερό της Ήρας για το Άργος και την Αργολίδα, με άνδηρα, ναούς, στοές και πλούσιες αναθήσεις.",
        "description_en": "A major extra-urban sanctuary of Hera serving Argos and Argolis, with terraces, temples, stoas and rich dedications.",
        "end_year": 400,
        "entity_class": "sanctuary",
        "entity_id": "sanctuary-argive-heraion",
        "entity_subtype": "cult_place",
        "external_links": [
          "https://pleiades.stoa.org/places/570289"
        ],
        "geometry_role": "site",
        "location_certainty": "high",
        "modern_country_el": "Ελλάδα",
        "modern_country_en": "Greece",
        "modern_locality": "Neo Ireo",
        "name_el": "Αργείο Ηραίο",
        "name_en": "Argive Heraion",
        "record_confidence": "high",
        "review_state": "reviewed",
        "source_id": "src-pleiades-570289",
        "spatial_note_el": null,
        "spatial_note_en": null,
        "start_year": -800
      },
      "type": "Feature"
    },
    {
      "geometry": {
        "coordinates": [
          23.7264385,
          37.97164709
        ],
        "type": "Point"
      },
      "id": "sanctuary-athens-acropolis-sacred-center",
      "properties": {
        "ancient_name_grc": "Ἀκρόπολις Ἀθηνῶν",
        "chronology_basis": "cult_activity_window",
        "collections": [
          "sanctuary"
        ],
        "country_iso2": "GR",
        "country_iso3": "GRC",
        "date_label_el": "1300 π.Χ.–529 μ.Χ.",
        "date_label_en": "1300 BCE–529 CE",
        "description_el": "Οχυρός βράχος που εξελίχθηκε σε κύριο ιερό κέντρο της Αθήνας, με Παρθενώνα, Ερέχθειο, Προπύλαια και πολλαπλά τεμένη.",
        "description_en": "A fortified rock that became Athens’ principal sacred centre, with the Parthenon, Erechtheion, Propylaia and multiple sacred precincts.",
        "end_year": 529,
        "entity_class": "sanctuary",
        "entity_id": "sanctuary-athens-acropolis-sacred-center",
        "entity_subtype": "cult_place",
        "external_links": [
          "https://pleiades.stoa.org/places/638356144"
        ],
        "geometry_role": "site",
        "location_certainty": "high",
        "modern_country_el": "Ελλάδα",
        "modern_country_en": "Greece",
        "modern_locality": "Athens",
        "name_el": "Ιερό κέντρο της Ακρόπολης Αθηνών",
        "name_en": "Sacred Center of the Athenian Acropolis",
        "record_confidence": "high",
        "review_state": "reviewed",
        "source_id": "src-pleiades-638356144",
        "spatial_note_el": null,
        "spatial_note_en": null,
        "start_year": -1300
      },
      "type": "Feature"
    },
    {
      "geometry": {
        "coordinates": [
          21.90032237,
          37.42964395
        ],
        "type": "Point"
      },
      "id": "sanctuary-bassae-apollo-epikourios",
      "properties": {
        "ancient_name_grc": "Βάσσαι",
        "chronology_basis": "cult_activity_window",
        "collections": [
          "sanctuary"
        ],
        "country_iso2": "GR",
        "country_iso3": "GRC",
        "date_label_el": "600 π.Χ.–400 μ.Χ.",
        "date_label_en": "600 BCE–400 CE",
        "description_el": "Ορεινό ιερό των Φιγαλείων με τον περίφημο ναό του 5ου αιώνα π.Χ., που συνδυάζει δωρικά, ιωνικά και κορινθιακά στοιχεία.",
        "description_en": "A mountain sanctuary of the Phigaleians with the celebrated fifth-century BCE temple combining Doric, Ionic and Corinthian elements.",
        "end_year": 400,
        "entity_class": "sanctuary",
        "entity_id": "sanctuary-bassae-apollo-epikourios",
        "entity_subtype": "cult_place",
        "external_links": [
          "https://pleiades.stoa.org/places/570148"
        ],
        "geometry_role": "site",
        "location_certainty": "high",
        "modern_country_el": "Ελλάδα",
        "modern_country_en": "Greece",
        "modern_locality": "Skliros",
        "name_el": "Ναός Επικουρίου Απόλλωνα στις Βάσσες",
        "name_en": "Temple of Apollo Epikourios at Bassae",
        "record_confidence": "high",
        "review_state": "reviewed",
        "source_id": "src-pleiades-570148",
        "spatial_note_el": null,
        "spatial_note_en": null,
        "start_year": -600
      },
      "type": "Feature"
    },
    {
      "geometry": {
        "coordinates": [
          23.99371274,
          37.92615476
        ],
        "type": "Point"
      },
      "id": "sanctuary-brauron-artemis-sanctuary",
      "properties": {
        "ancient_name_grc": "Βραυρών",
        "chronology_basis": "cult_activity_window",
        "collections": [
          "sanctuary"
        ],
        "country_iso2": "GR",
        "country_iso3": "GRC",
        "date_label_el": "800 π.Χ.–300 π.Χ.",
        "date_label_en": "800 BCE–300 BCE",
        "description_el": "Ιερό συνδεδεμένο με τη μετάβαση των κοριτσιών στην ενηλικίωση, γνωστό για τη στοά, τον ναό και τις τελετές των άρκτων. Η έναρξη εδώ αφορά την οργανωμένη λατρεία μετά το κενό που ακολούθησε την Εποχή του Χαλκού.",
        "description_en": "Sanctuary associated with the transition of girls to adulthood, known for its portico, temple and bear ceremonies. The beginning here concerns organized worship after the gap that followed the Bronze Age.",
        "end_year": -300,
        "entity_class": "sanctuary",
        "entity_id": "sanctuary-brauron-artemis-sanctuary",
        "entity_subtype": "cult_place",
        "external_links": [
          "https://pleiades.stoa.org/places/579879"
        ],
        "geometry_role": "site",
        "location_certainty": "high",
        "modern_country_el": "Ελλάδα",
        "modern_country_en": "Greece",
        "modern_locality": "Vravrona",
        "name_el": "Ιερό της Αρτέμιδος στη Βραυρώνα",
        "name_en": "Sanctuary of Artemis at Brauron",
        "record_confidence": "high",
        "review_state": "reviewed",
        "source_id": "src-pleiades-579879",
        "spatial_note_el": null,
        "spatial_note_en": null,
        "start_year": -800
      },
      "type": "Feature"
    },
    {
      "geometry": {
        "coordinates": [
          33.49116,
          44.61222
        ],
        "type": "Point"
      },
      "id": "sanctuary-chersonesos-parthenos-sanctuary",
      "properties": {
        "ancient_name_grc": "Παρθένου ἱερόν",
        "chronology_basis": "cult_activity_window",
        "collections": [
          "sanctuary"
        ],
        "country_iso2": "UA",
        "country_iso3": "UKR",
        "date_label_el": "400 π.Χ.–300 μ.Χ.",
        "date_label_en": "400 BCE–300 CE",
        "description_el": "Κεντρική πολιούχος λατρεία της Ταυρικής Χερσονήσου· το ιερό τοποθετείται στην ακρόπολη, αλλά το ακριβές περίγραμμα δεν έχει αποκατασταθεί με βεβαιότητα.",
        "description_en": "Central patron cult of the Tauric Peninsula; the sanctuary is placed on the acropolis, but the exact outline has not been established with certainty.",
        "end_year": 300,
        "entity_class": "sanctuary",
        "entity_id": "sanctuary-chersonesos-parthenos-sanctuary",
        "entity_subtype": "cult_place",
        "external_links": [],
        "geometry_role": "proxy",
        "location_certainty": "medium",
        "modern_country_el": "Ουκρανία",
        "modern_country_en": "Ukraine",
        "modern_locality": "Sevastopol",
        "name_el": "Ιερό της Παρθένου στη Χερσόνησο",
        "name_en": "Sanctuary of Parthenos at Tauric Chersonesos",
        "record_confidence": "medium",
        "review_state": "reviewed",
        "source_id": "src-whc-329a28f5c851",
        "spatial_note_el": "Το σημείο αποδίδει προσεγγιστικά την ακρόπολη της Χερσονήσου· το ακριβές περίγραμμα του ιερού δεν έχει αποκατασταθεί με βεβαιότητα.",
        "spatial_note_en": "The point approximately marks the Chersonesos acropolis; the sanctuary's exact footprint has not been securely reconstructed.",
        "start_year": -400
      },
      "type": "Feature"
    },
    {
      "geometry": {
        "coordinates": [
          27.19296631,
          38.00473241
        ],
        "type": "Point"
      },
      "id": "sanctuary-claros-apollo-oracle",
      "properties": {
        "ancient_name_grc": "Κλάρος",
        "chronology_basis": "cult_activity_window",
        "collections": [
          "sanctuary"
        ],
        "country_iso2": "TR",
        "country_iso3": "TUR",
        "date_label_el": "700 π.Χ.–400 μ.Χ.",
        "date_label_en": "700 BCE–400 CE",
        "description_el": "Μαντικό ιερό υπό τον έλεγχο της Κολοφώνας, με υπόγειο χρησμοδοτικό χώρο και μακρά δράση έως την ύστερη αρχαιότητα.",
        "description_en": "An oracular sanctuary controlled by Colophon, with a subterranean chamber for consultation and a long history extending into Late Antiquity.",
        "end_year": 400,
        "entity_class": "sanctuary",
        "entity_id": "sanctuary-claros-apollo-oracle",
        "entity_subtype": "oracle",
        "external_links": [
          "https://pleiades.stoa.org/places/599719"
        ],
        "geometry_role": "site",
        "location_certainty": "high",
        "modern_country_el": "Τουρκία",
        "modern_country_en": "Turkey",
        "modern_locality": "Ahmetbeyli",
        "name_el": "Μαντείο του Απόλλωνα στην Κλάρο",
        "name_en": "Oracle of Apollo at Claros",
        "record_confidence": "high",
        "review_state": "reviewed",
        "source_id": "src-pleiades-599719",
        "spatial_note_el": null,
        "spatial_note_en": null,
        "start_year": -700
      },
      "type": "Feature"
    },
    {
      "geometry": {
        "coordinates": [
          24.8289925,
          35.2082103
        ],
        "type": "Point"
      },
      "id": "sanctuary-crete-idaion-antron",
      "properties": {
        "ancient_name_grc": "Ἰδαῖον Ἄντρον",
        "chronology_basis": "cult_activity_window",
        "collections": [
          "sanctuary"
        ],
        "country_iso2": "GR",
        "country_iso3": "GRC",
        "date_label_el": "2000 π.Χ.–400 μ.Χ.",
        "date_label_en": "2000 BCE–400 CE",
        "description_el": "Ιερό σπήλαιο του Ψηλορείτη με λατρευτική χρήση από τη μινωική εποχή έως τους ρωμαϊκούς χρόνους και παράδοση ανατροφής του Δία.",
        "description_en": "Sacred cave of Psiloritis with cult use from the Minoan era to Roman times and a tradition of raising Zeus.",
        "end_year": 400,
        "entity_class": "sanctuary",
        "entity_id": "sanctuary-crete-idaion-antron",
        "entity_subtype": "cave_sanctuary",
        "external_links": [
          "https://pleiades.stoa.org/places/589817"
        ],
        "geometry_role": "site",
        "location_certainty": "high",
        "modern_country_el": "Ελλάδα",
        "modern_country_en": "Greece",
        "modern_locality": "Nida Plateau, Crete",
        "name_el": "Ιδαίο Άντρο",
        "name_en": "Idaean Cave Sanctuary",
        "record_confidence": "high",
        "review_state": "reviewed",
        "source_id": "src-pleiades-589817",
        "spatial_note_el": null,
        "spatial_note_en": null,
        "start_year": -2000
      },
      "type": "Feature"
    },
    {
      "geometry": {
        "coordinates": [
          25.11438939,
          35.29160551
        ],
        "type": "Point"
      },
      "id": "sanctuary-crete-iuktas-peak-sanctuary",
      "properties": {
        "ancient_name_grc": "Ἰυκτός",
        "chronology_basis": "cult_activity_window",
        "collections": [
          "sanctuary"
        ],
        "country_iso2": "GR",
        "country_iso3": "GRC",
        "date_label_el": "2000 π.Χ.–1100 π.Χ.",
        "date_label_en": "2000 BCE–1100 BCE",
        "description_el": "Μινωικό ιερό κορυφής που εξυπηρετούσε την περιοχή της Κνωσού και χρησιμοποιήθηκε σε όλη σχεδόν την Εποχή του Χαλκού.",
        "description_en": "Minoan summit sanctuary that served the Knossos area and was used throughout almost the entire Bronze Age.",
        "end_year": -1100,
        "entity_class": "sanctuary",
        "entity_id": "sanctuary-crete-iuktas-peak-sanctuary",
        "entity_subtype": "peak_sanctuary",
        "external_links": [
          "https://pleiades.stoa.org/places/559217802"
        ],
        "geometry_role": "site",
        "location_certainty": "high",
        "modern_country_el": "Ελλάδα",
        "modern_country_en": "Greece",
        "modern_locality": "Mount Juktas, Archanes",
        "name_el": "Ιερό κορυφής Γιούχτα",
        "name_en": "Iuktas Peak Sanctuary",
        "record_confidence": "high",
        "review_state": "reviewed",
        "source_id": "src-pleiades-559217802",
        "spatial_note_el": null,
        "spatial_note_en": null,
        "start_year": -2000
      },
      "type": "Feature"
    },
    {
      "geometry": {
        "coordinates": [
          17.20494715,
          39.0276924
        ],
        "type": "Point"
      },
      "id": "sanctuary-croton-hera-lacinia-sanctuary",
      "properties": {
        "ancient_name_grc": "Ἡραῖον Λακίνιον",
        "chronology_basis": "cult_activity_window",
        "collections": [
          "sanctuary"
        ],
        "country_iso2": "IT",
        "country_iso3": "ITA",
        "date_label_el": "700 π.Χ.–300 μ.Χ.",
        "date_label_en": "700 BCE–300 CE",
        "description_el": "Μεγάλο παράκτιο ιερό της επικράτειας του Κρότωνα και σημείο αναφοράς των Ιταλιωτών, σήμερα γνωστό από τη μοναδική όρθια κολόνα του ναού.",
        "description_en": "Great coastal sanctuary of the territory of Croton and reference point of the Italians, known today by the unique standing pillar of the temple.",
        "end_year": 300,
        "entity_class": "sanctuary",
        "entity_id": "sanctuary-croton-hera-lacinia-sanctuary",
        "entity_subtype": "cult_place",
        "external_links": [
          "https://pleiades.stoa.org/places/452332"
        ],
        "geometry_role": "site",
        "location_certainty": "high",
        "modern_country_el": "Ιταλία",
        "modern_country_en": "Italy",
        "modern_locality": "Capo Colonna, Crotone",
        "name_el": "Ιερό της Ήρας Λακινίας",
        "name_en": "Sanctuary of Hera Lacinia",
        "record_confidence": "high",
        "review_state": "reviewed",
        "source_id": "src-pleiades-452332",
        "spatial_note_el": null,
        "spatial_note_en": null,
        "start_year": -700
      },
      "type": "Feature"
    },
    {
      "geometry": {
        "coordinates": [
          21.85251663,
          32.82351143
        ],
        "type": "Point"
      },
      "id": "sanctuary-cyrene-apollo-sanctuary",
      "properties": {
        "ancient_name_grc": "Ἀπόλλωνος Καρνείου ἱερόν",
        "chronology_basis": "cult_activity_window",
        "collections": [
          "sanctuary"
        ],
        "country_iso2": "LY",
        "country_iso3": "LBY",
        "date_label_el": "700 π.Χ.–200 μ.Χ.",
        "date_label_en": "700 BCE–200 CE",
        "description_el": "Το αρχαιότερο μεγάλο ιερό της Κυρήνης σε κοιλάδα με πηγή, ναούς, βωμούς και κτίρια που αναπτύχθηκαν από την αρχαϊκή έως τη ρωμαϊκή εποχή.",
        "description_en": "The oldest large sanctuary of Cyrene in a valley with a spring, temples, altars and buildings developed from the Archaic to the Roman era.",
        "end_year": 200,
        "entity_class": "sanctuary",
        "entity_id": "sanctuary-cyrene-apollo-sanctuary",
        "entity_subtype": "cult_place",
        "external_links": [
          "https://pleiades.stoa.org/places/464482220"
        ],
        "geometry_role": "site",
        "location_certainty": "high",
        "modern_country_el": "Λιβύη",
        "modern_country_en": "Libya",
        "modern_locality": "Shahat",
        "name_el": "Ιερό του Απόλλωνα στην Κυρήνη",
        "name_en": "Sanctuary of Apollo at Cyrene",
        "record_confidence": "high",
        "review_state": "reviewed",
        "source_id": "src-pleiades-464482220",
        "spatial_note_el": null,
        "spatial_note_en": null,
        "start_year": -700
      },
      "type": "Feature"
    },
    {
      "geometry": {
        "coordinates": [
          21.86244367,
          32.82234007
        ],
        "type": "Point"
      },
      "id": "sanctuary-cyrene-zeus-sanctuary",
      "properties": {
        "ancient_name_grc": "Διὸς ἱερόν",
        "chronology_basis": "cult_activity_window",
        "collections": [
          "sanctuary"
        ],
        "country_iso2": "LY",
        "country_iso3": "LBY",
        "date_label_el": "500 π.Χ.–365 μ.Χ.",
        "date_label_en": "500 BCE–365 CE",
        "description_el": "Μνημειακός δωρικός ναός του Δία στην Κυρήνη, από τους μεγαλύτερους του ελληνικού κόσμου, με ελληνιστικές και ρωμαϊκές ανακατασκευές.",
        "description_en": "Monumental Doric temple of Zeus in Kyrenia, one of the largest in the Greek world, with Hellenistic and Roman reconstructions.",
        "end_year": 365,
        "entity_class": "sanctuary",
        "entity_id": "sanctuary-cyrene-zeus-sanctuary",
        "entity_subtype": "cult_place",
        "external_links": [
          "https://pleiades.stoa.org/places/103565779"
        ],
        "geometry_role": "site",
        "location_certainty": "high",
        "modern_country_el": "Λιβύη",
        "modern_country_en": "Libya",
        "modern_locality": "Shahat",
        "name_el": "Ιερό του Διός στην Κυρήνη",
        "name_en": "Temple of Zeus at Cyrene",
        "record_confidence": "high",
        "review_state": "reviewed",
        "source_id": "src-pleiades-103565779",
        "spatial_note_el": null,
        "spatial_note_en": null,
        "start_year": -500
      },
      "type": "Feature"
    },
    {
      "geometry": {
        "coordinates": [
          25.268868,
          37.3993075
        ],
        "type": "Point"
      },
      "id": "sanctuary-delos-apollo-sanctuary",
      "properties": {
        "ancient_name_grc": "Δῆλος",
        "chronology_basis": "cult_activity_window",
        "collections": [
          "sanctuary"
        ],
        "country_iso2": "GR",
        "country_iso3": "GRC",
        "date_label_el": "900 π.Χ.–400 μ.Χ.",
        "date_label_en": "900 BCE–400 CE",
        "description_el": "Μεγάλο νησιωτικό ιερό στο μυθικό γενέθλιο τόπο του Απόλλωνα και της Αρτέμιδος, με ναούς, θησαυρούς και μνημειακή πομπική διαδρομή.",
        "description_en": "A major island sanctuary at the mythical birthplace of Apollo and Artemis, with temples, treasuries and a monumental processional way.",
        "end_year": 400,
        "entity_class": "sanctuary",
        "entity_id": "sanctuary-delos-apollo-sanctuary",
        "entity_subtype": "cult_place",
        "external_links": [
          "https://pleiades.stoa.org/places/599506"
        ],
        "geometry_role": "site",
        "location_certainty": "high",
        "modern_country_el": "Ελλάδα",
        "modern_country_en": "Greece",
        "modern_locality": "Delos",
        "name_el": "Ιερό του Απόλλωνα στη Δήλο",
        "name_en": "Sanctuary of Apollo on Delos",
        "record_confidence": "high",
        "review_state": "reviewed",
        "source_id": "src-pleiades-599506",
        "spatial_note_el": null,
        "spatial_note_en": null,
        "start_year": -900
      },
      "type": "Feature"
    },
    {
      "geometry": {
        "coordinates": [
          22.501169,
          38.482289
        ],
        "type": "Point"
      },
      "id": "sanctuary-delphi-apollo-sanctuary",
      "properties": {
        "ancient_name_grc": "Δελφοί",
        "chronology_basis": "cult_activity_window",
        "collections": [
          "sanctuary"
        ],
        "country_iso2": "GR",
        "country_iso3": "GRC",
        "date_label_el": "800 π.Χ.–390 μ.Χ.",
        "date_label_en": "800 BCE–390 CE",
        "description_el": "Πανελλήνιο ιερό και μαντείο του Απόλλωνα, οργανωμένο γύρω από τον ναό, την Κασταλία και τους θησαυρούς των πόλεων.",
        "description_en": "Panhellenic sanctuary and oracle of Apollo, organized around the temple, Castalia and the treasures of the cities.",
        "end_year": 390,
        "entity_class": "sanctuary",
        "entity_id": "sanctuary-delphi-apollo-sanctuary",
        "entity_subtype": "oracle",
        "external_links": [
          "https://pleiades.stoa.org/places/540726"
        ],
        "geometry_role": "site",
        "location_certainty": "high",
        "modern_country_el": "Ελλάδα",
        "modern_country_en": "Greece",
        "modern_locality": "Delphi",
        "name_el": "Ιερό του Απόλλωνα στους Δελφούς",
        "name_en": "Sanctuary of Apollo at Delphi",
        "record_confidence": "high",
        "review_state": "reviewed",
        "source_id": "src-pleiades-540726",
        "spatial_note_el": null,
        "spatial_note_en": null,
        "start_year": -800
      },
      "type": "Feature"
    },
    {
      "geometry": {
        "coordinates": [
          22.5083745,
          38.48012669
        ],
        "type": "Point"
      },
      "id": "sanctuary-delphi-athena-pronaia-sanctuary",
      "properties": {
        "ancient_name_grc": "Ἀθηνᾶ Προναία",
        "chronology_basis": "cult_activity_window",
        "collections": [
          "sanctuary"
        ],
        "country_iso2": "GR",
        "country_iso3": "GRC",
        "date_label_el": "700 π.Χ.–390 μ.Χ.",
        "date_label_en": "700 BCE–390 CE",
        "description_el": "Ξεχωριστό τέμενος νοτιοανατολικά του ιερού του Απόλλωνα, με διαδοχικούς ναούς, θησαυρούς και τη γνωστή θόλο.",
        "description_en": "A separate sacred precinct southeast of Apollo’s sanctuary, with successive temples, treasuries and the celebrated Tholos.",
        "end_year": 390,
        "entity_class": "sanctuary",
        "entity_id": "sanctuary-delphi-athena-pronaia-sanctuary",
        "entity_subtype": "cult_place",
        "external_links": [
          "https://pleiades.stoa.org/places/513711610"
        ],
        "geometry_role": "site",
        "location_certainty": "high",
        "modern_country_el": "Ελλάδα",
        "modern_country_en": "Greece",
        "modern_locality": "Delphi",
        "name_el": "Ιερό της Αθηνάς Προναίας στους Δελφούς",
        "name_en": "Sanctuary of Athena Pronaia at Delphi",
        "record_confidence": "high",
        "review_state": "reviewed",
        "source_id": "src-pleiades-513711610",
        "spatial_note_el": null,
        "spatial_note_en": null,
        "start_year": -700
      },
      "type": "Feature"
    },
    {
      "geometry": {
        "coordinates": [
          25.01547138,
          36.97026271
        ],
        "type": "Point"
      },
      "id": "sanctuary-despotiko-apollo-sanctuary",
      "properties": {
        "ancient_name_grc": null,
        "chronology_basis": "cult_activity_window",
        "collections": [
          "sanctuary"
        ],
        "country_iso2": "GR",
        "country_iso3": "GRC",
        "date_label_el": "750 π.Χ.–200 μ.Χ.",
        "date_label_en": "750 BCE–200 CE",
        "description_el": "Εκτεταμένο αρχαϊκό νησιωτικό ιερό με ναό, εστιατόρια και βοηθητικά κτίρια, που συνέχισε να χρησιμοποιείται έως τους ρωμαϊκούς χρόνους.",
        "description_en": "An extensive Archaic island sanctuary with a temple, dining halls and service buildings, used into the Roman period.",
        "end_year": 200,
        "entity_class": "sanctuary",
        "entity_id": "sanctuary-despotiko-apollo-sanctuary",
        "entity_subtype": "cult_place",
        "external_links": [
          "https://pleiades.stoa.org/places/854812387"
        ],
        "geometry_role": "site",
        "location_certainty": "high",
        "modern_country_el": "Ελλάδα",
        "modern_country_en": "Greece",
        "modern_locality": "Mandra, Despotiko",
        "name_el": "Ιερό του Απόλλωνα στο Δεσποτικό",
        "name_en": "Sanctuary of Apollo at Despotiko",
        "record_confidence": "high",
        "review_state": "reviewed",
        "source_id": "src-pleiades-854812387",
        "spatial_note_el": null,
        "spatial_note_en": null,
        "start_year": -750
      },
      "type": "Feature"
    },
    {
      "geometry": {
        "coordinates": [
          27.25638824,
          37.38496812
        ],
        "type": "Point"
      },
      "id": "sanctuary-didyma-apollo-oracle",
      "properties": {
        "ancient_name_grc": "Δίδυμα",
        "chronology_basis": "cult_activity_window",
        "collections": [
          "sanctuary"
        ],
        "country_iso2": "TR",
        "country_iso3": "TUR",
        "date_label_el": "800 π.Χ.–400 μ.Χ.",
        "date_label_en": "800 BCE–400 CE",
        "description_el": "Μεγάλο μαντείο της Μιλήτου, με ιερή πηγή και γιγαντιαίο ελληνιστικό ναό που έμεινε ημιτελής.",
        "description_en": "Great oracle of Miletus, with a holy spring and a gigantic Hellenistic temple that was left unfinished.",
        "end_year": 400,
        "entity_class": "sanctuary",
        "entity_id": "sanctuary-didyma-apollo-oracle",
        "entity_subtype": "oracle",
        "external_links": [
          "https://pleiades.stoa.org/places/599593"
        ],
        "geometry_role": "site",
        "location_certainty": "high",
        "modern_country_el": "Τουρκία",
        "modern_country_en": "Turkey",
        "modern_locality": "Didim",
        "name_el": "Μαντείο του Απόλλωνα στα Δίδυμα",
        "name_en": "Oracle of Apollo at Didyma",
        "record_confidence": "high",
        "review_state": "reviewed",
        "source_id": "src-pleiades-599593",
        "spatial_note_el": null,
        "spatial_note_en": null,
        "start_year": -800
      },
      "type": "Feature"
    },
    {
      "geometry": {
        "coordinates": [
          20.78773144,
          39.54643627
        ],
        "type": "Point"
      },
      "id": "sanctuary-dodona-zeus-oracle",
      "properties": {
        "ancient_name_grc": "Δωδώνη",
        "chronology_basis": "cult_activity_window",
        "collections": [
          "sanctuary"
        ],
        "country_iso2": "GR",
        "country_iso3": "GRC",
        "date_label_el": "1200 π.Χ.–392 μ.Χ.",
        "date_label_en": "1200 BCE–392 CE",
        "description_el": "Αρχαίο μαντείο όπου οι χρησμοί συνδέονταν με την ιερή δρυ και αργότερα με οργανωμένο συγκρότημα ναών και θεάτρου.",
        "description_en": "Ancient oracle where the oracles were connected to the sacred oak and later to an organized complex of temples and theater.",
        "end_year": 392,
        "entity_class": "sanctuary",
        "entity_id": "sanctuary-dodona-zeus-oracle",
        "entity_subtype": "oracle",
        "external_links": [
          "https://pleiades.stoa.org/places/530843"
        ],
        "geometry_role": "site",
        "location_certainty": "high",
        "modern_country_el": "Ελλάδα",
        "modern_country_en": "Greece",
        "modern_locality": "Dodoni",
        "name_el": "Μαντείο του Δία στη Δωδώνη",
        "name_en": "Oracle of Zeus at Dodona",
        "record_confidence": "high",
        "review_state": "reviewed",
        "source_id": "src-pleiades-530843",
        "spatial_note_el": null,
        "spatial_note_en": null,
        "start_year": -1200
      },
      "type": "Feature"
    },
    {
      "geometry": {
        "coordinates": [
          23.53759132,
          38.04144845
        ],
        "type": "Point"
      },
      "id": "sanctuary-eleusis-demeter-sanctuary",
      "properties": {
        "ancient_name_grc": "Ἐλευσίς",
        "chronology_basis": "cult_activity_window",
        "collections": [
          "sanctuary"
        ],
        "country_iso2": "GR",
        "country_iso3": "GRC",
        "date_label_el": "1400 π.Χ.–392 μ.Χ.",
        "date_label_en": "1400 BCE–392 CE",
        "description_el": "Κέντρο των Ελευσινίων Μυστηρίων, με το Τελεστήριο ως κύριο χώρο μύησης και μακραίωνη λατρευτική συνέχεια.",
        "description_en": "Centre of the Eleusinian Mysteries, with the Telesterion as the principal initiation hall and a long continuity of cult.",
        "end_year": 392,
        "entity_class": "sanctuary",
        "entity_id": "sanctuary-eleusis-demeter-sanctuary",
        "entity_subtype": "mystery_sanctuary",
        "external_links": [
          "https://pleiades.stoa.org/places/579910"
        ],
        "geometry_role": "site",
        "location_certainty": "high",
        "modern_country_el": "Ελλάδα",
        "modern_country_en": "Greece",
        "modern_locality": "Elefsina",
        "name_el": "Ιερό της Δήμητρας στην Ελευσίνα",
        "name_en": "Sanctuary of Demeter at Eleusis",
        "record_confidence": "high",
        "review_state": "reviewed",
        "source_id": "src-pleiades-579910",
        "spatial_note_el": null,
        "spatial_note_en": null,
        "start_year": -1400
      },
      "type": "Feature"
    },
    {
      "geometry": {
        "coordinates": [
          27.36372473,
          37.9497522
        ],
        "type": "Point"
      },
      "id": "sanctuary-ephesus-artemis-sanctuary",
      "properties": {
        "ancient_name_grc": "Ἀρτεμίσιον Ἐφέσου",
        "chronology_basis": "cult_activity_window",
        "collections": [
          "sanctuary"
        ],
        "country_iso2": "TR",
        "country_iso3": "TUR",
        "date_label_el": "800 π.Χ.–401 μ.Χ.",
        "date_label_en": "800 BCE–401 CE",
        "description_el": "Εξωαστικό ιερό της Εφέσιας Αρτέμιδος και ένα από τα Επτά Θαύματα, με διαδοχικούς μνημειακούς ιωνικούς ναούς.",
        "description_en": "The extra-urban sanctuary of Ephesian Artemis and one of the Seven Wonders, with successive monumental Ionic temples.",
        "end_year": 401,
        "entity_class": "sanctuary",
        "entity_id": "sanctuary-ephesus-artemis-sanctuary",
        "entity_subtype": "cult_place",
        "external_links": [
          "https://pleiades.stoa.org/places/873985034"
        ],
        "geometry_role": "site",
        "location_certainty": "high",
        "modern_country_el": "Τουρκία",
        "modern_country_en": "Turkey",
        "modern_locality": "Selçuk",
        "name_el": "Αρτεμίσιο Εφέσου",
        "name_en": "Artemision of Ephesus",
        "record_confidence": "high",
        "review_state": "reviewed",
        "source_id": "src-pleiades-873985034",
        "spatial_note_el": null,
        "spatial_note_en": null,
        "start_year": -800
      },
      "type": "Feature"
    },
    {
      "geometry": {
        "coordinates": [
          23.07426419,
          37.59830234
        ],
        "type": "Point"
      },
      "id": "sanctuary-epidauros-asklepios-sanctuary",
      "properties": {
        "ancient_name_grc": "Ἀσκληπιεῖον Ἐπιδαύρου",
        "chronology_basis": "cult_activity_window",
        "collections": [
          "sanctuary"
        ],
        "country_iso2": "GR",
        "country_iso3": "GRC",
        "date_label_el": "600 π.Χ.–400 μ.Χ.",
        "date_label_en": "600 BCE–400 CE",
        "description_el": "Μεγάλο θεραπευτικό ιερό με άβατο, θόλο, ναό, λουτρικές εγκαταστάσεις και θέατρο, προορισμό προσκυνητών από όλο τον ελληνικό κόσμο.",
        "description_en": "A major healing sanctuary with an abaton, Tholos, temple, bathing facilities and theatre, drawing pilgrims from across the Greek world.",
        "end_year": 400,
        "entity_class": "sanctuary",
        "entity_id": "sanctuary-epidauros-asklepios-sanctuary",
        "entity_subtype": "healing_sanctuary",
        "external_links": [
          "https://pleiades.stoa.org/places/570127"
        ],
        "geometry_role": "site",
        "location_certainty": "high",
        "modern_country_el": "Ελλάδα",
        "modern_country_en": "Greece",
        "modern_locality": "Lygourio",
        "name_el": "Ασκληπιείο Επιδαύρου",
        "name_en": "Sanctuary of Asklepios at Epidauros",
        "record_confidence": "high",
        "review_state": "reviewed",
        "source_id": "src-pleiades-570127",
        "spatial_note_el": null,
        "spatial_note_en": null,
        "start_year": -600
      },
      "type": "Feature"
    },
    {
      "geometry": {
        "coordinates": [
          14.97002056,
          40.48838686
        ],
        "type": "Point"
      },
      "id": "sanctuary-foce-del-sele-heraion",
      "properties": {
        "ancient_name_grc": "Ἡραῖον Ποσειδωνίας",
        "chronology_basis": "cult_activity_window",
        "collections": [
          "sanctuary"
        ],
        "country_iso2": "IT",
        "country_iso3": "ITA",
        "date_label_el": "600 π.Χ.–200 μ.Χ.",
        "date_label_en": "600 BCE–200 CE",
        "description_el": "Εξωαστικό ιερό της Ποσειδωνίας στις εκβολές του Σέλε, με μεγάλο αρχαϊκό ναό και αφηγηματικές μετόπες.",
        "description_en": "An extra-urban sanctuary of Poseidonia at the mouth of the Sele, with a large Archaic temple and narrative metopes.",
        "end_year": 200,
        "entity_class": "sanctuary",
        "entity_id": "sanctuary-foce-del-sele-heraion",
        "entity_subtype": "cult_place",
        "external_links": [
          "https://pleiades.stoa.org/places/442610"
        ],
        "geometry_role": "site",
        "location_certainty": "high",
        "modern_country_el": "Ιταλία",
        "modern_country_en": "Italy",
        "modern_locality": "Foce del Sele, Capaccio Paestum",
        "name_el": "Ηραίο στις εκβολές του Σέλε",
        "name_en": "Heraion at Foce del Sele",
        "record_confidence": "high",
        "review_state": "reviewed",
        "source_id": "src-pleiades-442610",
        "spatial_note_el": null,
        "spatial_note_en": null,
        "start_year": -600
      },
      "type": "Feature"
    },
    {
      "geometry": {
        "coordinates": [
          33.620066,
          35.087379
        ],
        "type": "Point"
      },
      "id": "sanctuary-golgoi-aphrodite-sanctuary",
      "properties": {
        "ancient_name_grc": "Γόλγοι",
        "chronology_basis": "cult_activity_window",
        "collections": [
          "sanctuary"
        ],
        "country_iso2": "CY",
        "country_iso3": "CYP",
        "date_label_el": "700 π.Χ.–300 μ.Χ.",
        "date_label_en": "700 BCE–300 CE",
        "description_el": "Σημαντικό κυπριακό ιερό της Αφροδίτης στην επικράτεια των Γόλγων, γνωστό από γλυπτά, επιγραφές και αναθήματα.",
        "description_en": "An important Cypriot sanctuary of Aphrodite in the territory of Golgoi, known from sculpture, inscriptions and votive offerings.",
        "end_year": 300,
        "entity_class": "sanctuary",
        "entity_id": "sanctuary-golgoi-aphrodite-sanctuary",
        "entity_subtype": "cult_place",
        "external_links": [
          "https://pleiades.stoa.org/places/707470"
        ],
        "geometry_role": "proxy",
        "location_certainty": "medium",
        "modern_country_el": "Κύπρος",
        "modern_country_en": "Cyprus",
        "modern_locality": "Athienou area",
        "name_el": "Ιερό της Αφροδίτης Γολγίας",
        "name_en": "Sanctuary of Aphrodite Golgia",
        "record_confidence": "medium",
        "review_state": "reviewed",
        "source_id": "src-pleiades-707470",
        "spatial_note_el": "Το σημείο αποδίδει προσεγγιστικά το ιερό στην περιοχή των Γόλγων και όχι αποτυπωμένο περίγραμμα του μνημείου.",
        "spatial_note_en": "The point approximately locates the sanctuary in the Golgoi area and is not a surveyed monument footprint.",
        "start_year": -700
      },
      "type": "Feature"
    },
    {
      "geometry": {
        "coordinates": [
          25.43123428,
          37.02911178
        ],
        "type": "Point"
      },
      "id": "sanctuary-gyroulas-demeter-sanctuary",
      "properties": {
        "ancient_name_grc": null,
        "chronology_basis": "cult_activity_window",
        "collections": [
          "sanctuary"
        ],
        "country_iso2": "GR",
        "country_iso3": "GRC",
        "date_label_el": "800 π.Χ.–300 π.Χ.",
        "date_label_en": "800 BCE–300 BCE",
        "description_el": "Αγροτικό ιερό με μαρμάρινο αρχαϊκό ναό, ιδιαίτερα σημαντικό για την πρώιμη ιωνική αρχιτεκτονική των Κυκλάδων.",
        "description_en": "Rural sanctuary with a marble archaic temple, particularly important for the early Ionic architecture of the Cyclades.",
        "end_year": -300,
        "entity_class": "sanctuary",
        "entity_id": "sanctuary-gyroulas-demeter-sanctuary",
        "entity_subtype": "cult_place",
        "external_links": [
          "https://pleiades.stoa.org/places/599631"
        ],
        "geometry_role": "site",
        "location_certainty": "high",
        "modern_country_el": "Ελλάδα",
        "modern_country_en": "Greece",
        "modern_locality": "Sangri, Naxos",
        "name_el": "Ιερό Δήμητρας και Απόλλωνα στον Γύρουλα",
        "name_en": "Sanctuary of Demeter and Apollo at Gyroulas",
        "record_confidence": "high",
        "review_state": "reviewed",
        "source_id": "src-pleiades-599631",
        "spatial_note_el": null,
        "spatial_note_en": null,
        "start_year": -800
      },
      "type": "Feature"
    },
    {
      "geometry": {
        "coordinates": [
          29.1270484,
          37.926248
        ],
        "type": "Point"
      },
      "id": "sanctuary-hierapolis-ploutonion",
      "properties": {
        "ancient_name_grc": "Πλουτώνιον",
        "chronology_basis": "cult_activity_window",
        "collections": [
          "sanctuary"
        ],
        "country_iso2": "TR",
        "country_iso3": "TUR",
        "date_label_el": "200 π.Χ.–400 μ.Χ.",
        "date_label_en": "200 BCE–400 CE",
        "description_el": "Περιφραγμένο χθόνιο ιερό πάνω σε σπήλαιο που εκπέμπει διοξείδιο του άνθρακα, συνδεδεμένο με χρησμούς και τελετουργικές επιδείξεις.",
        "description_en": "Walled chthonic sanctuary atop a carbon dioxide-emitting cave, associated with oracles and ritual displays.",
        "end_year": 400,
        "entity_class": "sanctuary",
        "entity_id": "sanctuary-hierapolis-ploutonion",
        "entity_subtype": "oracle",
        "external_links": [
          "https://pleiades.stoa.org/places/232079424"
        ],
        "geometry_role": "site",
        "location_certainty": "high",
        "modern_country_el": "Τουρκία",
        "modern_country_en": "Turkey",
        "modern_locality": "Pamukkale",
        "name_el": "Πλουτώνιο Ιεράπολης",
        "name_en": "Ploutonion at Hierapolis",
        "record_confidence": "high",
        "review_state": "reviewed",
        "source_id": "src-pleiades-232079424",
        "spatial_note_el": null,
        "spatial_note_en": null,
        "start_year": -200
      },
      "type": "Feature"
    },
    {
      "geometry": {
        "coordinates": [
          28.77513,
          44.54779
        ],
        "type": "Point"
      },
      "id": "sanctuary-histria-sacred-zone",
      "properties": {
        "ancient_name_grc": "Ἰστρίη",
        "chronology_basis": "cult_activity_window",
        "collections": [
          "sanctuary"
        ],
        "country_iso2": "RO",
        "country_iso3": "ROU",
        "date_label_el": "600 π.Χ.–300 μ.Χ.",
        "date_label_en": "600 BCE–300 CE",
        "description_el": "Αστική ιερή ζώνη της μιλησιακής αποικίας με διαδοχικούς ναούς· το σημείο αντιστοιχεί προσεγγιστικά στο αρχαιολογικό σύνολο.",
        "description_en": "Urban sacred zone of the Milesian colony with successive temples; the site roughly corresponds to the archaeological assemblage.",
        "end_year": 300,
        "entity_class": "sanctuary",
        "entity_id": "sanctuary-histria-sacred-zone",
        "entity_subtype": "cult_place",
        "external_links": [
          "https://pleiades.stoa.org/places/216839"
        ],
        "geometry_role": "proxy",
        "location_certainty": "medium",
        "modern_country_el": "Ρουμανία",
        "modern_country_en": "Romania",
        "modern_locality": "Istria, Constanța County",
        "name_el": "Ιερή ζώνη της Ιστρίας",
        "name_en": "Sacred Zone of Histria",
        "record_confidence": "medium",
        "review_state": "reviewed",
        "source_id": "src-pleiades-216839",
        "spatial_note_el": "Το σημείο είναι προσεγγιστικός χωρικός δείκτης του ιερού μέσα στην αρχαία πόλη και όχι ανεξάρτητα αποτυπωμένο περίγραμμα του μνημείου.",
        "spatial_note_en": "The point is an approximate spatial marker for the sanctuary within the ancient settlement; it is not a surveyed footprint of the monument.",
        "start_year": -600
      },
      "type": "Feature"
    },
    {
      "geometry": {
        "coordinates": [
          25.38067653,
          37.07762788
        ],
        "type": "Point"
      },
      "id": "sanctuary-hyria-dionysos-sanctuary",
      "properties": {
        "ancient_name_grc": "Ὕρια",
        "chronology_basis": "cult_activity_window",
        "collections": [
          "sanctuary"
        ],
        "country_iso2": "GR",
        "country_iso3": "GRC",
        "date_label_el": "800 π.Χ.–400 μ.Χ.",
        "date_label_en": "800 BCE–400 CE",
        "description_el": "Ιερό με τέσσερις διαδοχικές οικοδομικές φάσεις, σημαντικό για την εξέλιξη της νησιωτικής μνημειακής αρχιτεκτονικής.",
        "description_en": "Sanctuary with four successive building phases, important for the evolution of the island's monumental architecture.",
        "end_year": 400,
        "entity_class": "sanctuary",
        "entity_id": "sanctuary-hyria-dionysos-sanctuary",
        "entity_subtype": "cult_place",
        "external_links": [
          "https://pleiades.stoa.org/places/599661"
        ],
        "geometry_role": "site",
        "location_certainty": "high",
        "modern_country_el": "Ελλάδα",
        "modern_country_en": "Greece",
        "modern_locality": "Yria, Naxos",
        "name_el": "Ιερό του Διονύσου στα Ύρια Νάξου",
        "name_en": "Sanctuary of Dionysos at Hyria",
        "record_confidence": "high",
        "review_state": "reviewed",
        "source_id": "src-pleiades-599661",
        "spatial_note_el": null,
        "spatial_note_en": null,
        "start_year": -800
      },
      "type": "Feature"
    },
    {
      "geometry": {
        "coordinates": [
          22.9931345,
          37.9158035
        ],
        "type": "Point"
      },
      "id": "sanctuary-isthmia-poseidon-sanctuary",
      "properties": {
        "ancient_name_grc": "Ἴσθμια",
        "chronology_basis": "cult_activity_window",
        "collections": [
          "sanctuary"
        ],
        "country_iso2": "GR",
        "country_iso3": "GRC",
        "date_label_el": "700 π.Χ.–390 μ.Χ.",
        "date_label_en": "700 BCE–390 CE",
        "description_el": "Πανελλήνιο ιερό στον Ισθμό της Κορίνθου και τόπος τέλεσης των Ισθμίων, με ναό, βωμούς, στάδιο και θέατρο.",
        "description_en": "A Panhellenic sanctuary on the Isthmus of Corinth and venue of the Isthmian Games, with a temple, altars, stadium and theatre.",
        "end_year": 390,
        "entity_class": "sanctuary",
        "entity_id": "sanctuary-isthmia-poseidon-sanctuary",
        "entity_subtype": "cult_place",
        "external_links": [
          "https://pleiades.stoa.org/places/570316"
        ],
        "geometry_role": "site",
        "location_certainty": "high",
        "modern_country_el": "Ελλάδα",
        "modern_country_en": "Greece",
        "modern_locality": "Kyra Vrysi, Isthmia",
        "name_el": "Ιερό του Ποσειδώνα στα Ίσθμια",
        "name_en": "Sanctuary of Poseidon at Isthmia",
        "record_confidence": "high",
        "review_state": "reviewed",
        "source_id": "src-pleiades-570316",
        "spatial_note_el": null,
        "spatial_note_en": null,
        "start_year": -700
      },
      "type": "Feature"
    },
    {
      "geometry": {
        "coordinates": [
          22.89541692,
          38.63651295
        ],
        "type": "Point"
      },
      "id": "sanctuary-kalapodi-artemis-apollo-sanctuary",
      "properties": {
        "ancient_name_grc": "Ἄβαι",
        "chronology_basis": "cult_activity_window",
        "collections": [
          "sanctuary"
        ],
        "country_iso2": "GR",
        "country_iso3": "GRC",
        "date_label_el": "1400 π.Χ.–400 μ.Χ.",
        "date_label_en": "1400 BCE–400 CE",
        "description_el": "Πολυστρωματικό ιερό κοντά στις αρχαίες Άβες, με εξαιρετικά μακρά ακολουθία λατρείας από τη μυκηναϊκή έως τη ρωμαϊκή εποχή.",
        "description_en": "A multi-layered sanctuary near ancient Abai, with an exceptionally long sequence of cult activity from the Mycenaean through the Roman period.",
        "end_year": 400,
        "entity_class": "sanctuary",
        "entity_id": "sanctuary-kalapodi-artemis-apollo-sanctuary",
        "entity_subtype": "cult_place",
        "external_links": [
          "https://pleiades.stoa.org/places/955675680"
        ],
        "geometry_role": "site",
        "location_certainty": "high",
        "modern_country_el": "Ελλάδα",
        "modern_country_en": "Greece",
        "modern_locality": "Kalapodi",
        "name_el": "Ιερό Αρτέμιδος και Απόλλωνα στο Καλαπόδι",
        "name_en": "Sanctuary of Artemis and Apollo at Kalapodi",
        "record_confidence": "high",
        "review_state": "reviewed",
        "source_id": "src-pleiades-955675680",
        "spatial_note_el": null,
        "spatial_note_en": null,
        "start_year": -1400
      },
      "type": "Feature"
    },
    {
      "geometry": {
        "coordinates": [
          27.25718605,
          36.87572129
        ],
        "type": "Point"
      },
      "id": "sanctuary-kos-asklepieion",
      "properties": {
        "ancient_name_grc": "Ἀσκληπιεῖον Κῷον",
        "chronology_basis": "cult_activity_window",
        "collections": [
          "sanctuary"
        ],
        "country_iso2": "GR",
        "country_iso3": "GRC",
        "date_label_el": "300 π.Χ.–400 μ.Χ.",
        "date_label_en": "300 BCE–400 CE",
        "description_el": "Μεγάλο θεραπευτικό ιερό σε τρία άνδηρα, συνδεδεμένο με την ιατρική παράδοση της Κω και πανελλήνιες γιορτές.",
        "description_en": "A major healing sanctuary arranged on three terraces, associated with the medical tradition of Kos and Panhellenic festivals.",
        "end_year": 400,
        "entity_class": "sanctuary",
        "entity_id": "sanctuary-kos-asklepieion",
        "entity_subtype": "healing_sanctuary",
        "external_links": [
          "https://pleiades.stoa.org/places/599528"
        ],
        "geometry_role": "site",
        "location_certainty": "high",
        "modern_country_el": "Ελλάδα",
        "modern_country_en": "Greece",
        "modern_locality": "Platani, Kos",
        "name_el": "Ασκληπιείο Κω",
        "name_en": "Asklepieion of Kos",
        "record_confidence": "high",
        "review_state": "reviewed",
        "source_id": "src-pleiades-599528",
        "spatial_note_el": null,
        "spatial_note_en": null,
        "start_year": -300
      },
      "type": "Feature"
    },
    {
      "geometry": {
        "coordinates": [
          32.8636043,
          34.67270936
        ],
        "type": "Point"
      },
      "id": "sanctuary-kourion-apollo-hylates-sanctuary",
      "properties": {
        "ancient_name_grc": "Ἀπόλλων Ὑλάτης",
        "chronology_basis": "cult_activity_window",
        "collections": [
          "sanctuary"
        ],
        "country_iso2": "CY",
        "country_iso3": "CYP",
        "date_label_el": "800 π.Χ.–365 μ.Χ.",
        "date_label_en": "800 BCE–365 CE",
        "description_el": "Μεγάλο κυπριακό ιερό βορειοδυτικά του Κουρίου, με αρχαϊκές απαρχές και μνημειακή ρωμαϊκή αναμόρφωση.",
        "description_en": "A major Cypriot sanctuary northwest of Kourion, with Archaic origins and a monumental Roman remodelling.",
        "end_year": 365,
        "entity_class": "sanctuary",
        "entity_id": "sanctuary-kourion-apollo-hylates-sanctuary",
        "entity_subtype": "cult_place",
        "external_links": [
          "https://pleiades.stoa.org/places/707476"
        ],
        "geometry_role": "site",
        "location_certainty": "high",
        "modern_country_el": "Κύπρος",
        "modern_country_en": "Cyprus",
        "modern_locality": "Episkopi, Limassol",
        "name_el": "Ιερό του Απόλλωνα Υλάτη",
        "name_en": "Sanctuary of Apollo Hylates",
        "record_confidence": "high",
        "review_state": "reviewed",
        "source_id": "src-pleiades-707476",
        "spatial_note_el": null,
        "spatial_note_en": null,
        "start_year": -800
      },
      "type": "Feature"
    },
    {
      "geometry": {
        "coordinates": [
          27.81999008,
          37.41890062
        ],
        "type": "Point"
      },
      "id": "sanctuary-labraunda-zeus-sanctuary",
      "properties": {
        "ancient_name_grc": "Λάβρανδα",
        "chronology_basis": "cult_activity_window",
        "collections": [
          "sanctuary"
        ],
        "country_iso2": "TR",
        "country_iso3": "TUR",
        "date_label_el": "700 π.Χ.–400 μ.Χ.",
        "date_label_en": "700 BCE–400 CE",
        "description_el": "Ορεινό καρικό ιερό με μνημειακές κλίμακες, ανδρώνες και ναό, ιδιαίτερα ανεπτυγμένο από τη δυναστεία των Εκατομνιδών.",
        "description_en": "A mountain sanctuary in Caria with monumental stairways, banqueting halls and a temple, developed especially under the Hecatomnid dynasty.",
        "end_year": 400,
        "entity_class": "sanctuary",
        "entity_id": "sanctuary-labraunda-zeus-sanctuary",
        "entity_subtype": "cult_place",
        "external_links": [
          "https://pleiades.stoa.org/places/599745"
        ],
        "geometry_role": "site",
        "location_certainty": "high",
        "modern_country_el": "Τουρκία",
        "modern_country_en": "Turkey",
        "modern_locality": "Labraunda, near Milas",
        "name_el": "Ιερό του Διός στα Λάβρανδα",
        "name_en": "Sanctuary of Zeus at Labraunda",
        "record_confidence": "high",
        "review_state": "reviewed",
        "source_id": "src-pleiades-599745",
        "spatial_note_el": null,
        "spatial_note_en": null,
        "start_year": -700
      },
      "type": "Feature"
    },
    {
      "geometry": {
        "coordinates": [
          28.03948,
          37.3785444
        ],
        "type": "Point"
      },
      "id": "sanctuary-lagina-hekate-sanctuary",
      "properties": {
        "ancient_name_grc": "Ἑκάτειον",
        "chronology_basis": "cult_activity_window",
        "collections": [
          "sanctuary"
        ],
        "country_iso2": "TR",
        "country_iso3": "TUR",
        "date_label_el": "300 π.Χ.–400 μ.Χ.",
        "date_label_en": "300 BCE–400 CE",
        "description_el": "Μνημειακό ιερό της Εκάτης, συνδεδεμένο με τη Στρατονίκεια μέσω ιεράς οδού και γνωστό για τη ζωφόρο του ύστερου 2ου αιώνα π.Χ.",
        "description_en": "A monumental sanctuary of Hecate connected to Stratonikeia by a sacred road and known for its late-second-century BCE frieze.",
        "end_year": 400,
        "entity_class": "sanctuary",
        "entity_id": "sanctuary-lagina-hekate-sanctuary",
        "entity_subtype": "cult_place",
        "external_links": [
          "https://pleiades.stoa.org/places/376215160"
        ],
        "geometry_role": "site",
        "location_certainty": "high",
        "modern_country_el": "Τουρκία",
        "modern_country_en": "Turkey",
        "modern_locality": "Turgut, Yatağan",
        "name_el": "Εκάτειο Λαγίνων",
        "name_en": "Sanctuary of Hekate at Lagina",
        "record_confidence": "high",
        "review_state": "reviewed",
        "source_id": "src-pleiades-376215160",
        "spatial_note_el": null,
        "spatial_note_en": null,
        "start_year": -300
      },
      "type": "Feature"
    },
    {
      "geometry": {
        "coordinates": [
          25.34165894,
          39.97934773
        ],
        "type": "Point"
      },
      "id": "sanctuary-lemnos-kabeirion",
      "properties": {
        "ancient_name_grc": "Καβείριον",
        "chronology_basis": "cult_activity_window",
        "collections": [
          "sanctuary"
        ],
        "country_iso2": "GR",
        "country_iso3": "GRC",
        "date_label_el": "700 π.Χ.–400 μ.Χ.",
        "date_label_en": "700 BCE–400 CE",
        "description_el": "Μυστηριακό ιερό απέναντι από την Ηφαιστία, με τελεστήρια διαδοχικών περιόδων και λατρεία συνδεδεμένη με τους Καβείρους.",
        "description_en": "A mystery sanctuary opposite Hephaistia, with initiation halls of successive periods and a cult associated with the Kabeiroi.",
        "end_year": 400,
        "entity_class": "sanctuary",
        "entity_id": "sanctuary-lemnos-kabeirion",
        "entity_subtype": "mystery_sanctuary",
        "external_links": [
          "https://pleiades.stoa.org/places/550604"
        ],
        "geometry_role": "site",
        "location_certainty": "high",
        "modern_country_el": "Ελλάδα",
        "modern_country_en": "Greece",
        "modern_locality": "Chloi, Lemnos",
        "name_el": "Καβείριο Λήμνου",
        "name_en": "Kabeirion of Lemnos",
        "record_confidence": "high",
        "review_state": "reviewed",
        "source_id": "src-pleiades-550604",
        "spatial_note_el": null,
        "spatial_note_en": null,
        "start_year": -700
      },
      "type": "Feature"
    },
    {
      "geometry": {
        "coordinates": [
          29.28956479,
          36.33171047
        ],
        "type": "Point"
      },
      "id": "sanctuary-letoon-lycian-sanctuary",
      "properties": {
        "ancient_name_grc": "Λητῷον",
        "chronology_basis": "cult_activity_window",
        "collections": [
          "sanctuary"
        ],
        "country_iso2": "TR",
        "country_iso3": "TUR",
        "date_label_el": "700 π.Χ.–400 μ.Χ.",
        "date_label_en": "700 BCE–400 CE",
        "description_el": "Ομοσπονδιακό ιερό των Λυκίων κοντά στην Ξάνθο, με τρεις κύριους ναούς, ιερή πηγή και επιγραφές σε πολλές γλώσσες.",
        "description_en": "Confederate Lycian sanctuary near Xanthos, with three main temples, holy spring and inscriptions in several languages.",
        "end_year": 400,
        "entity_class": "sanctuary",
        "entity_id": "sanctuary-letoon-lycian-sanctuary",
        "entity_subtype": "cult_place",
        "external_links": [
          "https://pleiades.stoa.org/places/638958"
        ],
        "geometry_role": "site",
        "location_certainty": "high",
        "modern_country_el": "Τουρκία",
        "modern_country_en": "Turkey",
        "modern_locality": "Kumluova",
        "name_el": "Λητώο της Λυκίας",
        "name_en": "Letoon Sanctuary",
        "record_confidence": "high",
        "review_state": "reviewed",
        "source_id": "src-pleiades-638958",
        "spatial_note_el": null,
        "spatial_note_en": null,
        "start_year": -700
      },
      "type": "Feature"
    },
    {
      "geometry": {
        "coordinates": [
          28.08844826,
          36.09101074
        ],
        "type": "Point"
      },
      "id": "sanctuary-lindos-athena-sanctuary",
      "properties": {
        "ancient_name_grc": "Ἀθηνᾶ Λινδία",
        "chronology_basis": "cult_activity_window",
        "collections": [
          "sanctuary"
        ],
        "country_iso2": "GR",
        "country_iso3": "GRC",
        "date_label_el": "900 π.Χ.–400 μ.Χ.",
        "date_label_en": "900 BCE–400 CE",
        "description_el": "Ιερό στην ακρόπολη της Λίνδου, με παλαιότερη λατρεία σε σπήλαιο και μνημειακή ελληνιστική διαμόρφωση με ναό, προπύλαια και στοές.",
        "description_en": "Sanctuary on the acropolis of Lindos, with earlier worship in a cave and a monumental Hellenistic configuration with a temple, propylaea and arcades.",
        "end_year": 400,
        "entity_class": "sanctuary",
        "entity_id": "sanctuary-lindos-athena-sanctuary",
        "entity_subtype": "cult_place",
        "external_links": [
          "https://pleiades.stoa.org/places/414067217"
        ],
        "geometry_role": "site",
        "location_certainty": "high",
        "modern_country_el": "Ελλάδα",
        "modern_country_en": "Greece",
        "modern_locality": "Lindos, Rhodes",
        "name_el": "Ιερό της Αθηνάς Λινδίας",
        "name_en": "Sanctuary of Athena Lindia",
        "record_confidence": "high",
        "review_state": "reviewed",
        "source_id": "src-pleiades-414067217",
        "spatial_note_el": null,
        "spatial_note_en": null,
        "start_year": -900
      },
      "type": "Feature"
    },
    {
      "geometry": {
        "coordinates": [
          16.2399,
          38.21084
        ],
        "type": "Point"
      },
      "id": "sanctuary-locri-mannella-persephone-sanctuary",
      "properties": {
        "ancient_name_grc": "Περσεφόνειον",
        "chronology_basis": "cult_activity_window",
        "collections": [
          "sanctuary"
        ],
        "country_iso2": "IT",
        "country_iso3": "ITA",
        "date_label_el": "650 π.Χ.–200 π.Χ.",
        "date_label_en": "650 BCE–200 BCE",
        "description_el": "Εξωαστικό ιερό των Λοκρών Επιζεφυρίων, διάσημο για τα ανάγλυφα pinakes και αναθήματα που συνδέονται με γάμο, μετάβαση και χθόνια λατρεία.",
        "description_en": "An extra-urban sanctuary of Locri Epizephyrii, famous for relief pinakes and offerings associated with marriage, transition and chthonic cult.",
        "end_year": -200,
        "entity_class": "sanctuary",
        "entity_id": "sanctuary-locri-mannella-persephone-sanctuary",
        "entity_subtype": "cult_place",
        "external_links": [],
        "geometry_role": "site",
        "location_certainty": "high",
        "modern_country_el": "Ιταλία",
        "modern_country_en": "Italy",
        "modern_locality": "Mannella, Locri",
        "name_el": "Ιερό της Περσεφόνης στη Mannella",
        "name_en": "Sanctuary of Persephone at Mannella",
        "record_confidence": "high",
        "review_state": "reviewed",
        "source_id": "src-museoarcheologicoreggiocalabria-a34e7a2bfa16",
        "spatial_note_el": null,
        "spatial_note_en": null,
        "start_year": -650
      },
      "type": "Feature"
    },
    {
      "geometry": {
        "coordinates": [
          27.52317844,
          37.84986234
        ],
        "type": "Point"
      },
      "id": "sanctuary-magnesia-artemis-leukophryene",
      "properties": {
        "ancient_name_grc": "Ἀρτέμιδος Λευκοφρυηνῆς ἱερόν",
        "chronology_basis": "cult_activity_window",
        "collections": [
          "sanctuary"
        ],
        "country_iso2": "TR",
        "country_iso3": "TUR",
        "date_label_el": "700 π.Χ.–400 μ.Χ.",
        "date_label_en": "700 BCE–400 CE",
        "description_el": "Κεντρικό ιερό της Μαγνησίας στον Μαίανδρο, με μνημειακό ψευδοδίπτερο ναό που αποδίδεται στον Ερμογένη.",
        "description_en": "The principal sanctuary of Magnesia on the Maeander, with a monumental pseudodipteral temple attributed to Hermogenes.",
        "end_year": 400,
        "entity_class": "sanctuary",
        "entity_id": "sanctuary-magnesia-artemis-leukophryene",
        "entity_subtype": "cult_place",
        "external_links": [
          "https://pleiades.stoa.org/places/599778"
        ],
        "geometry_role": "proxy",
        "location_certainty": "medium",
        "modern_country_el": "Τουρκία",
        "modern_country_en": "Turkey",
        "modern_locality": "Tekin, Germencik",
        "name_el": "Ιερό της Αρτέμιδος Λευκοφρυηνής",
        "name_en": "Sanctuary of Artemis Leukophryene",
        "record_confidence": "medium",
        "review_state": "reviewed",
        "source_id": "src-pleiades-599778",
        "spatial_note_el": "Το σημείο είναι προσεγγιστικός χωρικός δείκτης του ιερού μέσα στην αρχαία πόλη και όχι ανεξάρτητα αποτυπωμένο περίγραμμα του μνημείου.",
        "spatial_note_en": "The point is an approximate spatial marker for the sanctuary within the ancient settlement; it is not a surveyed footprint of the monument.",
        "start_year": -700
      },
      "type": "Feature"
    },
    {
      "geometry": {
        "coordinates": [
          22.4534818,
          37.0657435
        ],
        "type": "Point"
      },
      "id": "sanctuary-menelaion-sparta",
      "properties": {
        "ancient_name_grc": "Μενελάειον",
        "chronology_basis": "cult_activity_window",
        "collections": [
          "sanctuary"
        ],
        "country_iso2": "GR",
        "country_iso3": "GRC",
        "date_label_el": "700 π.Χ.–200 μ.Χ.",
        "date_label_en": "700 BCE–200 CE",
        "description_el": "Ηρωικό ιερό πάνω σε μυκηναϊκό συγκρότημα κοντά στις Θεράπνες, με λατρεία της Ελένης και του Μενελάου.",
        "description_en": "Heroic sanctuary on a Mycenaean complex near Therapnes, with cult of Helen and Menelaus.",
        "end_year": 200,
        "entity_class": "sanctuary",
        "entity_id": "sanctuary-menelaion-sparta",
        "entity_subtype": "hero_shrine",
        "external_links": [
          "https://pleiades.stoa.org/places/570477"
        ],
        "geometry_role": "site",
        "location_certainty": "high",
        "modern_country_el": "Ελλάδα",
        "modern_country_en": "Greece",
        "modern_locality": "Therapni, Sparta",
        "name_el": "Μενελάειο",
        "name_en": "Menelaion Sanctuary",
        "record_confidence": "high",
        "review_state": "reviewed",
        "source_id": "src-pleiades-570477",
        "spatial_note_el": null,
        "spatial_note_en": null,
        "start_year": -700
      },
      "type": "Feature"
    },
    {
      "geometry": {
        "coordinates": [
          16.81677139,
          40.41607388
        ],
        "type": "Point"
      },
      "id": "sanctuary-metapontum-tavole-palatine-heraion",
      "properties": {
        "ancient_name_grc": "Ἡραῖον Μεταποντίου",
        "chronology_basis": "cult_activity_window",
        "collections": [
          "sanctuary"
        ],
        "country_iso2": "IT",
        "country_iso3": "ITA",
        "date_label_el": "600 π.Χ.–200 μ.Χ.",
        "date_label_en": "600 BCE–200 CE",
        "description_el": "Εξωαστικό συνοριακό ιερό του Μεταποντίου με δωρικό ναό του 6ου αιώνα π.Χ. και δεκαπέντε σωζόμενες κολόνες.",
        "description_en": "An extra-urban boundary sanctuary of Metapontum with a sixth-century BCE Doric temple and fifteen surviving columns.",
        "end_year": 200,
        "entity_class": "sanctuary",
        "entity_id": "sanctuary-metapontum-tavole-palatine-heraion",
        "entity_subtype": "cult_place",
        "external_links": [
          "https://pleiades.stoa.org/places/442611"
        ],
        "geometry_role": "site",
        "location_certainty": "high",
        "modern_country_el": "Ιταλία",
        "modern_country_en": "Italy",
        "modern_locality": "Metaponto, Bernalda",
        "name_el": "Ηραίο των Tavole Palatine",
        "name_en": "Hera Sanctuary at Tavole Palatine",
        "record_confidence": "high",
        "review_state": "reviewed",
        "source_id": "src-pleiades-442611",
        "spatial_note_el": null,
        "spatial_note_en": null,
        "start_year": -600
      },
      "type": "Feature"
    },
    {
      "geometry": {
        "coordinates": [
          21.992287,
          37.4492021
        ],
        "type": "Point"
      },
      "id": "sanctuary-mount-lykaion-zeus-sanctuary",
      "properties": {
        "ancient_name_grc": "Λύκαιον",
        "chronology_basis": "cult_activity_window",
        "collections": [
          "sanctuary"
        ],
        "country_iso2": "GR",
        "country_iso3": "GRC",
        "date_label_el": "1600 π.Χ.–300 μ.Χ.",
        "date_label_en": "1600 BCE–300 CE",
        "description_el": "Υπαίθριο κορυφαίο ιερό με τέμενος, τέφρινο βωμό και αθλητικές εγκαταστάσεις χαμηλότερα στο όρος.",
        "description_en": "An open-air mountaintop sanctuary with a sacred precinct and ash altar, with athletic facilities lower on the mountain.",
        "end_year": 300,
        "entity_class": "sanctuary",
        "entity_id": "sanctuary-mount-lykaion-zeus-sanctuary",
        "entity_subtype": "peak_sanctuary",
        "external_links": [
          "https://pleiades.stoa.org/places/570764"
        ],
        "geometry_role": "site",
        "location_certainty": "high",
        "modern_country_el": "Ελλάδα",
        "modern_country_en": "Greece",
        "modern_locality": "Mount Lykaion",
        "name_el": "Ιερό του Λυκαίου Διός",
        "name_en": "Sanctuary of Zeus on Mount Lykaion",
        "record_confidence": "high",
        "review_state": "reviewed",
        "source_id": "src-pleiades-570764",
        "spatial_note_el": null,
        "spatial_note_en": null,
        "start_year": -1600
      },
      "type": "Feature"
    },
    {
      "geometry": {
        "coordinates": [
          30.5919275,
          30.900508
        ],
        "type": "Point"
      },
      "id": "sanctuary-naukratis-hellenion",
      "properties": {
        "ancient_name_grc": "Ἑλλήνιον",
        "chronology_basis": "cult_activity_window",
        "collections": [
          "sanctuary"
        ],
        "country_iso2": "EG",
        "country_iso3": "EGY",
        "date_label_el": "570 π.Χ.–100 μ.Χ.",
        "date_label_en": "570 BCE–100 CE",
        "description_el": "Κοινό τέμενος ελληνικών πόλεων στη Ναύκρατι· η γενική θέση είναι γνωστή από τις ανασκαφές, αλλά το σημείο αποδίδεται εδώ προσεγγιστικά.",
        "description_en": "A shared sacred precinct of Greek cities at Naukratis; excavations establish its general location, represented here by an approximate point.",
        "end_year": 100,
        "entity_class": "sanctuary",
        "entity_id": "sanctuary-naukratis-hellenion",
        "entity_subtype": "cult_place",
        "external_links": [],
        "geometry_role": "proxy",
        "location_certainty": "medium",
        "modern_country_el": "Αίγυπτος",
        "modern_country_en": "Egypt",
        "modern_locality": "Kom Gi'eif / El-Niqrash",
        "name_el": "Ελλήνιο της Ναυκράτιδος",
        "name_en": "Hellenion at Naukratis",
        "record_confidence": "medium",
        "review_state": "reviewed",
        "source_id": "src-britishmuseum-4626abd5cbdd",
        "spatial_note_el": "Το σημείο είναι προσεγγιστικός χωρικός δείκτης του ιερού μέσα στην αρχαία πόλη και όχι ανεξάρτητα αποτυπωμένο περίγραμμα του μνημείου.",
        "spatial_note_en": "The point is an approximate spatial marker for the sanctuary within the ancient settlement; it is not a surveyed footprint of the monument.",
        "start_year": -570
      },
      "type": "Feature"
    },
    {
      "geometry": {
        "coordinates": [
          22.71067954,
          37.80905853
        ],
        "type": "Point"
      },
      "id": "sanctuary-nemea-zeus-sanctuary",
      "properties": {
        "ancient_name_grc": "Νεμέα",
        "chronology_basis": "cult_activity_window",
        "collections": [
          "sanctuary"
        ],
        "country_iso2": "GR",
        "country_iso3": "GRC",
        "date_label_el": "600 π.Χ.–300 μ.Χ.",
        "date_label_en": "600 BCE–300 CE",
        "description_el": "Πανελλήνιο ιερό και έδρα των Νεμέων, με διαδοχικούς ναούς του Δία, βωμό, ξενώνες, λουτρό και στάδιο.",
        "description_en": "A Panhellenic sanctuary and venue of the Nemean Games, with successive temples of Zeus, an altar, guest houses, bath and stadium.",
        "end_year": 300,
        "entity_class": "sanctuary",
        "entity_id": "sanctuary-nemea-zeus-sanctuary",
        "entity_subtype": "cult_place",
        "external_links": [
          "https://pleiades.stoa.org/places/570504"
        ],
        "geometry_role": "site",
        "location_certainty": "high",
        "modern_country_el": "Ελλάδα",
        "modern_country_en": "Greece",
        "modern_locality": "Archaia Nemea",
        "name_el": "Ιερό του Νεμείου Διός",
        "name_en": "Sanctuary of Nemean Zeus",
        "record_confidence": "high",
        "review_state": "reviewed",
        "source_id": "src-pleiades-570504",
        "spatial_note_el": null,
        "spatial_note_en": null,
        "start_year": -600
      },
      "type": "Feature"
    },
    {
      "geometry": {
        "coordinates": [
          31.9049,
          46.69293
        ],
        "type": "Point"
      },
      "id": "sanctuary-olbia-apollo-delphinios-sanctuary",
      "properties": {
        "ancient_name_grc": "Ἀπόλλωνος Δελφινίου τέμενος",
        "chronology_basis": "cult_activity_window",
        "collections": [
          "sanctuary"
        ],
        "country_iso2": "UA",
        "country_iso3": "UKR",
        "date_label_el": "550 π.Χ.–55 π.Χ.",
        "date_label_en": "550 BCE–55 BCE",
        "description_el": "Κεντρικό τέμενος κοντά στην αγορά της Ολβίας με ναό και βωμούς· η συντεταγμένη είναι προσεγγιστική λόγω της πολυφασικής ανασκαφής.",
        "description_en": "A central sacred precinct near the agora of Olbia, with a temple and altars; the coordinate is approximate because the excavated remains are multi-phase.",
        "end_year": -55,
        "entity_class": "sanctuary",
        "entity_id": "sanctuary-olbia-apollo-delphinios-sanctuary",
        "entity_subtype": "cult_place",
        "external_links": [],
        "geometry_role": "proxy",
        "location_certainty": "medium",
        "modern_country_el": "Ουκρανία",
        "modern_country_en": "Ukraine",
        "modern_locality": "Parutyne, Mykolaiv Oblast",
        "name_el": "Ιερό του Απόλλωνα Δελφινίου στην Ολβία",
        "name_en": "Sanctuary of Apollo Delphinios at Olbia Pontica",
        "record_confidence": "medium",
        "review_state": "reviewed",
        "source_id": "src-penn-a97aa05ea214",
        "spatial_note_el": "Το σημείο αποδίδει προσεγγιστικά το πολυφασικό τέμενος κοντά στην αγορά της Ολβίας και όχι αποτυπωμένο περίγραμμα.",
        "spatial_note_en": "The point approximately locates the multi-phase precinct near the Olbian agora and is not a surveyed footprint.",
        "start_year": -550
      },
      "type": "Feature"
    },
    {
      "geometry": {
        "coordinates": [
          21.6308144,
          37.6386835
        ],
        "type": "Point"
      },
      "id": "sanctuary-olympia-zeus-sanctuary",
      "properties": {
        "ancient_name_grc": "Ὀλυμπία",
        "chronology_basis": "cult_activity_window",
        "collections": [
          "sanctuary"
        ],
        "country_iso2": "GR",
        "country_iso3": "GRC",
        "date_label_el": "1000 π.Χ.–393 μ.Χ.",
        "date_label_en": "1000 BCE–393 CE",
        "description_el": "Η Άλτις ήταν το πανελλήνιο τέμενος του Δία και ο πυρήνας των Ολυμπιακών Αγώνων, με ναούς, βωμούς και θησαυρούς.",
        "description_en": "The Altis was the Panhellenic sacred precinct of Zeus and the ritual core of the Olympic Games, with temples, altars and treasuries.",
        "end_year": 393,
        "entity_class": "sanctuary",
        "entity_id": "sanctuary-olympia-zeus-sanctuary",
        "entity_subtype": "cult_place",
        "external_links": [
          "https://pleiades.stoa.org/places/570531"
        ],
        "geometry_role": "site",
        "location_certainty": "high",
        "modern_country_el": "Ελλάδα",
        "modern_country_en": "Greece",
        "modern_locality": "Archaia Olympia",
        "name_el": "Ιερό του Δία στην Ολυμπία",
        "name_en": "Sanctuary of Zeus at Olympia",
        "record_confidence": "high",
        "review_state": "reviewed",
        "source_id": "src-pleiades-570531",
        "spatial_note_el": null,
        "spatial_note_en": null,
        "start_year": -1000
      },
      "type": "Feature"
    },
    {
      "geometry": {
        "coordinates": [
          23.84564,
          38.29100503
        ],
        "type": "Point"
      },
      "id": "sanctuary-oropos-amphiareion",
      "properties": {
        "ancient_name_grc": "Ἀμφιαράειον",
        "chronology_basis": "cult_activity_window",
        "collections": [
          "sanctuary"
        ],
        "country_iso2": "GR",
        "country_iso3": "GRC",
        "date_label_el": "500 π.Χ.–400 μ.Χ.",
        "date_label_en": "500 BCE–400 CE",
        "description_el": "Θεραπευτικό μαντείο του ήρωα Αμφιαράου, με ιερή πηγή, εγκοιμητήριο, ναό, στοά και θέατρο.",
        "description_en": "A healing oracle of the hero Amphiaraos, with a sacred spring, incubation hall, temple, stoa and theatre.",
        "end_year": 400,
        "entity_class": "sanctuary",
        "entity_id": "sanctuary-oropos-amphiareion",
        "entity_subtype": "healing_sanctuary",
        "external_links": [
          "https://pleiades.stoa.org/places/540628"
        ],
        "geometry_role": "site",
        "location_certainty": "high",
        "modern_country_el": "Ελλάδα",
        "modern_country_en": "Greece",
        "modern_locality": "Markopoulo Oropou",
        "name_el": "Αμφιαράειο Ωρωπού",
        "name_en": "Amphiareion of Oropos",
        "record_confidence": "high",
        "review_state": "reviewed",
        "source_id": "src-pleiades-540628",
        "spatial_note_el": null,
        "spatial_note_en": null,
        "start_year": -500
      },
      "type": "Feature"
    },
    {
      "geometry": {
        "coordinates": [
          32.5736088,
          34.7068294
        ],
        "type": "Point"
      },
      "id": "sanctuary-palaepaphos-aphrodite-sanctuary",
      "properties": {
        "ancient_name_grc": "Παλαίπαφος",
        "chronology_basis": "cult_activity_window",
        "collections": [
          "sanctuary"
        ],
        "country_iso2": "CY",
        "country_iso3": "CYP",
        "date_label_el": "1200 π.Χ.–391 μ.Χ.",
        "date_label_en": "1200 BCE–391 CE",
        "description_el": "Κύριο παγκύπριο κέντρο της Αφροδίτης, με λατρεία ανεικονικού λίθου και συνεχή ακτινοβολία από την Ύστερη Εποχή του Χαλκού.",
        "description_en": "The principal pan-Cypriot centre of Aphrodite, with the cult of an aniconic stone and sustained influence from the Late Bronze Age.",
        "end_year": 391,
        "entity_class": "sanctuary",
        "entity_id": "sanctuary-palaepaphos-aphrodite-sanctuary",
        "entity_subtype": "cult_place",
        "external_links": [
          "https://pleiades.stoa.org/places/828989863"
        ],
        "geometry_role": "site",
        "location_certainty": "high",
        "modern_country_el": "Κύπρος",
        "modern_country_en": "Cyprus",
        "modern_locality": "Kouklia",
        "name_el": "Ιερό της Αφροδίτης στην Παλαίπαφο",
        "name_en": "Sanctuary of Aphrodite at Palaepaphos",
        "record_confidence": "high",
        "review_state": "reviewed",
        "source_id": "src-pleiades-828989863",
        "spatial_note_el": null,
        "spatial_note_en": null,
        "start_year": -1200
      },
      "type": "Feature"
    },
    {
      "geometry": {
        "coordinates": [
          27.329993,
          37.703924
        ],
        "type": "Point"
      },
      "id": "sanctuary-panionion-poseidon-sanctuary",
      "properties": {
        "ancient_name_grc": "Πανιώνιον",
        "chronology_basis": "cult_activity_window",
        "collections": [
          "sanctuary"
        ],
        "country_iso2": "TR",
        "country_iso3": "TUR",
        "date_label_el": "700 π.Χ.–300 μ.Χ.",
        "date_label_en": "700 BCE–300 CE",
        "description_el": "Ομοσπονδιακό ιερό και τόπος συνελεύσεων του Κοινού των Ιώνων στη βόρεια πλαγιά της Μυκάλης.",
        "description_en": "A federal sanctuary and meeting place of the Ionian League on the northern slope of Mount Mycale.",
        "end_year": 300,
        "entity_class": "sanctuary",
        "entity_id": "sanctuary-panionion-poseidon-sanctuary",
        "entity_subtype": "cult_place",
        "external_links": [
          "https://pleiades.stoa.org/places/599855"
        ],
        "geometry_role": "site",
        "location_certainty": "high",
        "modern_country_el": "Τουρκία",
        "modern_country_en": "Turkey",
        "modern_locality": "Güzelçamlı",
        "name_el": "Πανιώνιο",
        "name_en": "Panionion Sanctuary",
        "record_confidence": "high",
        "review_state": "reviewed",
        "source_id": "src-pleiades-599855",
        "spatial_note_el": null,
        "spatial_note_en": null,
        "start_year": -700
      },
      "type": "Feature"
    },
    {
      "geometry": {
        "coordinates": [
          36.46945,
          45.35095
        ],
        "type": "Point"
      },
      "id": "sanctuary-pantikapaion-apollo-ietros-sanctuary",
      "properties": {
        "ancient_name_grc": "Ἀπόλλωνος Ἰητροῦ ἱερόν",
        "chronology_basis": "cult_activity_window",
        "collections": [
          "sanctuary"
        ],
        "country_iso2": "UA",
        "country_iso3": "UKR",
        "date_label_el": "550 π.Χ.–300 μ.Χ.",
        "date_label_en": "550 BCE–300 CE",
        "description_el": "Κύριο ιερό της μιλησιακής αποικίας στην ακρόπολη του όρους Μιθριδάτη· η θέση αποδίδεται προσεγγιστικά λόγω αποσπασματικής διατήρησης.",
        "description_en": "Main sanctuary of the Milesian colony on the acropolis of Mount Mithridates; the location is approximate due to fragmentary preservation.",
        "end_year": 300,
        "entity_class": "sanctuary",
        "entity_id": "sanctuary-pantikapaion-apollo-ietros-sanctuary",
        "entity_subtype": "cult_place",
        "external_links": [
          "https://pleiades.stoa.org/places/854719"
        ],
        "geometry_role": "proxy",
        "location_certainty": "medium",
        "modern_country_el": "Ουκρανία",
        "modern_country_en": "Ukraine",
        "modern_locality": "Kerch",
        "name_el": "Ιερό του Απόλλωνα Ιητρού στο Παντικάπαιο",
        "name_en": "Sanctuary of Apollo Ietros at Pantikapaion",
        "record_confidence": "medium",
        "review_state": "reviewed",
        "source_id": "src-pleiades-854719",
        "spatial_note_el": "Το σημείο είναι προσεγγιστικός χωρικός δείκτης του ιερού μέσα στην αρχαία πόλη και όχι ανεξάρτητα αποτυπωμένο περίγραμμα του μνημείου.",
        "spatial_note_en": "The point is an approximate spatial marker for the sanctuary within the ancient settlement; it is not a surveyed footprint of the monument.",
        "start_year": -550
      },
      "type": "Feature"
    },
    {
      "geometry": {
        "coordinates": [
          22.85281872,
          38.02810774
        ],
        "type": "Point"
      },
      "id": "sanctuary-perachora-heraion",
      "properties": {
        "ancient_name_grc": "Ἥρας Ἀκραίας ἱερόν",
        "chronology_basis": "cult_activity_window",
        "collections": [
          "sanctuary"
        ],
        "country_iso2": "GR",
        "country_iso3": "GRC",
        "date_label_el": "800 π.Χ.–146 π.Χ.",
        "date_label_en": "800 BCE–146 BCE",
        "description_el": "Παράκτιο κορινθιακό ιερό με δύο κύριες λατρευτικές ενότητες, βωμούς, δεξαμενή και εκτεταμένα αναθήματα.",
        "description_en": "Coastal Corinthian sanctuary with two main worship sections, altars, cistern and extensive votive offerings.",
        "end_year": -146,
        "entity_class": "sanctuary",
        "entity_id": "sanctuary-perachora-heraion",
        "entity_subtype": "cult_place",
        "external_links": [
          "https://pleiades.stoa.org/places/570288"
        ],
        "geometry_role": "site",
        "location_certainty": "high",
        "modern_country_el": "Ελλάδα",
        "modern_country_en": "Greece",
        "modern_locality": "Perachora",
        "name_el": "Ηραίο Περαχώρας",
        "name_en": "Heraion of Perachora",
        "record_confidence": "high",
        "review_state": "reviewed",
        "source_id": "src-pleiades-570288",
        "spatial_note_el": null,
        "spatial_note_en": null,
        "start_year": -800
      },
      "type": "Feature"
    },
    {
      "geometry": {
        "coordinates": [
          27.16563039,
          39.11886849
        ],
        "type": "Point"
      },
      "id": "sanctuary-pergamon-asklepieion",
      "properties": {
        "ancient_name_grc": "Ἀσκληπιεῖον Περγάμου",
        "chronology_basis": "cult_activity_window",
        "collections": [
          "sanctuary"
        ],
        "country_iso2": "TR",
        "country_iso3": "TUR",
        "date_label_el": "400 π.Χ.–400 μ.Χ.",
        "date_label_en": "400 BCE–400 CE",
        "description_el": "Διεθνώς γνωστό θεραπευτικό ιερό νότια της ακρόπολης, με ιερά οδό, εγκοιμητήριο, πηγές, θέατρο και ρωμαϊκές αίθουσες θεραπείας.",
        "description_en": "An internationally renowned healing sanctuary south of the acropolis, with a Sacred Way, incubation hall, springs, theatre and Roman treatment rooms.",
        "end_year": 400,
        "entity_class": "sanctuary",
        "entity_id": "sanctuary-pergamon-asklepieion",
        "entity_subtype": "healing_sanctuary",
        "external_links": [
          "https://pleiades.stoa.org/places/550459"
        ],
        "geometry_role": "site",
        "location_certainty": "high",
        "modern_country_el": "Τουρκία",
        "modern_country_en": "Turkey",
        "modern_locality": "Bergama",
        "name_el": "Ασκληπιείο Περγάμου",
        "name_en": "Asklepieion of Pergamon",
        "record_confidence": "high",
        "review_state": "reviewed",
        "source_id": "src-pleiades-550459",
        "spatial_note_el": null,
        "spatial_note_en": null,
        "start_year": -400
      },
      "type": "Feature"
    },
    {
      "geometry": {
        "coordinates": [
          27.29661487,
          37.65924143
        ],
        "type": "Point"
      },
      "id": "sanctuary-priene-athena-polias-sanctuary",
      "properties": {
        "ancient_name_grc": "Ἀθηνᾶ Πολιάς",
        "chronology_basis": "cult_activity_window",
        "collections": [
          "sanctuary"
        ],
        "country_iso2": "TR",
        "country_iso3": "TUR",
        "date_label_el": "350 π.Χ.–400 μ.Χ.",
        "date_label_en": "350 BCE–400 CE",
        "description_el": "Κύριο αστικό ιερό της Πριήνης με ιωνικό ναό σχεδιασμένο από τον Πύθεο και αφιέρωση που συνδέθηκε με τον Μέγα Αλέξανδρο.",
        "description_en": "Priene's main urban sanctuary with an Ionic temple designed by Pytheos and a dedication associated with Alexander the Great.",
        "end_year": 400,
        "entity_class": "sanctuary",
        "entity_id": "sanctuary-priene-athena-polias-sanctuary",
        "entity_subtype": "cult_place",
        "external_links": [
          "https://pleiades.stoa.org/places/298577312"
        ],
        "geometry_role": "site",
        "location_certainty": "high",
        "modern_country_el": "Τουρκία",
        "modern_country_en": "Turkey",
        "modern_locality": "Güllübahçe",
        "name_el": "Ιερό της Αθηνάς Πολιάδος στην Πριήνη",
        "name_en": "Sanctuary of Athena Polias at Priene",
        "record_confidence": "high",
        "review_state": "reviewed",
        "source_id": "src-pleiades-298577312",
        "spatial_note_el": null,
        "spatial_note_en": null,
        "start_year": -350
      },
      "type": "Feature"
    },
    {
      "geometry": {
        "coordinates": [
          27.86460035,
          36.2068373
        ],
        "type": "Point"
      },
      "id": "sanctuary-rhodes-zeus-atabyrios-sanctuary",
      "properties": {
        "ancient_name_grc": "Ζεὺς Ἀταβύριος",
        "chronology_basis": "cult_activity_window",
        "collections": [
          "sanctuary"
        ],
        "country_iso2": "GR",
        "country_iso3": "GRC",
        "date_label_el": "700 π.Χ.–400 μ.Χ.",
        "date_label_en": "700 BCE–400 CE",
        "description_el": "Κορυφαίο ιερό στο υψηλότερο όρος της Ρόδου, με πανοραμικό έλεγχο του νησιού και λατρεία του τοπικού Δία.",
        "description_en": "A mountaintop sanctuary on the highest peak of Rhodes, commanding wide views over the island and dedicated to its local Zeus.",
        "end_year": 400,
        "entity_class": "sanctuary",
        "entity_id": "sanctuary-rhodes-zeus-atabyrios-sanctuary",
        "entity_subtype": "peak_sanctuary",
        "external_links": [
          "https://pleiades.stoa.org/places/590099"
        ],
        "geometry_role": "site",
        "location_certainty": "high",
        "modern_country_el": "Ελλάδα",
        "modern_country_en": "Greece",
        "modern_locality": "Mount Atavyros, Rhodes",
        "name_el": "Ιερό του Αταβυρίου Διός",
        "name_en": "Sanctuary of Zeus Atabyrios",
        "record_confidence": "high",
        "review_state": "reviewed",
        "source_id": "src-pleiades-590099",
        "spatial_note_el": null,
        "spatial_note_en": null,
        "start_year": -700
      },
      "type": "Feature"
    },
    {
      "geometry": {
        "coordinates": [
          26.88591701,
          37.67196784
        ],
        "type": "Point"
      },
      "id": "sanctuary-samos-heraion",
      "properties": {
        "ancient_name_grc": "Ἡραῖον Σάμου",
        "chronology_basis": "cult_activity_window",
        "collections": [
          "sanctuary"
        ],
        "country_iso2": "GR",
        "country_iso3": "GRC",
        "date_label_el": "1000 π.Χ.–400 μ.Χ.",
        "date_label_en": "1000 BCE–400 CE",
        "description_el": "Μείζον ιωνικό ιερό κοντά στις εκβολές του Ίμβρασου, με διαδοχικούς γιγαντιαίους ναούς και πλούσιες διεθνείς αναθήσεις.",
        "description_en": "A major Ionic sanctuary near the mouth of the Imbrasos, with successive gigantic temples and rich international dedications.",
        "end_year": 400,
        "entity_class": "sanctuary",
        "entity_id": "sanctuary-samos-heraion",
        "entity_subtype": "cult_place",
        "external_links": [
          "https://pleiades.stoa.org/places/599641"
        ],
        "geometry_role": "site",
        "location_certainty": "high",
        "modern_country_el": "Ελλάδα",
        "modern_country_en": "Greece",
        "modern_locality": "Ireon, Samos",
        "name_el": "Ηραίο Σάμου",
        "name_en": "Heraion of Samos",
        "record_confidence": "high",
        "review_state": "reviewed",
        "source_id": "src-pleiades-599641",
        "spatial_note_el": null,
        "spatial_note_en": null,
        "start_year": -1000
      },
      "type": "Feature"
    },
    {
      "geometry": {
        "coordinates": [
          25.53017343,
          40.50081363
        ],
        "type": "Point"
      },
      "id": "sanctuary-samothrace-great-gods-sanctuary",
      "properties": {
        "ancient_name_grc": "Θεῶν Μεγάλων ἱερόν",
        "chronology_basis": "cult_activity_window",
        "collections": [
          "sanctuary"
        ],
        "country_iso2": "GR",
        "country_iso3": "GRC",
        "date_label_el": "700 π.Χ.–400 μ.Χ.",
        "date_label_en": "700 BCE–400 CE",
        "description_el": "Διεθνές μυστηριακό ιερό σε διαδοχικά άνδηρα, γνωστό για τελετές μύησης και μνημεία ελληνιστικών βασιλικών οίκων.",
        "description_en": "An international mystery sanctuary arranged on successive terraces, known for initiation rites and monuments of Hellenistic royal houses.",
        "end_year": 400,
        "entity_class": "sanctuary",
        "entity_id": "sanctuary-samothrace-great-gods-sanctuary",
        "entity_subtype": "mystery_sanctuary",
        "external_links": [
          "https://pleiades.stoa.org/places/501511"
        ],
        "geometry_role": "site",
        "location_certainty": "high",
        "modern_country_el": "Ελλάδα",
        "modern_country_en": "Greece",
        "modern_locality": "Paleopoli, Samothrace",
        "name_el": "Ιερό των Μεγάλων Θεών στη Σαμοθράκη",
        "name_en": "Sanctuary of the Great Gods at Samothrace",
        "record_confidence": "high",
        "review_state": "reviewed",
        "source_id": "src-pleiades-501511",
        "spatial_note_el": null,
        "spatial_note_en": null,
        "start_year": -700
      },
      "type": "Feature"
    },
    {
      "geometry": {
        "coordinates": [
          28.03117478,
          38.47976506
        ],
        "type": "Point"
      },
      "id": "sanctuary-sardis-artemis-sanctuary",
      "properties": {
        "ancient_name_grc": "Ἀρτέμιδος ἱερόν ἐν Σάρδεσι",
        "chronology_basis": "cult_activity_window",
        "collections": [
          "sanctuary"
        ],
        "country_iso2": "TR",
        "country_iso3": "TUR",
        "date_label_el": "550 π.Χ.–400 μ.Χ.",
        "date_label_en": "550 BCE–400 CE",
        "description_el": "Μεγάλο λυδικό ιερό με περσική λατρευτική φάση και μνημειακό ελληνιστικό-ρωμαϊκό ναό που παρέμεινε ημιτελής.",
        "description_en": "A large Lydian sanctuary with a Persian cult phase and a monumental Hellenistic-Roman temple that remained incomplete.",
        "end_year": 400,
        "entity_class": "sanctuary",
        "entity_id": "sanctuary-sardis-artemis-sanctuary",
        "entity_subtype": "cult_place",
        "external_links": [
          "https://pleiades.stoa.org/places/66376536"
        ],
        "geometry_role": "site",
        "location_certainty": "high",
        "modern_country_el": "Τουρκία",
        "modern_country_en": "Turkey",
        "modern_locality": "Sart",
        "name_el": "Ιερό της Αρτέμιδος στις Σάρδεις",
        "name_en": "Sanctuary of Artemis at Sardis",
        "record_confidence": "high",
        "review_state": "reviewed",
        "source_id": "src-pleiades-66376536",
        "spatial_note_el": null,
        "spatial_note_en": null,
        "start_year": -550
      },
      "type": "Feature"
    },
    {
      "geometry": {
        "coordinates": [
          12.832405,
          37.94147
        ],
        "type": "Point"
      },
      "id": "sanctuary-segesta-doric-temple-sanctuary",
      "properties": {
        "ancient_name_grc": null,
        "chronology_basis": "cult_activity_window",
        "collections": [
          "sanctuary"
        ],
        "country_iso2": "IT",
        "country_iso3": "ITA",
        "date_label_el": "430 π.Χ.–300 π.Χ.",
        "date_label_en": "430 BCE–300 BCE",
        "description_el": "Ημιτελής περίπτερος δωρικός ναός του ύστερου 5ου αιώνα π.Χ. σε εξωαστική θέση· η αφιέρωση και η ακριβής λειτουργία του παραμένουν αβέβαιες.",
        "description_en": "An unfinished peripteral Doric temple of the late fifth century BCE in an extra-urban setting; its dedication and precise function remain uncertain.",
        "end_year": -300,
        "entity_class": "sanctuary",
        "entity_id": "sanctuary-segesta-doric-temple-sanctuary",
        "entity_subtype": "cult_place",
        "external_links": [
          "https://pleiades.stoa.org/places/963441586"
        ],
        "geometry_role": "site",
        "location_certainty": "medium",
        "modern_country_el": "Ιταλία",
        "modern_country_en": "Italy",
        "modern_locality": "Calatafimi-Segesta",
        "name_el": "Δωρικός ναός της Έγεστας",
        "name_en": "Doric Temple of Segesta",
        "record_confidence": "medium",
        "review_state": "reviewed",
        "source_id": "src-pleiades-963441586",
        "spatial_note_el": null,
        "spatial_note_en": null,
        "start_year": -430
      },
      "type": "Feature"
    },
    {
      "geometry": {
        "coordinates": [
          12.81694173,
          37.58686508
        ],
        "type": "Point"
      },
      "id": "sanctuary-selinous-demeter-malophoros-sanctuary",
      "properties": {
        "ancient_name_grc": "Δήμητρος Μαλοφόρου ἱερόν",
        "chronology_basis": "cult_activity_window",
        "collections": [
          "sanctuary"
        ],
        "country_iso2": "IT",
        "country_iso3": "ITA",
        "date_label_el": "650 π.Χ.–250 π.Χ.",
        "date_label_en": "650 BCE–250 BCE",
        "description_el": "Μεγάλο εξωαστικό τέμενος δυτικά της πόλης, με ναό, βωμούς και χιλιάδες αναθήματα που μαρτυρούν μακρά και πολυπολιτισμική χρήση.",
        "description_en": "A large extra-urban sacred precinct west of the city, with a temple, altars and thousands of offerings attesting long and multicultural use.",
        "end_year": -250,
        "entity_class": "sanctuary",
        "entity_id": "sanctuary-selinous-demeter-malophoros-sanctuary",
        "entity_subtype": "cult_place",
        "external_links": [
          "https://pleiades.stoa.org/places/502577471"
        ],
        "geometry_role": "site",
        "location_certainty": "high",
        "modern_country_el": "Ιταλία",
        "modern_country_en": "Italy",
        "modern_locality": "Marinella di Selinunte",
        "name_el": "Ιερό της Δήμητρας Μαλοφόρου στον Σελινούντα",
        "name_en": "Sanctuary of Demeter Malophoros at Selinus",
        "record_confidence": "high",
        "review_state": "reviewed",
        "source_id": "src-pleiades-502577471",
        "spatial_note_el": null,
        "spatial_note_en": null,
        "start_year": -650
      },
      "type": "Feature"
    },
    {
      "geometry": {
        "coordinates": [
          25.54350736,
          29.2051738
        ],
        "type": "Point"
      },
      "id": "sanctuary-siwa-amun-zeus-oracle",
      "properties": {
        "ancient_name_grc": "Ἄμμωνος χρηστήριον",
        "chronology_basis": "cult_activity_window",
        "collections": [
          "sanctuary"
        ],
        "country_iso2": "EG",
        "country_iso3": "EGY",
        "date_label_el": "650 π.Χ.–400 μ.Χ.",
        "date_label_en": "650 BCE–400 CE",
        "description_el": "Περίφημο μαντείο στην όαση της Σίβα, όπου ο αιγυπτιακός Άμμων ταυτίστηκε με τον Δία και το οποίο συμβουλεύτηκε ο Αλέξανδρος.",
        "description_en": "A celebrated oracle at the Siwa Oasis, where the Egyptian Amun was identified with Zeus and which Alexander consulted.",
        "end_year": 400,
        "entity_class": "sanctuary",
        "entity_id": "sanctuary-siwa-amun-zeus-oracle",
        "entity_subtype": "oracle",
        "external_links": [
          "https://pleiades.stoa.org/places/716520"
        ],
        "geometry_role": "site",
        "location_certainty": "high",
        "modern_country_el": "Αίγυπτος",
        "modern_country_en": "Egypt",
        "modern_locality": "Aghurmi, Siwa Oasis",
        "name_el": "Μαντείο του Άμμωνα στη Σίβα",
        "name_en": "Oracle of Amun/Zeus Ammon at Siwa",
        "record_confidence": "high",
        "review_state": "reviewed",
        "source_id": "src-pleiades-716520",
        "spatial_note_el": null,
        "spatial_note_en": null,
        "start_year": -650
      },
      "type": "Feature"
    },
    {
      "geometry": {
        "coordinates": [
          26.1177415,
          39.5362071
        ],
        "type": "Point"
      },
      "id": "sanctuary-smintheion-apollo-sanctuary",
      "properties": {
        "ancient_name_grc": "Σμίνθειον",
        "chronology_basis": "cult_activity_window",
        "collections": [
          "sanctuary"
        ],
        "country_iso2": "TR",
        "country_iso3": "TUR",
        "date_label_el": "700 π.Χ.–400 μ.Χ.",
        "date_label_en": "700 BCE–400 CE",
        "description_el": "Ιερό της Τρωάδας γνωστό από τον Όμηρο, με μνημειακό ιωνικό ναό του 2ου αιώνα π.Χ. και ανάγλυφα του τρωικού κύκλου.",
        "description_en": "Sanctuary of Troas known by Homer, with a monumental Ionic temple of the 2nd century BC. and reliefs of the trojan cycle.",
        "end_year": 400,
        "entity_class": "sanctuary",
        "entity_id": "sanctuary-smintheion-apollo-sanctuary",
        "entity_subtype": "cult_place",
        "external_links": [
          "https://pleiades.stoa.org/places/550892"
        ],
        "geometry_role": "site",
        "location_certainty": "high",
        "modern_country_el": "Τουρκία",
        "modern_country_en": "Turkey",
        "modern_locality": "Gülpınar",
        "name_el": "Σμίνθειο",
        "name_en": "Sanctuary of Apollo Smintheus",
        "record_confidence": "high",
        "review_state": "reviewed",
        "source_id": "src-pleiades-550892",
        "spatial_note_el": null,
        "spatial_note_en": null,
        "start_year": -700
      },
      "type": "Feature"
    },
    {
      "geometry": {
        "coordinates": [
          24.02458985,
          37.65021167
        ],
        "type": "Point"
      },
      "id": "sanctuary-sounion-poseidon-sanctuary",
      "properties": {
        "ancient_name_grc": "Σούνιον",
        "chronology_basis": "cult_activity_window",
        "collections": [
          "sanctuary"
        ],
        "country_iso2": "GR",
        "country_iso3": "GRC",
        "date_label_el": "700 π.Χ.–300 μ.Χ.",
        "date_label_en": "700 BCE–300 CE",
        "description_el": "Οχυρωμένο παράκτιο ιερό στο νοτιότερο άκρο της Αττικής, με τον κλασικό μαρμάρινο ναό πάνω σε παλαιότερο αρχαϊκό.",
        "description_en": "Fortified coastal sanctuary at the southernmost tip of Attica, with the classical marble temple on top of an older archaic one.",
        "end_year": 300,
        "entity_class": "sanctuary",
        "entity_id": "sanctuary-sounion-poseidon-sanctuary",
        "entity_subtype": "cult_place",
        "external_links": [
          "https://pleiades.stoa.org/places/580086"
        ],
        "geometry_role": "site",
        "location_certainty": "high",
        "modern_country_el": "Ελλάδα",
        "modern_country_en": "Greece",
        "modern_locality": "Sounio",
        "name_el": "Ιερό του Ποσειδώνα στο Σούνιο",
        "name_en": "Sanctuary of Poseidon at Sounion",
        "record_confidence": "high",
        "review_state": "reviewed",
        "source_id": "src-pleiades-580086",
        "spatial_note_el": null,
        "spatial_note_en": null,
        "start_year": -700
      },
      "type": "Feature"
    },
    {
      "geometry": {
        "coordinates": [
          15.29302272,
          37.06391256
        ],
        "type": "Point"
      },
      "id": "sanctuary-syracuse-apollo-sanctuary",
      "properties": {
        "ancient_name_grc": "Ἀπόλλωνος ἱερόν ἐν Ὀρτυγίᾳ",
        "chronology_basis": "cult_activity_window",
        "collections": [
          "sanctuary"
        ],
        "country_iso2": "IT",
        "country_iso3": "ITA",
        "date_label_el": "600 π.Χ.–400 μ.Χ.",
        "date_label_en": "600 BCE–400 CE",
        "description_el": "Ένας από τους αρχαιότερους μνημειακούς δωρικούς ναούς της Σικελίας, στην είσοδο της Ορτυγίας, με μεταγενέστερες θρησκευτικές επαναχρήσεις.",
        "description_en": "One of the oldest monumental Doric temples of Sicily, at the entrance of Ortygia, with later religious reuses.",
        "end_year": 400,
        "entity_class": "sanctuary",
        "entity_id": "sanctuary-syracuse-apollo-sanctuary",
        "entity_subtype": "cult_place",
        "external_links": [
          "https://pleiades.stoa.org/places/418729933"
        ],
        "geometry_role": "site",
        "location_certainty": "high",
        "modern_country_el": "Ιταλία",
        "modern_country_en": "Italy",
        "modern_locality": "Ortygia, Syracuse",
        "name_el": "Ναός του Απόλλωνα στις Συρακούσες",
        "name_en": "Temple of Apollo at Syracuse",
        "record_confidence": "high",
        "review_state": "reviewed",
        "source_id": "src-pleiades-418729933",
        "spatial_note_el": null,
        "spatial_note_en": null,
        "start_year": -600
      },
      "type": "Feature"
    },
    {
      "geometry": {
        "coordinates": [
          22.4203967,
          37.45548013
        ],
        "type": "Point"
      },
      "id": "sanctuary-tegea-athena-alea-sanctuary",
      "properties": {
        "ancient_name_grc": "Ἀθηνᾶς Ἀλέας ἱερόν",
        "chronology_basis": "cult_activity_window",
        "collections": [
          "sanctuary"
        ],
        "country_iso2": "GR",
        "country_iso3": "GRC",
        "date_label_el": "700 π.Χ.–400 μ.Χ.",
        "date_label_en": "700 BCE–400 CE",
        "description_el": "Κεντρικό αρκαδικό ιερό με αρχαϊκή φάση και τον μνημειακό ναό που αποδόθηκε στον Σκόπα μετά την πυρκαγιά του 394 π.Χ.",
        "description_en": "Central Arcadian sanctuary with an archaic phase and the monumental temple attributed to Scopas after the fire of 394 BC.",
        "end_year": 400,
        "entity_class": "sanctuary",
        "entity_id": "sanctuary-tegea-athena-alea-sanctuary",
        "entity_subtype": "cult_place",
        "external_links": [
          "https://pleiades.stoa.org/places/372843530"
        ],
        "geometry_role": "site",
        "location_certainty": "high",
        "modern_country_el": "Ελλάδα",
        "modern_country_en": "Greece",
        "modern_locality": "Alea, Tripoli",
        "name_el": "Ιερό της Αθηνάς Αλέας στην Τεγέα",
        "name_en": "Sanctuary of Athena Alea at Tegea",
        "record_confidence": "high",
        "review_state": "reviewed",
        "source_id": "src-pleiades-372843530",
        "spatial_note_el": null,
        "spatial_note_en": null,
        "start_year": -700
      },
      "type": "Feature"
    },
    {
      "geometry": {
        "coordinates": [
          21.66809773,
          38.55975222
        ],
        "type": "Point"
      },
      "id": "sanctuary-thermon-apollo-sanctuary",
      "properties": {
        "ancient_name_grc": "Θέρμον",
        "chronology_basis": "cult_activity_window",
        "collections": [
          "sanctuary"
        ],
        "country_iso2": "GR",
        "country_iso3": "GRC",
        "date_label_el": "630 π.Χ.–100 π.Χ.",
        "date_label_en": "630 BCE–100 BCE",
        "description_el": "Θρησκευτικό και πολιτικό κέντρο των Αιτωλών. Η έναρξη αφορά τον αρχαϊκό ναό του Απόλλωνα και όχι τα προγενέστερα μέγαρα της Εποχής του Χαλκού.",
        "description_en": "The religious and political centre of the Aetolians. The start date refers to the Archaic temple of Apollo, not the earlier Bronze Age megaron buildings.",
        "end_year": -100,
        "entity_class": "sanctuary",
        "entity_id": "sanctuary-thermon-apollo-sanctuary",
        "entity_subtype": "cult_place",
        "external_links": [
          "https://pleiades.stoa.org/places/728329645"
        ],
        "geometry_role": "site",
        "location_certainty": "high",
        "modern_country_el": "Ελλάδα",
        "modern_country_en": "Greece",
        "modern_locality": "Thermo",
        "name_el": "Ιερό του Απόλλωνα στο Θέρμο",
        "name_en": "Sanctuary of Apollo at Thermon",
        "record_confidence": "high",
        "review_state": "reviewed",
        "source_id": "src-pleiades-728329645",
        "spatial_note_el": null,
        "spatial_note_en": null,
        "start_year": -630
      },
      "type": "Feature"
    },
    {
      "geometry": {
        "coordinates": [
          25.14288517,
          37.55168814
        ],
        "type": "Point"
      },
      "id": "sanctuary-tinos-poseidon-amphitrite-sanctuary",
      "properties": {
        "ancient_name_grc": "Ποσειδῶνος καὶ Ἀμφιτρίτης ἱερόν",
        "chronology_basis": "cult_activity_window",
        "collections": [
          "sanctuary"
        ],
        "country_iso2": "GR",
        "country_iso3": "GRC",
        "date_label_el": "350 π.Χ.–300 μ.Χ.",
        "date_label_en": "350 BCE–300 CE",
        "description_el": "Ελληνιστικό παράκτιο ιερό με θεραπευτική διάσταση, μνημειακό βωμό, κρήνες, λουτρικές εγκαταστάσεις και στοές.",
        "description_en": "Hellenistic coastal sanctuary with a therapeutic dimension, monumental altar, fountains, bathing facilities and arcades.",
        "end_year": 300,
        "entity_class": "sanctuary",
        "entity_id": "sanctuary-tinos-poseidon-amphitrite-sanctuary",
        "entity_subtype": "healing_sanctuary",
        "external_links": [
          "https://pleiades.stoa.org/places/590006"
        ],
        "geometry_role": "site",
        "location_certainty": "high",
        "modern_country_el": "Ελλάδα",
        "modern_country_en": "Greece",
        "modern_locality": "Kionia, Tinos",
        "name_el": "Ιερό Ποσειδώνα και Αμφιτρίτης στην Τήνο",
        "name_en": "Sanctuary of Poseidon and Amphitrite on Tinos",
        "record_confidence": "high",
        "review_state": "reviewed",
        "source_id": "src-pleiades-590006",
        "spatial_note_el": null,
        "spatial_note_en": null,
        "start_year": -350
      },
      "type": "Feature"
    }
  ],
  "generated_on": "2026-08-15",
  "name": "Ancient Greek World Atlas Data Foundation",
  "type": "FeatureCollection",
  "version": "1.0.0"
}
