id,name_el,name_ancient,name_en,entity_type,subtype,sanctuary_scope,sanctuary_setting,sanctuary_function_tags,ancient_region,modern_country,modern_country_iso3,modern_locality,latitude,longitude,geometry_wkt,start_year,end_year,date_note_el,chronology_basis,start_precision,end_precision,chronology_note_el,metropolis_el,associated_city_el,representative_center_el,deity_or_cult_el,dynasty_el,predecessor_el,successor_el,description_el,temporal_precision,location_certainty,coordinate_source,pleiades_location_precision,geometry_role,spatial_note_el,source_url,secondary_source_url,pleiades_id,data_version,review_status
city-alexandria-egypt,Αλεξάνδρεια,Ἀλεξάνδρεια,Alexandria,city,polis,,,,Αίγυπτος,Αίγυπτος,EGY,Alexandria,31.201435,29.909773,POINT (29.909773 31.201435),-331,600,331 π.Χ.–600 μ.Χ. (όριο άτλαντα),occupation_window,approximate,display_cutoff,Το 600 μ.Χ. είναι το συμβατικό άνω όριο της παρούσας αρχαίας χρονογραμμής και όχι χρονολογία καταστροφής ή εγκατάλειψης.,,,,,,,,"Πόλη που ίδρυσε ο Αλέξανδρος και πρωτεύουσα των Πτολεμαίων, με κορυφαίο λιμάνι και πνευματικά ιδρύματα.",approximate,high,Pleiades representative point,precise,site,,https://pleiades.stoa.org/places/727070,,727070,0.1 — 2026-08-14,curated_initial
city-argos,Άργος,Ἄργος,Argos,city,polis,,,,Αργολίδα,Ελλάδα,GRC,Άργος,37.631047,22.72038,POINT (22.72038 37.631047),-1100,600,1100 π.Χ.–600 μ.Χ. (όριο άτλαντα),occupation_window,approximate,display_cutoff,Το 600 μ.Χ. είναι το συμβατικό άνω όριο της παρούσας αρχαίας χρονογραμμής και όχι χρονολογία καταστροφής ή εγκατάλειψης.,,,,,,,,Μία από τις μακροβιότερες πόλεις της Πελοποννήσου και σημαντικό κέντρο της Αργολίδας.,approximate,high,Pleiades representative point,precise,site,,https://pleiades.stoa.org/places/570106,,570106,0.1 — 2026-08-14,curated_initial
city-epidaurus-city,Επίδαυρος,Ἐπίδαυρος,Epidaurus,city,polis,,,,Αργολίδα,Ελλάδα,GRC,Παλαιά Επίδαυρος,37.633463,23.160156,POINT (23.160156 37.633463),-800,600,800 π.Χ.–600 μ.Χ. (όριο άτλαντα),occupation_window,approximate,display_cutoff,Το 600 μ.Χ. είναι το συμβατικό άνω όριο της παρούσας αρχαίας χρονογραμμής και όχι χρονολογία καταστροφής ή εγκατάλειψης.,,,,,,,,"Παράκτια πόλη της Αργολίδας, πολιτικό κέντρο της επικράτειας όπου βρισκόταν και το Ασκληπιείο.",approximate,high,Pleiades representative point,precise,site,,https://pleiades.stoa.org/places/570228,,570228,0.1 — 2026-08-14,curated_initial
city-mantinea,Μαντίνεια,Μαντίνεια,Mantinea,city,polis,,,,Αρκαδία,Ελλάδα,GRC,Μαντίνεια,37.617379,22.392578,POINT (22.392578 37.617379),-500,600,500 π.Χ.–600 μ.Χ. (όριο άτλαντα),occupation_window,approximate,display_cutoff,Το 600 μ.Χ. είναι το συμβατικό άνω όριο της παρούσας αρχαίας χρονογραμμής και όχι χρονολογία καταστροφής ή εγκατάλειψης.,,,,,,,,Αρκαδική πόλη γνωστή για τις συγκρούσεις Σπάρτης και Θήβας στην πεδιάδα της.,approximate,high,Pleiades representative point,precise,site,,https://pleiades.stoa.org/places/570459,,570459,0.1 — 2026-08-14,curated_initial
city-megalopolis,Μεγαλόπολη,Μεγάλη Πόλις,Megalopolis,city,polis,,,,Αρκαδία,Ελλάδα,GRC,Μεγαλόπολη,37.414271,22.126396,POINT (22.126396 37.414271),-371,600,371 π.Χ.–600 μ.Χ. (όριο άτλαντα),occupation_window,approximate,display_cutoff,Το 600 μ.Χ. είναι το συμβατικό άνω όριο της παρούσας αρχαίας χρονογραμμής και όχι χρονολογία καταστροφής ή εγκατάλειψης.,,,,,,,,"Ομοσπονδιακό κέντρο του Κοινού των Αρκάδων, δημιουργημένο με συνοικισμό τον 4ο αιώνα π.Χ.",approximate,high,Pleiades representative point,precise,site,,https://pleiades.stoa.org/places/570467,,570467,0.1 — 2026-08-14,curated_initial
city-tegea,Τεγέα,Τεγέα,Tegea,city,polis,,,,Αρκαδία,Ελλάδα,GRC,Αλέα Τεγέας,37.455301,22.420672,POINT (22.420672 37.455301),-900,600,900 π.Χ.–600 μ.Χ. (όριο άτλαντα),occupation_window,approximate,display_cutoff,Το 600 μ.Χ. είναι το συμβατικό άνω όριο της παρούσας αρχαίας χρονογραμμής και όχι χρονολογία καταστροφής ή εγκατάλειψης.,,,,,,,,Σημαντική αρκαδική πόλη και μακροχρόνια αντίπαλος της Σπάρτης.,approximate,high,Pleiades representative point,precise,site,,https://pleiades.stoa.org/places/570707,,570707,0.1 — 2026-08-14,curated_initial
city-athens-attica,Αθήνα,Ἀθῆναι,Athens,city,polis,,,,Αττική,Ελλάδα,GRC,Αθήνα,37.971637,23.723914,POINT (23.723914 37.971637),-1400,600,1400 π.Χ.–600 μ.Χ. (όριο άτλαντα),occupation_window,approximate,display_cutoff,Το 600 μ.Χ. είναι το συμβατικό άνω όριο της παρούσας αρχαίας χρονογραμμής και όχι χρονολογία καταστροφής ή εγκατάλειψης.,,,,,,,,"Κεντρική πόλη της Αττικής και κορυφαία ναυτική, πολιτική και πνευματική δύναμη της κλασικής εποχής.",approximate,high,Pleiades representative point,rough,site,,https://pleiades.stoa.org/places/579885,,579885,0.1 — 2026-08-14,curated_initial
city-piraeus,Πειραιάς,Πειραιεύς,Piraeus,city,polis,,,,Αττική,Ελλάδα,GRC,Πειραιάς,37.937222,23.644609,POINT (23.644609 37.937222),-493,600,493 π.Χ.–600 μ.Χ. (όριο άτλαντα),occupation_window,approximate,display_cutoff,Το 600 μ.Χ. είναι το συμβατικό άνω όριο της παρούσας αρχαίας χρονογραμμής και όχι χρονολογία καταστροφής ή εγκατάλειψης.,,,,,,,,"Οχυρωμένο επίνειο της Αθήνας, οργανωμένο ως κύρια βάση του αθηναϊκού στόλου στις αρχές του 5ου αιώνα π.Χ.",approximate,high,Pleiades representative point,precise,site,,https://pleiades.stoa.org/places/580062,,580062,0.1 — 2026-08-14,curated_initial
city-patrae,Πάτρα,Πάτραι,Patrae,city,polis,,,,Αχαΐα,Ελλάδα,GRC,Πάτρα,38.243265,21.738518,POINT (21.738518 38.243265),-1000,600,1000 π.Χ.–600 μ.Χ. (όριο άτλαντα),occupation_window,approximate,display_cutoff,Το 600 μ.Χ. είναι το συμβατικό άνω όριο της παρούσας αρχαίας χρονογραμμής και όχι χρονολογία καταστροφής ή εγκατάλειψης.,,,,,,,,Αχαϊκή πόλη που αναπτύχθηκε ιδιαίτερα ως λιμάνι και ρωμαϊκή αποικία.,approximate,high,Pleiades representative point,precise,site,,https://pleiades.stoa.org/places/570567,,570567,0.1 — 2026-08-14,curated_initial
city-thebes-boeotia,Θήβα,Θῆβαι,Thebes,city,polis,,,,Βοιωτία,Ελλάδα,GRC,Θήβα,38.319949,23.317653,POINT (23.317653 38.319949),-1400,600,1400 π.Χ.–600 μ.Χ. (όριο άτλαντα),occupation_window,approximate,display_cutoff,Το 600 μ.Χ. είναι το συμβατικό άνω όριο της παρούσας αρχαίας χρονογραμμής και όχι χρονολογία καταστροφής ή εγκατάλειψης.,,,,,,,,"Ηγετική πόλη της Βοιωτίας, με κορύφωση της ισχύος της τον 4ο αιώνα π.Χ.",approximate,high,Pleiades representative point,precise,site,,https://pleiades.stoa.org/places/541138,,541138,0.1 — 2026-08-14,curated_initial
city-eretria-euboea,Ερέτρια,Ἐρέτρια,Eretria,city,polis,,,,Εύβοια,Ελλάδα,GRC,Ερέτρια,38.399917,23.794721,POINT (23.794721 38.399917),-850,600,850 π.Χ.–600 μ.Χ. (όριο άτλαντα),occupation_window,approximate,display_cutoff,Το 600 μ.Χ. είναι το συμβατικό άνω όριο της παρούσας αρχαίας χρονογραμμής και όχι χρονολογία καταστροφής ή εγκατάλειψης.,,,,,,,,Ισχυρή ευβοϊκή πόλη με εμπορικά δίκτυα και αποικίες στο Αιγαίο και τη Δύση.,approximate,high,Pleiades representative point,precise,site,,https://pleiades.stoa.org/places/579925,,579925,0.1 — 2026-08-14,curated_initial
city-chalcis-euboea,Χαλκίδα,Χαλκίς,Chalcis,city,polis,,,,Εύβοια,Ελλάδα,GRC,Χαλκίδα,38.457139,23.621937,POINT (23.621937 38.457139),-900,600,900 π.Χ.–600 μ.Χ. (όριο άτλαντα),occupation_window,approximate,display_cutoff,Το 600 μ.Χ. είναι το συμβατικό άνω όριο της παρούσας αρχαίας χρονογραμμής και όχι χρονολογία καταστροφής ή εγκατάλειψης.,,,,,,,,Κύριο ευβοϊκό κέντρο στον Εύριπο και μία από τις πρωτοπόρες πόλεις του ελληνικού αποικισμού.,approximate,high,Pleiades representative point,precise,site,,https://pleiades.stoa.org/places/540703,,540703,0.1 — 2026-08-14,curated_initial
city-larissa-thessaly,Λάρισα,Λάρισα,Larissa,city,polis,,,,Θεσσαλία,Ελλάδα,GRC,Λάρισα,39.634851,22.42097,POINT (22.42097 39.634851),-1000,600,1000 π.Χ.–600 μ.Χ. (όριο άτλαντα),occupation_window,approximate,display_cutoff,Το 600 μ.Χ. είναι το συμβατικό άνω όριο της παρούσας αρχαίας χρονογραμμής και όχι χρονολογία καταστροφής ή εγκατάλειψης.,,,,,,,,Κεντρική θεσσαλική πόλη και έδρα της αριστοκρατικής οικογένειας των Αλευαδών.,approximate,high,Pleiades representative point,precise,site,,https://pleiades.stoa.org/places/540905,,540905,0.1 — 2026-08-14,curated_initial
city-pherae-thessaly,Φερές,Φεραί,Pherae,city,polis,,,,Θεσσαλία,Ελλάδα,GRC,Βελεστίνο,39.379043,22.753851,POINT (22.753851 39.379043),-900,600,900 π.Χ.–600 μ.Χ. (όριο άτλαντα),occupation_window,approximate,display_cutoff,Το 600 μ.Χ. είναι το συμβατικό άνω όριο της παρούσας αρχαίας χρονογραμμής και όχι χρονολογία καταστροφής ή εγκατάλειψης.,,,,,,,,Ισχυρή θεσσαλική πόλη που κυριάρχησε στην περιοχή υπό τον Ιάσονα των Φερών.,approximate,high,Pleiades representative point,precise,site,,https://pleiades.stoa.org/places/541044,,541044,0.1 — 2026-08-14,curated_initial
city-smyrna,Σμύρνη,Σμύρνα,Smyrna,city,polis,,,,Ιωνία,Τουρκία,TUR,İzmir,38.417196,27.141387,POINT (27.141387 38.417196),-300,600,300 π.Χ.–600 μ.Χ. (όριο άτλαντα),occupation_window,approximate,display_cutoff,Το 600 μ.Χ. είναι το συμβατικό άνω όριο της παρούσας αρχαίας χρονογραμμής και όχι χρονολογία καταστροφής ή εγκατάλειψης.,,,,,,,,"Η ελληνιστική Σμύρνη ιδρύθηκε εκ νέου κοντά στο όρος Πάγος, διαδεχόμενη την παλαιότερη πόλη στο Μπαϊρακλί.",approximate,high,Pleiades representative point,precise,site,,https://pleiades.stoa.org/places/550893,,550893,0.1 — 2026-08-14,curated_initial
city-samos-city,Σάμος,Σάμος,Samos,city,polis,,,,Ιωνία / Σάμος,Ελλάδα,GRC,Πυθαγόρειο,37.68825,26.944483,POINT (26.944483 37.68825),-1000,600,1000 π.Χ.–600 μ.Χ. (όριο άτλαντα),occupation_window,approximate,display_cutoff,Το 600 μ.Χ. είναι το συμβατικό άνω όριο της παρούσας αρχαίας χρονογραμμής και όχι χρονολογία καταστροφής ή εγκατάλειψης.,,,,,,,,"Ιωνική πόλη και ναυτική δύναμη, ιδιαίτερα ακμαία υπό τον Πολυκράτη τον 6ο αιώνα π.Χ.",approximate,high,Pleiades representative point,precise,site,,https://pleiades.stoa.org/places/599925,,599925,0.1 — 2026-08-14,curated_initial
city-chios-city,Χίος,Χίος,Chios,city,polis,,,,Ιωνία / Χίος,Ελλάδα,GRC,Χίος,38.372239,26.132979,POINT (26.132979 38.372239),-1000,600,1000 π.Χ.–600 μ.Χ. (όριο άτλαντα),occupation_window,approximate,display_cutoff,Το 600 μ.Χ. είναι το συμβατικό άνω όριο της παρούσας αρχαίας χρονογραμμής και όχι χρονολογία καταστροφής ή εγκατάλειψης.,,,,,,,,"Νησιωτική πόλη με ισχυρή ναυτιλία, εμπόριο οίνου και συμμετοχή στην Ιωνική Δωδεκάπολη.",approximate,high,Pleiades representative point,precise,site,,https://pleiades.stoa.org/places/550496,,550496,0.1 — 2026-08-14,curated_initial
city-corinth,Κόρινθος,Κόρινθος,Corinth,city,polis,,,,Κορινθία,Ελλάδα,GRC,Αρχαία Κόρινθος,37.905642,22.878614,POINT (22.878614 37.905642),-900,600,900 π.Χ.–600 μ.Χ. (όριο άτλαντα),occupation_window,approximate,display_cutoff,Το 600 μ.Χ. είναι το συμβατικό άνω όριο της παρούσας αρχαίας χρονογραμμής και όχι χρονολογία καταστροφής ή εγκατάλειψης.,,,,,,,,Ισχυρή εμπορική πόλη στον Ισθμό· καταστράφηκε το 146 π.Χ. και επανιδρύθηκε ως ρωμαϊκή αποικία το 44 π.Χ.,approximate,high,Pleiades representative point,precise,site,,https://pleiades.stoa.org/places/570182,,570182,0.1 — 2026-08-14,curated_initial
city-sicyon,Σικυώνα,Σικυών,Sicyon,city,polis,,,,Κορινθία,Ελλάδα,GRC,Αρχαία Σικυώνα,37.983819,22.712193,POINT (22.712193 37.983819),-1000,600,1000 π.Χ.–600 μ.Χ. (όριο άτλαντα),occupation_window,approximate,display_cutoff,Το 600 μ.Χ. είναι το συμβατικό άνω όριο της παρούσας αρχαίας χρονογραμμής και όχι χρονολογία καταστροφής ή εγκατάλειψης.,,,,,,,,"Πόλη της βόρειας Πελοποννήσου, ιδιαίτερα γνωστή για τη γλυπτική και τη ζωγραφική της παράδοση.",approximate,high,Pleiades representative point,precise,site,,https://pleiades.stoa.org/places/570668,,570668,0.1 — 2026-08-14,curated_initial
city-gortyn,Γόρτυνα,Γόρτυν,Gortyn,city,polis,,,,Κρήτη,Ελλάδα,GRC,Γόρτυνα Ηρακλείου,35.062107,24.946943,POINT (24.946943 35.062107),-1000,600,1000 π.Χ.–600 μ.Χ. (όριο άτλαντα),occupation_window,approximate,display_cutoff,Το 600 μ.Χ. είναι το συμβατικό άνω όριο της παρούσας αρχαίας χρονογραμμής και όχι χρονολογία καταστροφής ή εγκατάλειψης.,,,,,,,,"Μεγάλη κρητική πόλη, γνωστή για τον αρχαϊκό νομικό κώδικα και τη ρωμαϊκή πρωτεύουσα Κρήτης και Κυρηναϊκής.",approximate,high,Pleiades representative point,precise,site,,https://pleiades.stoa.org/places/589796,,589796,0.1 — 2026-08-14,curated_initial
city-knossos,Κνωσός,Κνωσός,Knossos,city,polis,,,,Κρήτη,Ελλάδα,GRC,Κνωσός Ηρακλείου,35.297847,25.163106,POINT (25.163106 35.297847),-2000,600,2000 π.Χ.–600 μ.Χ. (όριο άτλαντα),occupation_window,approximate,display_cutoff,Το 600 μ.Χ. είναι το συμβατικό άνω όριο της παρούσας αρχαίας χρονογραμμής και όχι χρονολογία καταστροφής ή εγκατάλειψης.,,,,,,,,"Πολυπερίοδη πόλη γύρω από το μινωικό ανακτορικό κέντρο, με συνεχή σημασία και στους ιστορικούς χρόνους.",approximate,high,Pleiades representative point,precise,site,,https://pleiades.stoa.org/places/589872,,589872,0.1 — 2026-08-14,curated_initial
city-thera-city,Θήρα,Θήρα,Thera,city,polis,,,,Κυκλάδες,Ελλάδα,GRC,Μέσα Βουνό Σαντορίνης,36.363279,25.47843,POINT (25.47843 36.363279),-900,600,900 π.Χ.–600 μ.Χ. (όριο άτλαντα),occupation_window,approximate,display_cutoff,Το 600 μ.Χ. είναι το συμβατικό άνω όριο της παρούσας αρχαίας χρονογραμμής και όχι χρονολογία καταστροφής ή εγκατάλειψης.,,,,,,,,"Δωρική πόλη στη Θήρα, μητρόπολη της Κυρήνης σύμφωνα με την αρχαία παράδοση.",approximate,high,Pleiades representative point,precise,site,,https://pleiades.stoa.org/places/599971,,599971,0.1 — 2026-08-14,curated_initial
city-naxos-cyclades,Νάξος,Νάξος,Naxos,city,polis,,,,Κυκλάδες,Ελλάδα,GRC,Χώρα Νάξου,37.103871,25.377595,POINT (25.377595 37.103871),-1000,600,1000 π.Χ.–600 μ.Χ. (όριο άτλαντα),occupation_window,approximate,display_cutoff,Το 600 μ.Χ. είναι το συμβατικό άνω όριο της παρούσας αρχαίας χρονογραμμής και όχι χρονολογία καταστροφής ή εγκατάλειψης.,,,,,,,,Κυριότερη πόλη της Νάξου και ισχυρό κυκλαδικό κέντρο της αρχαϊκής εποχής.,approximate,high,Pleiades representative point,precise,site,,https://pleiades.stoa.org/places/599821,,599821,0.1 — 2026-08-14,curated_initial
city-ptolemais-cyrenaica,Πτολεμαΐδα Κυρηναϊκής,Πτολεμαΐς,Ptolemais of Cyrenaica,city,polis,,,,Κυρηναϊκή,Λιβύη,LBY,Tolmeita,32.707134,20.95385,POINT (20.95385 32.707134),-300,600,300 π.Χ.–600 μ.Χ. (όριο άτλαντα),occupation_window,approximate,display_cutoff,Το 600 μ.Χ. είναι το συμβατικό άνω όριο της παρούσας αρχαίας χρονογραμμής και όχι χρονολογία καταστροφής ή εγκατάλειψης.,,,,,,,,Η ελληνιστική πόλη που αναπτύχθηκε από το λιμάνι της Βάρκης και έγινε σημαντικό κέντρο της Κυρηναϊκής.,approximate,medium,Pleiades representative point,precise,site,,https://pleiades.stoa.org/places/373879,,373879,0.1 — 2026-08-14,needs_review
city-kos-city,Κως,Κῶς,Kos,city,polis,,,,Κως / Δωδεκάνησα,Ελλάδα,GRC,Κως,36.893601,27.289914,POINT (27.289914 36.893601),-366,600,366 π.Χ.–600 μ.Χ. (όριο άτλαντα),occupation_window,approximate,display_cutoff,Το 600 μ.Χ. είναι το συμβατικό άνω όριο της παρούσας αρχαίας χρονογραμμής και όχι χρονολογία καταστροφής ή εγκατάλειψης.,,,,,,,,Η νέα πόλη της Κω ιδρύθηκε με συνοικισμό το 366 π.Χ. και έγινε σημαντικό εμπορικό και ιατρικό κέντρο.,approximate,high,Pleiades representative point,precise,site,,https://pleiades.stoa.org/places/599728,,599728,0.1 — 2026-08-14,curated_initial
city-sparta,Σπάρτη,Σπάρτη,Sparta,city,polis,,,,Λακωνία,Ελλάδα,GRC,Σπάρτη,37.081782,22.424672,POINT (22.424672 37.081782),-950,600,950 π.Χ.–600 μ.Χ. (όριο άτλαντα),occupation_window,approximate,display_cutoff,Το 600 μ.Χ. είναι το συμβατικό άνω όριο της παρούσας αρχαίας χρονογραμμής και όχι χρονολογία καταστροφής ή εγκατάλειψης.,,,,,,,,"Δωρική πόλη της Λακωνίας, γνωστή για το στρατιωτικό και πολιτειακό της σύστημα.",approximate,high,Pleiades representative point,precise,site,,https://pleiades.stoa.org/places/570685,,570685,0.1 — 2026-08-14,curated_initial
city-mytilene,Μυτιλήνη,Μυτιλήνη,Mytilene,city,polis,,,,Λέσβος / Αιολίδα,Ελλάδα,GRC,Μυτιλήνη,39.110475,26.547048,POINT (26.547048 39.110475),-1050,600,1050 π.Χ.–600 μ.Χ. (όριο άτλαντα),occupation_window,approximate,display_cutoff,Το 600 μ.Χ. είναι το συμβατικό άνω όριο της παρούσας αρχαίας χρονογραμμής και όχι χρονολογία καταστροφής ή εγκατάλειψης.,,,,,,,,"Κύρια πόλη της Λέσβου, σημαντικό αιολικό ναυτικό και πνευματικό κέντρο.",approximate,high,Pleiades representative point,precise,site,,https://pleiades.stoa.org/places/550763,,550763,0.1 — 2026-08-14,curated_initial
city-demetrias,Δημητριάδα,Δημητριάς,Demetrias,city,polis,,,,Μαγνησία,Ελλάδα,GRC,Νέα Αγχίαλος / Βόλος,39.343481,22.924029,POINT (22.924029 39.343481),-294,600,294 π.Χ.–600 μ.Χ. (όριο άτλαντα),occupation_window,approximate,display_cutoff,Το 600 μ.Χ. είναι το συμβατικό άνω όριο της παρούσας αρχαίας χρονογραμμής και όχι χρονολογία καταστροφής ή εγκατάλειψης.,,,,,,,,Ελληνιστική πόλη που ίδρυσε ο Δημήτριος Πολιορκητής με συνοικισμό παραλιακών οικισμών.,approximate,high,Pleiades representative point,precise,site,,https://pleiades.stoa.org/places/540730,,540730,0.1 — 2026-08-14,curated_initial
city-aigai-macedonia,Αιγές,Αἰγαί,Aigai,city,polis,,,,Μακεδονία,Ελλάδα,GRC,Βεργίνα,40.480092,22.321872,POINT (22.321872 40.480092),-900,600,900 π.Χ.–600 μ.Χ. (όριο άτλαντα),occupation_window,approximate,display_cutoff,Το 600 μ.Χ. είναι το συμβατικό άνω όριο της παρούσας αρχαίας χρονογραμμής και όχι χρονολογία καταστροφής ή εγκατάλειψης.,,,,,,,,Πρώτη πρωτεύουσα και βασιλική νεκρόπολη των αρχαίων Μακεδόνων.,approximate,high,Pleiades representative point,precise,site,,https://pleiades.stoa.org/places/491512,,491512,0.1 — 2026-08-14,curated_initial
city-dion,Δίον,Δῖον,Dion,city,polis,,,,Μακεδονία,Ελλάδα,GRC,Δίον Πιερίας,40.176388,22.491437,POINT (22.491437 40.176388),-500,600,500 π.Χ.–600 μ.Χ. (όριο άτλαντα),occupation_window,approximate,display_cutoff,Το 600 μ.Χ. είναι το συμβατικό άνω όριο της παρούσας αρχαίας χρονογραμμής και όχι χρονολογία καταστροφής ή εγκατάλειψης.,,,,,,,,Ιερή και αστική έδρα των Μακεδόνων στους πρόποδες του Ολύμπου.,approximate,high,Pleiades representative point,precise,site,,https://pleiades.stoa.org/places/491572,,491572,0.1 — 2026-08-14,curated_initial
city-thessalonica,Θεσσαλονίκη,Θεσσαλονίκη,Thessalonica,city,polis,,,,Μακεδονία,Ελλάδα,GRC,Θεσσαλονίκη,40.628342,22.952885,POINT (22.952885 40.628342),-315,600,315 π.Χ.–600 μ.Χ. (όριο άτλαντα),occupation_window,approximate,display_cutoff,Το 600 μ.Χ. είναι το συμβατικό άνω όριο της παρούσας αρχαίας χρονογραμμής και όχι χρονολογία καταστροφής ή εγκατάλειψης.,,,,,,,,Πόλη που ίδρυσε ο Κάσσανδρος με συνοικισμό και εξελίχθηκε σε μεγάλο λιμάνι της Μακεδονίας.,approximate,high,Pleiades representative point,precise,site,,https://pleiades.stoa.org/places/491741,,491741,0.1 — 2026-08-14,curated_initial
city-pella,Πέλλα,Πέλλα,Pella,city,polis,,,,Μακεδονία,Ελλάδα,GRC,Πέλλα,40.75435965,22.51822477,POINT (22.51822477 40.75435965),-500,600,500 π.Χ.–600 μ.Χ. (όριο άτλαντα),occupation_window,approximate,display_cutoff,Το 600 μ.Χ. είναι το συμβατικό άνω όριο της παρούσας αρχαίας χρονογραμμής και όχι χρονολογία καταστροφής ή εγκατάλειψης.,,,,,,,,Πρωτεύουσα του μακεδονικού βασιλείου από τον 4ο αιώνα π.Χ. και γενέτειρα του Αλεξάνδρου.,approximate,high,Pleiades representative point,precise,site,,https://pleiades.stoa.org/places/491687,,491687,0.1 — 2026-08-14,curated_initial
city-pydna,Πύδνα,Πύδνα,Pydna,city,polis,,,,Μακεδονία,Ελλάδα,GRC,Μακρύγιαλος Πιερίας,40.397569,22.614991,POINT (22.614991 40.397569),-700,600,700 π.Χ.–600 μ.Χ. (όριο άτλαντα),occupation_window,approximate,display_cutoff,Το 600 μ.Χ. είναι το συμβατικό άνω όριο της παρούσας αρχαίας χρονογραμμής και όχι χρονολογία καταστροφής ή εγκατάλειψης.,,,,,,,,"Μακεδονικό λιμάνι, γνωστό και από τη ρωμαϊκή νίκη επί του Περσέα το 168 π.Χ.",approximate,high,Pleiades representative point,precise,site,,https://pleiades.stoa.org/places/491703,,491703,0.1 — 2026-08-14,curated_initial
city-megara,Μέγαρα,Μέγαρα,Megara,city,polis,,,,Μεγαρίδα,Ελλάδα,GRC,Μέγαρα,37.985078,23.340163,POINT (23.340163 37.985078),-900,600,900 π.Χ.–600 μ.Χ. (όριο άτλαντα),occupation_window,approximate,display_cutoff,Το 600 μ.Χ. είναι το συμβατικό άνω όριο της παρούσας αρχαίας χρονογραμμής και όχι χρονολογία καταστροφής ή εγκατάλειψης.,,,,,,,,Πόλη μεταξύ Αττικής και Κορινθίας με εκτεταμένη αποικιακή δραστηριότητα.,approximate,high,Pleiades representative point,precise,site,,https://pleiades.stoa.org/places/570468,,570468,0.1 — 2026-08-14,curated_initial
city-messene,Μεσσήνη,Μεσσήνη,Messene,city,polis,,,,Μεσσηνία,Ελλάδα,GRC,Αρχαία Μεσσήνη,37.175304,21.920048,POINT (21.920048 37.175304),-369,600,369 π.Χ.–600 μ.Χ. (όριο άτλαντα),occupation_window,approximate,display_cutoff,Το 600 μ.Χ. είναι το συμβατικό άνω όριο της παρούσας αρχαίας χρονογραμμής και όχι χρονολογία καταστροφής ή εγκατάλειψης.,,,,,,,,"Νέα πρωτεύουσα των ελεύθερων Μεσσηνίων, ιδρυμένη από τον Επαμεινώνδα το 369 π.Χ.",approximate,high,Pleiades representative point,precise,site,,https://pleiades.stoa.org/places/570479,,570479,0.1 — 2026-08-14,curated_initial
city-pergamum,Πέργαμος,Πέργαμον,Pergamum,city,polis,,,,Μυσία,Τουρκία,TUR,"Bergama, İzmir",39.1325,27.184167,POINT (27.184167 39.1325),-400,700,400 π.Χ.–700 μ.Χ.,occupation_window,approximate,approximate,,,,,,,,,Οχυρή ελληνιστική πρωτεύουσα των Ατταλιδών και μεγάλο διοικητικό και πολιτιστικό κέντρο.,approximate,high,Pleiades representative point,precise,site,,https://pleiades.stoa.org/places/550812,,550812,0.1 — 2026-08-14,curated_initial
city-lindos,Λίνδος,Λίνδος,Lindos,city,polis,,,,Ρόδος / Δωδεκάνησα,Ελλάδα,GRC,Λίνδος,36.091299,28.088298,POINT (28.088298 36.091299),-1000,600,1000 π.Χ.–600 μ.Χ. (όριο άτλαντα),occupation_window,approximate,display_cutoff,Το 600 μ.Χ. είναι το συμβατικό άνω όριο της παρούσας αρχαίας χρονογραμμής και όχι χρονολογία καταστροφής ή εγκατάλειψης.,,,,,,,,"Μία από τις τρεις αρχαίες πόλεις της Ρόδου, με ισχυρή ναυτική και αποικιακή παράδοση.",approximate,high,Pleiades representative point,precise,site,,https://pleiades.stoa.org/places/589913,,589913,0.1 — 2026-08-14,curated_initial
city-rhodes-city,Ρόδος,Ῥόδος,Rhodes,city,polis,,,,Ρόδος / Δωδεκάνησα,Ελλάδα,GRC,Ρόδος,36.443113,28.227611,POINT (28.227611 36.443113),-408,600,408 π.Χ.–600 μ.Χ. (όριο άτλαντα),occupation_window,approximate,display_cutoff,Το 600 μ.Χ. είναι το συμβατικό άνω όριο της παρούσας αρχαίας χρονογραμμής και όχι χρονολογία καταστροφής ή εγκατάλειψης.,,,,,,,,"Νέα ομοσπονδιακή πρωτεύουσα του νησιού, ιδρυμένη με συνοικισμό το 408/407 π.Χ.",approximate,high,Pleiades representative point,precise,site,,https://pleiades.stoa.org/places/590030,,590030,0.1 — 2026-08-14,curated_initial
city-aegina-city,Αίγινα,Αἴγινα,Aegina,city,polis,,,,Σαρωνικός,Ελλάδα,GRC,Αίγινα,37.750149,23.423668,POINT (23.423668 37.750149),-1000,600,1000 π.Χ.–600 μ.Χ. (όριο άτλαντα),occupation_window,approximate,display_cutoff,Το 600 μ.Χ. είναι το συμβατικό άνω όριο της παρούσας αρχαίας χρονογραμμής και όχι χρονολογία καταστροφής ή εγκατάλειψης.,,,,,,,,Νησιωτική εμπορική και ναυτική δύναμη του Σαρωνικού με πρώιμη νομισματοκοπία.,approximate,high,Pleiades representative point,precise,site,,https://pleiades.stoa.org/places/579853,,579853,0.1 — 2026-08-14,curated_initial
city-antioch-orontes,Αντιόχεια επί Ορόντου,Ἀντιόχεια ἡ ἐπὶ Ὀρόντου,Antioch on the Orontes,city,polis,,,,Συρία / Σελευκίδα,Τουρκία,TUR,"Antakya, Hatay",36.222551,36.183214,POINT (36.183214 36.222551),-300,600,300 π.Χ.–600 μ.Χ. (όριο άτλαντα),occupation_window,approximate,display_cutoff,Το 600 μ.Χ. είναι το συμβατικό άνω όριο της παρούσας αρχαίας χρονογραμμής και όχι χρονολογία καταστροφής ή εγκατάλειψης.,,,,,,,,Σελευκιδική πρωτεύουσα και μία από τις μεγαλύτερες ελληνιστικές και ρωμαϊκές πόλεις της ανατολικής Μεσογείου.,approximate,high,Pleiades representative point,precise,site,,https://pleiades.stoa.org/places/658381,,658381,0.1 — 2026-08-14,curated_initial
city-olynthus,Όλυνθος,Ὄλυνθος,Olynthus,city,polis,,,,Χαλκιδική,Ελλάδα,GRC,Όλυνθος,40.295242,23.354261,POINT (23.354261 40.295242),-650,-348,650 π.Χ.–348 π.Χ.,occupation_window,approximate,approximate,,,,,,,,,"Κύριο κέντρο του Κοινού των Χαλκιδέων, καταστραμμένο από τον Φίλιππο Β΄ το 348 π.Χ.",approximate,high,Pleiades representative point,precise,site,,https://pleiades.stoa.org/places/491678,,491678,0.1 — 2026-08-14,curated_initial
colony-cyme-aeolis,Κύμη Αιολίδας,Κύμη,Cyme,colony,apoikia,,,,Αιολίδα,Τουρκία,TUR,"Aliağa, İzmir",38.760193,26.938319,POINT (26.938319 38.760193),-1050,600,1050 π.Χ.–600 μ.Χ. (όριο άτλαντα),occupation_window,approximate,display_cutoff,Το 600 μ.Χ. είναι το συμβατικό άνω όριο της παρούσας αρχαίας χρονογραμμής και όχι χρονολογία καταστροφής ή εγκατάλειψης.,Λοκρίδα και Θεσσαλία (αιολική παράδοση),,,,,,,Η σημαντικότερη από τις αιολικές πόλεις της μικρασιατικής ακτής και αποικιακό κέντρο.,approximate,high,Pleiades representative point,precise,site,,https://pleiades.stoa.org/places/550506,,550506,0.1 — 2026-08-14,curated_initial
colony-myrina-aeolis,Μύρινα,Μύρινα,Myrina,colony,apoikia,,,,Αιολίδα,Τουρκία,TUR,"Kalabak, Aliağa",38.846976,26.980202,POINT (26.980202 38.846976),-1000,600,1000 π.Χ.–600 μ.Χ. (όριο άτλαντα),occupation_window,approximate,display_cutoff,Το 600 μ.Χ. είναι το συμβατικό άνω όριο της παρούσας αρχαίας χρονογραμμής και όχι χρονολογία καταστροφής ή εγκατάλειψης.,Κύμη (αιολική παράδοση),,,,,,,Αιολική παράκτια πόλη γνωστή ιδίως για τα ελληνιστικά πήλινα ειδώλιά της.,approximate,medium,Pleiades representative point,precise,site,,https://pleiades.stoa.org/places/550756,,550756,0.1 — 2026-08-14,needs_review
colony-chalcedon,Χαλκηδόνα,Χαλκηδών,Chalcedon,colony,apoikia,,,,Βιθυνία / Βόσπορος,Τουρκία,TUR,"Kadıköy, İstanbul",40.983393,29.025789,POINT (29.025789 40.983393),-685,600,685 π.Χ.–600 μ.Χ. (όριο άτλαντα),occupation_window,approximate,display_cutoff,Το 600 μ.Χ. είναι το συμβατικό άνω όριο της παρούσας αρχαίας χρονογραμμής και όχι χρονολογία καταστροφής ή εγκατάλειψης.,Μέγαρα,,,,,,,"Μεγαρική αποικία στην ασιατική είσοδο του Βοσπόρου, απέναντι από το Βυζάντιο.",approximate,high,Pleiades representative point,precise,site,,https://pleiades.stoa.org/places/520988,,520988,0.1 — 2026-08-14,curated_initial
colony-heraclea-pontica,Ηράκλεια Ποντική,Ἡράκλεια ἡ Ποντική,Heraclea Pontica,colony,apoikia,,,,Βιθυνία / Πόντος,Τουρκία,TUR,Karadeniz Ereğli,41.283255,31.417414,POINT (31.417414 41.283255),-560,600,560 π.Χ.–600 μ.Χ. (όριο άτλαντα),occupation_window,approximate,display_cutoff,Το 600 μ.Χ. είναι το συμβατικό άνω όριο της παρούσας αρχαίας χρονογραμμής και όχι χρονολογία καταστροφής ή εγκατάλειψης.,Μέγαρα και Τανάγρα,,,,,,,"Ισχυρή αποικία στη νότια ακτή του Ευξείνου, η οποία ίδρυσε δικές της αποικίες.",approximate,high,Pleiades representative point,precise,site,,https://pleiades.stoa.org/places/844944,,844944,0.1 — 2026-08-14,curated_initial
colony-massalia,Μασσαλία,Μασσαλία,Massalia,colony,apoikia,,,,Γαλατία / Προβηγκία,Γαλλία,FRA,Marseille,43.296854,5.382499,POINT (5.382499 43.296854),-600,600,600 π.Χ.–600 μ.Χ. (όριο άτλαντα),occupation_window,approximate,display_cutoff,Το 600 μ.Χ. είναι το συμβατικό άνω όριο της παρούσας αρχαίας χρονογραμμής και όχι χρονολογία καταστροφής ή εγκατάλειψης.,Φώκαια,,,,,,,Μεγάλη φωκαϊκή αποικία και κύριος ελληνικός εμπορικός κόμβος της δυτικής Μεσογείου.,approximate,high,Pleiades representative point,precise,site,,https://pleiades.stoa.org/places/148127,,148127,0.1 — 2026-08-14,curated_initial
colony-issa-vis,Ίσσα,Ἴσσα,Issa,colony,apoikia,,,,Δαλματία,Κροατία,HRV,"Vis, island of Vis",43.0619,16.1836,POINT (16.1836 43.0619),-397,600,397 π.Χ.–600 μ.Χ. (όριο άτλαντα),occupation_window,approximate,display_cutoff,Το 600 μ.Χ. είναι το συμβατικό άνω όριο της παρούσας αρχαίας χρονογραμμής και όχι χρονολογία καταστροφής ή εγκατάλειψης.,Συρακούσες,,,,,,,"Συρακουσιακή αποικία στη νήσο Ίσσα, η οποία ίδρυσε δικές της εγκαταστάσεις στις δαλματικές ακτές.",approximate,medium,www.armus.hr,,site,,https://www.armus.hr/en/museum/museum-history/collection-and-site-issa,,,0.1 — 2026-08-14,needs_review
colony-tragurion,Τραγούριον,Τραγούριον,Tragurion,colony,apoikia,,,,Δαλματία,Κροατία,HRV,Trogir,43.517639,16.25063,POINT (16.25063 43.517639),-300,600,300 π.Χ.–600 μ.Χ. (όριο άτλαντα),occupation_window,approximate,display_cutoff,Το 600 μ.Χ. είναι το συμβατικό άνω όριο της παρούσας αρχαίας χρονογραμμής και όχι χρονολογία καταστροφής ή εγκατάλειψης.,Ίσσα,,,,,,,Ελληνιστική αποικιακή εγκατάσταση της Ίσσας στην κεντρική δαλματική ακτή.,approximate,high,Pleiades representative point,precise,site,,https://pleiades.stoa.org/places/197555,,197555,0.1 — 2026-08-14,curated_initial
colony-pharos-hvar,Φάρος,Φάρος,Pharos,colony,apoikia,,,,Δαλματία,Κροατία,HRV,"Stari Grad, Hvar",43.184286,16.601041,POINT (16.601041 43.184286),-385,600,385 π.Χ.–600 μ.Χ. (όριο άτλαντα),occupation_window,approximate,display_cutoff,Το 600 μ.Χ. είναι το συμβατικό άνω όριο της παρούσας αρχαίας χρονογραμμής και όχι χρονολογία καταστροφής ή εγκατάλειψης.,Πάρος,,,,,,,"Παριανή αποικία στο νησί Χβαρ, με οργανωμένο αγροτικό κλήρο που διακρίνεται ακόμη στο τοπίο.",approximate,high,Pleiades representative point,precise,site,,https://pleiades.stoa.org/places/197433,,197433,0.1 — 2026-08-14,curated_initial
colony-naucratis,Ναύκρατις,Ναύκρατις,Naucratis,colony,apoikia,,,,Δέλτα Νείλου,Αίγυπτος,EGY,"Kom Gi'eif, Beheira",30.900508,30.591928,POINT (30.591928 30.900508),-620,600,620 π.Χ.–600 μ.Χ. (όριο άτλαντα),occupation_window,approximate,display_cutoff,Το 600 μ.Χ. είναι το συμβατικό άνω όριο της παρούσας αρχαίας χρονογραμμής και όχι χρονολογία καταστροφής ή εγκατάλειψης.,Μίλητος και άλλες ελληνικές πόλεις,,,,,,,"Ελληνικό εμπορικό κέντρο στην Αίγυπτο, οργανωμένο με συμμετοχή πολλών πόλεων υπό φαραωνική εποπτεία.",approximate,high,Pleiades representative point,precise,site,,https://pleiades.stoa.org/places/727169,,727169,0.1 — 2026-08-14,curated_initial
colony-ambracia,Αμβρακία,Ἀμβρακία,Ambracia,colony,apoikia,,,,Ήπειρος,Ελλάδα,GRC,Άρτα,39.154924,20.990093,POINT (20.990093 39.154924),-625,600,625 π.Χ.–600 μ.Χ. (όριο άτλαντα),occupation_window,approximate,display_cutoff,Το 600 μ.Χ. είναι το συμβατικό άνω όριο της παρούσας αρχαίας χρονογραμμής και όχι χρονολογία καταστροφής ή εγκατάλειψης.,Κόρινθος,,,,,,,Κορινθιακή αποικία στον Άραχθο και μεταγενέστερη πρωτεύουσα του Πύρρου.,approximate,high,Pleiades representative point,precise,site,,https://pleiades.stoa.org/places/530794,,530794,0.1 — 2026-08-14,curated_initial
colony-corcyra,Κέρκυρα,Κόρκυρα,Corcyra,colony,apoikia,,,,Ήπειρος / Ιόνιο,Ελλάδα,GRC,Κέρκυρα,39.60813,19.906703,POINT (19.906703 39.60813),-734,600,734 π.Χ.–600 μ.Χ. (όριο άτλαντα),occupation_window,approximate,display_cutoff,Το 600 μ.Χ. είναι το συμβατικό άνω όριο της παρούσας αρχαίας χρονογραμμής και όχι χρονολογία καταστροφής ή εγκατάλειψης.,Κόρινθος,,,,,,,Ισχυρή κορινθιακή αποικία στο Ιόνιο και σημαντικός ναυτικός σταθμός προς τη Δύση.,approximate,high,Pleiades representative point,precise,site,,https://pleiades.stoa.org/places/530834,,530834,0.1 — 2026-08-14,curated_initial
colony-byzantium,Βυζάντιο,Βυζάντιον,Byzantium,colony,apoikia,,,,Θράκη / Βόσπορος,Τουρκία,TUR,İstanbul,41.005902,28.973881,POINT (28.973881 41.005902),-657,330,657 π.Χ.–330 μ.Χ.,occupation_window,approximate,approximate,,Μέγαρα,,,,,,,Μεγαρική αποικία σε εξαιρετική θέση στον Βόσπορο· το 330 μ.Χ. μετασχηματίστηκε σε Κωνσταντινούπολη.,approximate,high,Pleiades representative point,precise,site,,https://pleiades.stoa.org/places/520985,,520985,0.1 — 2026-08-14,curated_initial
colony-apollonia-pontica,Απολλωνία Ποντική,Ἀπολλωνία Ποντική,Apollonia Pontica,colony,apoikia,,,,Θράκη / Εύξεινος Πόντος,Βουλγαρία,BGR,Sozopol,42.420355,27.694272,POINT (27.694272 42.420355),-610,600,610 π.Χ.–600 μ.Χ. (όριο άτλαντα),occupation_window,approximate,display_cutoff,Το 600 μ.Χ. είναι το συμβατικό άνω όριο της παρούσας αρχαίας χρονογραμμής και όχι χρονολογία καταστροφής ή εγκατάλειψης.,Μίλητος,,,,,,,"Μεγάλη μιλησιακή αποικία της δυτικής ακτής του Ευξείνου, μεταγενέστερα γνωστή ως Σωζόπολις.",approximate,high,Pleiades representative point,precise,site,,https://pleiades.stoa.org/places/216706,,216706,0.1 — 2026-08-14,curated_initial
colony-mesembria,Μεσημβρία,Μεσημβρία,Mesembria,colony,apoikia,,,,Θράκη / Εύξεινος Πόντος,Βουλγαρία,BGR,Nesebar,42.65958,27.724443,POINT (27.724443 42.65958),-510,600,510 π.Χ.–600 μ.Χ. (όριο άτλαντα),occupation_window,approximate,display_cutoff,Το 600 μ.Χ. είναι το συμβατικό άνω όριο της παρούσας αρχαίας χρονογραμμής και όχι χρονολογία καταστροφής ή εγκατάλειψης.,Μέγαρα και Χαλκηδόνα,,,,,,,Μεγαρική αποικία σε οχυρή χερσόνησο της θρακικής ακτής.,approximate,high,Pleiades representative point,precise,site,,https://pleiades.stoa.org/places/216882,,216882,0.1 — 2026-08-14,curated_initial
colony-odessos,Οδησσός,Ὀδησσός,Odessos,colony,apoikia,,,,Θράκη / Εύξεινος Πόντος,Βουλγαρία,BGR,Varna,43.20616,27.913472,POINT (27.913472 43.20616),-580,600,580 π.Χ.–600 μ.Χ. (όριο άτλαντα),occupation_window,approximate,display_cutoff,Το 600 μ.Χ. είναι το συμβατικό άνω όριο της παρούσας αρχαίας χρονογραμμής και όχι χρονολογία καταστροφής ή εγκατάλειψης.,Μίλητος,,,,,,,Μιλησιακή αποικία στον κόλπο της σημερινής Βάρνας και σημαντικό περιφερειακό λιμάνι.,approximate,high,Pleiades representative point,precise,site,,https://pleiades.stoa.org/places/216904,,216904,0.1 — 2026-08-14,curated_initial
colony-emporion-iberia,Εμπόριον,Ἐμπόριον,Emporion,colony,apoikia,,,,Ιβηρία / Καταλονία,Ισπανία,ESP,"Empúries, Catalonia",42.13342,3.114549,POINT (3.114549 42.13342),-575,600,575 π.Χ.–600 μ.Χ. (όριο άτλαντα),occupation_window,approximate,display_cutoff,Το 600 μ.Χ. είναι το συμβατικό άνω όριο της παρούσας αρχαίας χρονογραμμής και όχι χρονολογία καταστροφής ή εγκατάλειψης.,Μασσαλία,,,,,,,Μασσαλιώτικη εμπορική εγκατάσταση που εξελίχθηκε σε κύρια ελληνική πύλη της Ιβηρικής.,approximate,high,Pleiades representative point,precise,site,,https://pleiades.stoa.org/places/246382,,246382,0.1 — 2026-08-14,curated_initial
colony-apollonia-illyria,Απολλωνία Ιλλυρίας,Ἀπολλωνία,Apollonia,colony,apoikia,,,,Ιλλυρία,Αλβανία,ALB,"Pojan, Fier",40.720191,19.46926,POINT (19.46926 40.720191),-588,600,588 π.Χ.–600 μ.Χ. (όριο άτλαντα),occupation_window,approximate,display_cutoff,Το 600 μ.Χ. είναι το συμβατικό άνω όριο της παρούσας αρχαίας χρονογραμμής και όχι χρονολογία καταστροφής ή εγκατάλειψης.,Κόρινθος και Κέρκυρα,,,,,,,"Κορινθιακή και κερκυραϊκή αποικία κοντά στον Αώο, σημαντικός σταθμός της Εγνατίας οδού.",approximate,high,Pleiades representative point,precise,site,,https://pleiades.stoa.org/places/481728,,481728,0.1 — 2026-08-14,curated_initial
colony-epidamnos,Επίδαμνος,Ἐπίδαμνος,Epidamnos,colony,apoikia,,,,Ιλλυρία,Αλβανία,ALB,Durrës,41.316342,19.447355,POINT (19.447355 41.316342),-627,600,627 π.Χ.–600 μ.Χ. (όριο άτλαντα),occupation_window,approximate,display_cutoff,Το 600 μ.Χ. είναι το συμβατικό άνω όριο της παρούσας αρχαίας χρονογραμμής και όχι χρονολογία καταστροφής ή εγκατάλειψης.,Κέρκυρα και Κόρινθος,,,,,,,"Αποικία στην αλβανική ακτή, αργότερα γνωστή ως Δυρράχιο και αφετηρία της Εγνατίας.",approximate,high,Pleiades representative point,precise,site,,https://pleiades.stoa.org/places/481818,,481818,0.1 — 2026-08-14,curated_initial
colony-erythrae-ionia,Ερυθρές,Ἐρυθραί,Erythrae,colony,apoikia,,,,Ιωνία,Τουρκία,TUR,"Ildırı, Çeşme",38.382778,26.480833,POINT (26.480833 38.382778),-1000,600,1000 π.Χ.–600 μ.Χ. (όριο άτλαντα),occupation_window,approximate,display_cutoff,Το 600 μ.Χ. είναι το συμβατικό άνω όριο της παρούσας αρχαίας χρονογραμμής και όχι χρονολογία καταστροφής ή εγκατάλειψης.,Κρήτη και Αθήνα (παράδοση),,,,,,,"Ιωνική πόλη στη χερσόνησο της Ερυθραίας, απέναντι από τη Χίο.",approximate,high,Pleiades representative point,precise,site,,https://pleiades.stoa.org/places/550535,,550535,0.1 — 2026-08-14,curated_initial
colony-ephesus,Έφεσος,Ἔφεσος,Ephesus,colony,apoikia,,,,Ιωνία,Τουρκία,TUR,"Selçuk, İzmir",37.940164,27.342403,POINT (27.342403 37.940164),-1050,600,1050 π.Χ.–600 μ.Χ. (όριο άτλαντα),occupation_window,approximate,display_cutoff,Το 600 μ.Χ. είναι το συμβατικό άνω όριο της παρούσας αρχαίας χρονογραμμής και όχι χρονολογία καταστροφής ή εγκατάλειψης.,Αθήνα (ιωνική παράδοση),,,,,,,"Ιωνική πόλη με μεγάλο λιμάνι και το περίφημο Αρτεμίσιο, αργότερα πρωτεύουσα της ρωμαϊκής Ασίας.",approximate,high,Pleiades representative point,precise,site,,https://pleiades.stoa.org/places/599612,,599612,0.1 — 2026-08-14,curated_initial
colony-clazomenae,Κλαζομενές,Κλαζομεναί,Clazomenae,colony,apoikia,,,,Ιωνία,Τουρκία,TUR,"Urla, İzmir",38.373048,26.78662,POINT (26.78662 38.373048),-1000,600,1000 π.Χ.–600 μ.Χ. (όριο άτλαντα),occupation_window,approximate,display_cutoff,Το 600 μ.Χ. είναι το συμβατικό άνω όριο της παρούσας αρχαίας χρονογραμμής και όχι χρονολογία καταστροφής ή εγκατάλειψης.,Αθήνα (ιωνική παράδοση),,,,,,,"Ιωνική πόλη σε νησίδα και στην απέναντι ακτή, σημαντική για την κεραμική και το εμπόριο.",approximate,high,Pleiades representative point,precise,site,,https://pleiades.stoa.org/places/550651,,550651,0.1 — 2026-08-14,curated_initial
colony-colophon,Κολοφώνα,Κολοφών,Colophon,colony,apoikia,,,,Ιωνία,Τουρκία,TUR,"Değirmendere, İzmir",38.108253,27.148308,POINT (27.148308 38.108253),-1050,600,1050 π.Χ.–600 μ.Χ. (όριο άτλαντα),occupation_window,approximate,display_cutoff,Το 600 μ.Χ. είναι το συμβατικό άνω όριο της παρούσας αρχαίας χρονογραμμής και όχι χρονολογία καταστροφής ή εγκατάλειψης.,Αθήνα (ιωνική παράδοση),,,,,,,"Μία από τις δώδεκα ιωνικές πόλεις, γνωστή για το ιππικό και την πνευματική της παράδοση.",approximate,high,Pleiades representative point,precise,site,,https://pleiades.stoa.org/places/599577,,599577,0.1 — 2026-08-14,curated_initial
colony-miletus,Μίλητος,Μίλητος,Miletus,colony,apoikia,,,,Ιωνία,Τουρκία,TUR,"Balat, Aydın",37.530464,27.278808,POINT (27.278808 37.530464),-1050,600,1050 π.Χ.–600 μ.Χ. (όριο άτλαντα),occupation_window,approximate,display_cutoff,Το 600 μ.Χ. είναι το συμβατικό άνω όριο της παρούσας αρχαίας χρονογραμμής και όχι χρονολογία καταστροφής ή εγκατάλειψης.,Αθήνα (ιωνική παράδοση),,,,,,,Μεγάλη ιωνική πόλη και μητρόπολη δεκάδων αποικιών στον Εύξεινο Πόντο και την Προποντίδα.,approximate,high,Pleiades representative point,precise,site,,https://pleiades.stoa.org/places/599799,,599799,0.1 — 2026-08-14,curated_initial
colony-priene,Πριήνη,Πριήνη,Priene,colony,apoikia,,,,Ιωνία,Τουρκία,TUR,"Güllübahçe, Söke",37.66078,27.296584,POINT (27.296584 37.66078),-1050,600,1050 π.Χ.–600 μ.Χ. (όριο άτλαντα),occupation_window,approximate,display_cutoff,Το 600 μ.Χ. είναι το συμβατικό άνω όριο της παρούσας αρχαίας χρονογραμμής και όχι χρονολογία καταστροφής ή εγκατάλειψης.,Αθήνα και Θήβα (παράδοση),,,,,,,Ιωνική πόλη με υποδειγματική ιπποδάμεια πολεοδομία στη νεότερη θέση της στον Μυκάλη.,approximate,high,Pleiades representative point,precise,site,,https://pleiades.stoa.org/places/599905,,599905,0.1 — 2026-08-14,curated_initial
colony-teos,Τέως,Τέως,Teos,colony,apoikia,,,,Ιωνία,Τουρκία,TUR,"Sığacık, Seferihisar",38.177262,26.785014,POINT (26.785014 38.177262),-1000,600,1000 π.Χ.–600 μ.Χ. (όριο άτλαντα),occupation_window,approximate,display_cutoff,Το 600 μ.Χ. είναι το συμβατικό άνω όριο της παρούσας αρχαίας χρονογραμμής και όχι χρονολογία καταστροφής ή εγκατάλειψης.,Αθήνα και Βοιωτία (παράδοση),,,,,,,Ιωνική λιμενική πόλη και έδρα του ελληνιστικού κοινού των τεχνιτών του Διονύσου.,approximate,high,Pleiades representative point,precise,site,,https://pleiades.stoa.org/places/550913,,550913,0.1 — 2026-08-14,curated_initial
colony-phocaea,Φώκαια,Φώκαια,Phocaea,colony,apoikia,,,,Ιωνία,Τουρκία,TUR,"Foça, İzmir",38.6703,26.75656,POINT (26.75656 38.6703),-1000,600,1000 π.Χ.–600 μ.Χ. (όριο άτλαντα),occupation_window,approximate,display_cutoff,Το 600 μ.Χ. είναι το συμβατικό άνω όριο της παρούσας αρχαίας χρονογραμμής και όχι χρονολογία καταστροφής ή εγκατάλειψης.,Φωκίδα και Αθήνα (παράδοση),,,,,,,"Ιωνική ναυτική πόλη, μητρόπολη της Μασσαλίας, της Ελέας και άλλων δυτικών εγκαταστάσεων.",approximate,high,Pleiades representative point,precise,site,,https://pleiades.stoa.org/places/550823,,550823,0.1 — 2026-08-14,curated_initial
colony-magnesia-maeander,Μαγνησία του Μαιάνδρου,Μαγνησία ἡ πρὸς Μαιάνδρῳ,Magnesia on the Maeander,colony,apoikia,,,,Ιωνία / Καρία,Τουρκία,TUR,"Tekin, Germencik",37.849862,27.523178,POINT (27.523178 37.849862),-1000,600,1000 π.Χ.–600 μ.Χ. (όριο άτλαντα),occupation_window,approximate,display_cutoff,Το 600 μ.Χ. είναι το συμβατικό άνω όριο της παρούσας αρχαίας χρονογραμμής και όχι χρονολογία καταστροφής ή εγκατάλειψης.,Μαγνησία Θεσσαλίας,,,,,,,"Ελληνική εγκατάσταση των Μαγνήτων στην κοιλάδα του Μαιάνδρου, γνωστή για το ιερό της Αρτέμιδος Λευκοφρυηνής.",approximate,high,Pleiades representative point,precise,site,,https://pleiades.stoa.org/places/599778,,599778,0.1 — 2026-08-14,curated_initial
colony-halicarnassus,Αλικαρνασσός,Ἁλικαρνασσός,Halicarnassus,colony,apoikia,,,,Καρία,Τουρκία,TUR,"Bodrum, Muğla",37.040401,27.422151,POINT (27.422151 37.040401),-1000,600,1000 π.Χ.–600 μ.Χ. (όριο άτλαντα),occupation_window,approximate,display_cutoff,Το 600 μ.Χ. είναι το συμβατικό άνω όριο της παρούσας αρχαίας χρονογραμμής και όχι χρονολογία καταστροφής ή εγκατάλειψης.,Τροιζήνα,,,,,,,"Δωρική πόλη της Καρίας, πατρίδα του Ηροδότου και έδρα του Μαυσωλείου.",approximate,high,Pleiades representative point,precise,site,,https://pleiades.stoa.org/places/599636,,599636,0.1 — 2026-08-14,curated_initial
colony-iasos,Ιασός,Ἰασός,Iasos,colony,apoikia,,,,Καρία,Τουρκία,TUR,"Kıyıkışlacık, Milas",37.279196,27.58487,POINT (27.58487 37.279196),-1000,600,1000 π.Χ.–600 μ.Χ. (όριο άτλαντα),occupation_window,approximate,display_cutoff,Το 600 μ.Χ. είναι το συμβατικό άνω όριο της παρούσας αρχαίας χρονογραμμής και όχι χρονολογία καταστροφής ή εγκατάλειψης.,Άργος (παράδοση),,,,,,,"Ελληνική παράκτια πόλη της Καρίας σε μικρή χερσόνησο, με ισχυρή αλιευτική και εμπορική ζωή.",approximate,high,Pleiades representative point,precise,site,,https://pleiades.stoa.org/places/599664,,599664,0.1 — 2026-08-14,curated_initial
colony-cnidus,Κνίδος,Κνίδος,Cnidus,colony,apoikia,,,,Καρία,Τουρκία,TUR,"Tekir Burnu, Datça",36.68818,27.372839,POINT (27.372839 36.68818),-360,700,360 π.Χ.–700 μ.Χ.,occupation_window,approximate,approximate,,Σπάρτη,,,,,,,Η μνημειακή νεότερη Κνίδος στο άκρο της χερσονήσου διαδέχθηκε την αρχαιότερη δωρική εγκατάσταση στο Burgaz.,approximate,high,Pleiades representative point,precise,site,,https://pleiades.stoa.org/places/599575,,599575,0.1 — 2026-08-14,curated_initial
colony-panticapaeum,Παντικάπαιο,Παντικάπαιον,Panticapaeum,colony,apoikia,,,,Κιμμέριος Βόσπορος,Ουκρανία,UKR,"Kerch, Crimea",45.350983,36.46858,POINT (36.46858 45.350983),-600,600,600 π.Χ.–600 μ.Χ. (όριο άτλαντα),occupation_window,approximate,display_cutoff,Το 600 μ.Χ. είναι το συμβατικό άνω όριο της παρούσας αρχαίας χρονογραμμής και όχι χρονολογία καταστροφής ή εγκατάλειψης.,Μίλητος,,,,,,,Ελληνική αποικία και αργότερα πρωτεύουσα του βασιλείου του Κιμμερίου Βοσπόρου.,approximate,high,Pleiades representative point,precise,site,,https://pleiades.stoa.org/places/854719,,854719,0.1 — 2026-08-14,curated_initial
colony-phanagoria,Φαναγόρεια,Φαναγόρεια,Phanagoria,colony,apoikia,,,,Κιμμέριος Βόσπορος,Ρωσία,RUS,"Sennoy, Krasnodar Krai",45.276258,36.959668,POINT (36.959668 45.276258),-540,600,540 π.Χ.–600 μ.Χ. (όριο άτλαντα),occupation_window,approximate,display_cutoff,Το 600 μ.Χ. είναι το συμβατικό άνω όριο της παρούσας αρχαίας χρονογραμμής και όχι χρονολογία καταστροφής ή εγκατάλειψης.,Τέως,,,,,,,Αποικία Τηίων στη χερσόνησο του Ταμάν και ανατολικό κέντρο του βασιλείου του Βοσπόρου.,approximate,high,Pleiades representative point,precise,site,,https://pleiades.stoa.org/places/854724,,854724,0.1 — 2026-08-14,curated_initial
colony-dioscurias,Διοσκουριάς,Διοσκουριάς,Dioscurias,colony,apoikia,,,,Κολχίδα,Γεωργία,GEO,Sukhumi,42.998331,41.011175,POINT (41.011175 42.998331),-550,600,550 π.Χ.–600 μ.Χ. (όριο άτλαντα),occupation_window,approximate,display_cutoff,Το 600 μ.Χ. είναι το συμβατικό άνω όριο της παρούσας αρχαίας χρονογραμμής και όχι χρονολογία καταστροφής ή εγκατάλειψης.,Μίλητος (παράδοση),,,,,,,"Ελληνικό λιμάνι της Κολχίδας, κόμβος εμπορίου με τον Καύκασο.",approximate,high,Pleiades representative point,precise,site,,https://pleiades.stoa.org/places/857107,,857107,0.1 — 2026-08-14,curated_initial
colony-phasis-city,Φάσις,Φᾶσις,Phasis,colony,apoikia,,,,Κολχίδα,Γεωργία,GEO,περιοχή Poti,42.135867,41.692323,POINT (41.692323 42.135867),-600,600,600 π.Χ.–600 μ.Χ. (όριο άτλαντα),occupation_window,approximate,display_cutoff,Το 600 μ.Χ. είναι το συμβατικό άνω όριο της παρούσας αρχαίας χρονογραμμής και όχι χρονολογία καταστροφής ή εγκατάλειψης.,Μίλητος,,,,,,,Μιλησιακή εγκατάσταση κοντά στις εκβολές του Φάσιδος· η ακριβής αρχαιολογική θέση παραμένει συζητήσιμη.,approximate,medium,Pleiades representative point,precise,site,,https://pleiades.stoa.org/places/857275,,857275,0.1 — 2026-08-14,needs_review
colony-apollonia-cyrenaica,Απολλωνία Κυρηναϊκής,Ἀπολλωνία,Apollonia of Cyrenaica,colony,apoikia,,,,Κυρηναϊκή,Λιβύη,LBY,Marsa Susa,32.902344,21.970831,POINT (21.970831 32.902344),-600,600,600 π.Χ.–600 μ.Χ. (όριο άτλαντα),occupation_window,approximate,display_cutoff,Το 600 μ.Χ. είναι το συμβατικό άνω όριο της παρούσας αρχαίας χρονογραμμής και όχι χρονολογία καταστροφής ή εγκατάλειψης.,Κυρήνη,,,,,,,"Το επίνειο της Κυρήνης, που εξελίχθηκε σε αυτόνομη πόλη και μέλος της Πεντάπολης.",approximate,high,Pleiades representative point,rough,site,,https://pleiades.stoa.org/places/373732,,373732,0.1 — 2026-08-14,curated_initial
colony-barca-cyrenaica,Βάρκη,Βάρκη,Barca,colony,apoikia,,,,Κυρηναϊκή,Λιβύη,LBY,Al Marj area,32.499653,20.871743,POINT (20.871743 32.499653),-560,600,560 π.Χ.–600 μ.Χ. (όριο άτλαντα),occupation_window,approximate,display_cutoff,Το 600 μ.Χ. είναι το συμβατικό άνω όριο της παρούσας αρχαίας χρονογραμμής και όχι χρονολογία καταστροφής ή εγκατάλειψης.,Κυρήνη,,,,,,,Ελληνική αποικία της ενδοχώρας της Κυρηναϊκής με λιμάνι τη μετέπειτα Πτολεμαΐδα.,approximate,high,Pleiades representative point,precise,site,,https://pleiades.stoa.org/places/373750,,373750,0.1 — 2026-08-14,curated_initial
colony-euesperides,Ευεσπερίδες,Εὐεσπερίδες,Euesperides,colony,apoikia,,,,Κυρηναϊκή,Λιβύη,LBY,Benghazi,32.145666,20.096022,POINT (20.096022 32.145666),-520,-250,520 π.Χ.–250 π.Χ.,occupation_window,approximate,approximate,,Κυρήνη,,,,,,,"Δυτική πόλη της Κυρηναϊκής, μεταφερμένη και μετονομασμένη σε Βερενίκη κατά την πτολεμαϊκή περίοδο.",approximate,high,Pleiades representative point,precise,site,,https://pleiades.stoa.org/places/373786,,373786,0.1 — 2026-08-14,curated_initial
colony-cyrene,Κυρήνη,Κυρήνη,Cyrene,colony,apoikia,,,,Κυρηναϊκή,Λιβύη,LBY,Shahhat,32.820027,21.856539,POINT (21.856539 32.820027),-631,600,631 π.Χ.–600 μ.Χ. (όριο άτλαντα),occupation_window,approximate,display_cutoff,Το 600 μ.Χ. είναι το συμβατικό άνω όριο της παρούσας αρχαίας χρονογραμμής και όχι χρονολογία καταστροφής ή εγκατάλειψης.,Θήρα,,,,,,,Θηραϊκή αποικία στο οροπέδιο της Κυρηναϊκής και κέντρο της ελληνικής Πεντάπολης.,approximate,high,Pleiades representative point,precise,site,,https://pleiades.stoa.org/places/373778,,373778,0.1 — 2026-08-14,curated_initial
colony-taucheira,Ταύχειρα,Ταύχειρα,Taucheira,colony,apoikia,,,,Κυρηναϊκή,Λιβύη,LBY,Tocra,32.536399,20.567298,POINT (20.567298 32.536399),-620,600,620 π.Χ.–600 μ.Χ. (όριο άτλαντα),occupation_window,approximate,display_cutoff,Το 600 μ.Χ. είναι το συμβατικό άνω όριο της παρούσας αρχαίας χρονογραμμής και όχι χρονολογία καταστροφής ή εγκατάλειψης.,Κυρήνη,,,,,,,"Παράκτια ελληνική πόλη της Κυρηναϊκής, αργότερα γνωστή ως Αρσινόη.",approximate,high,Pleiades representative point,precise,site,,https://pleiades.stoa.org/places/373736,,373736,0.1 — 2026-08-14,curated_initial
colony-phaselis,Φάσηλις,Φάσηλις,Phaselis,colony,apoikia,,,,Λυκία / Παμφυλία,Τουρκία,TUR,"Tekirova, Antalya",36.523492,30.552167,POINT (30.552167 36.523492),-690,600,690 π.Χ.–600 μ.Χ. (όριο άτλαντα),occupation_window,approximate,display_cutoff,Το 600 μ.Χ. είναι το συμβατικό άνω όριο της παρούσας αρχαίας χρονογραμμής και όχι χρονολογία καταστροφής ή εγκατάλειψης.,Ρόδος (Λίνδος),,,,,,,Ροδιακή αποικία με τρία λιμάνια στη θαλάσσια διαδρομή μεταξύ Αιγαίου και Ανατολής.,approximate,high,Pleiades representative point,precise,site,,https://pleiades.stoa.org/places/639051,,639051,0.1 — 2026-08-14,curated_initial
colony-tanais,Τάναϊς,Τάναϊς,Tanais,colony,apoikia,,,,Μαιώτιδα,Ρωσία,RUS,"Nedvigovka, Rostov Oblast",47.268688,39.335671,POINT (39.335671 47.268688),-300,375,300 π.Χ.–375 μ.Χ.,occupation_window,approximate,approximate,,Παντικάπαιο / Βόσπορος,,,,,,,"Ελληνιστικό εμπορικό κέντρο στις εκβολές του Δον, όριο επαφής ελληνικών και νομαδικών πληθυσμών.",approximate,high,Pleiades representative point,precise,site,,https://pleiades.stoa.org/places/825397,,825397,0.1 — 2026-08-14,curated_initial
colony-amphipolis,Αμφίπολη,Ἀμφίπολις,Amphipolis,colony,apoikia,,,,Μακεδονία / Ηδωνίδα,Ελλάδα,GRC,Αμφίπολη,40.825811,23.841579,POINT (23.841579 40.825811),-437,600,437 π.Χ.–600 μ.Χ. (όριο άτλαντα),occupation_window,approximate,display_cutoff,Το 600 μ.Χ. είναι το συμβατικό άνω όριο της παρούσας αρχαίας χρονογραμμής και όχι χρονολογία καταστροφής ή εγκατάλειψης.,Αθήνα,,,,,,,"Αθηναϊκή αποικία στον Στρυμόνα, στρατηγική για ξυλεία, μεταλλεία και τον δρόμο προς τη Θράκη.",approximate,high,Pleiades representative point,precise,site,,https://pleiades.stoa.org/places/501347,,501347,0.1 — 2026-08-14,curated_initial
colony-philippi,Φίλιπποι,Φίλιπποι,Philippi,colony,apoikia,,,,Μακεδονία / Θράκη,Ελλάδα,GRC,Κρηνίδες Καβάλας,41.012651,24.284637,POINT (24.284637 41.012651),-360,600,360 π.Χ.–600 μ.Χ. (όριο άτλαντα),occupation_window,approximate,display_cutoff,Το 600 μ.Χ. είναι το συμβατικό άνω όριο της παρούσας αρχαίας χρονογραμμής και όχι χρονολογία καταστροφής ή εγκατάλειψης.,Θάσος,,,,,,,"Θασιακή αποικία ως Κρηνίδες, οχυρωμένη και μετονομασμένη από τον Φίλιππο Β΄ το 356 π.Χ.",approximate,high,Pleiades representative point,precise,site,,https://pleiades.stoa.org/places/501482,,501482,0.1 — 2026-08-14,curated_initial
colony-taras,Τάρας,Τάρας,Taras,colony,apoikia,,,,Μεγάλη Ελλάδα / Απουλία,Ιταλία,ITA,Taranto,40.473787,17.233042,POINT (17.233042 40.473787),-706,600,706 π.Χ.–600 μ.Χ. (όριο άτλαντα),occupation_window,approximate,display_cutoff,Το 600 μ.Χ. είναι το συμβατικό άνω όριο της παρούσας αρχαίας χρονογραμμής και όχι χρονολογία καταστροφής ή εγκατάλειψης.,Σπάρτη,,,,,,,Η μοναδική παραδοσιακά σπαρτιατική αποικία και ισχυρότερη ελληνική πόλη της Απουλίας.,approximate,high,Pleiades representative point,rough,site,,https://pleiades.stoa.org/places/442810,,442810,0.1 — 2026-08-14,curated_initial
colony-croton,Κρότων,Κρότων,Croton,colony,apoikia,,,,Μεγάλη Ελλάδα / Βρεττία,Ιταλία,ITA,Crotone,39.081167,17.127966,POINT (17.127966 39.081167),-710,600,710 π.Χ.–600 μ.Χ. (όριο άτλαντα),occupation_window,approximate,display_cutoff,Το 600 μ.Χ. είναι το συμβατικό άνω όριο της παρούσας αρχαίας χρονογραμμής και όχι χρονολογία καταστροφής ή εγκατάλειψης.,Αχαΐα,,,,,,,"Αχαϊκή αποικία, γνωστή για τους αθλητές της και τη σχολή του Πυθαγόρα.",approximate,high,Pleiades representative point,precise,site,,https://pleiades.stoa.org/places/452317,,452317,0.1 — 2026-08-14,curated_initial
colony-locri-epizephyrii,Λοκροί Επιζεφύριοι,Λοκροὶ Ἐπιζεφύριοι,Locri Epizephyrii,colony,apoikia,,,,Μεγάλη Ελλάδα / Βρεττία,Ιταλία,ITA,"Locri, Calabria",38.226296,16.24434,POINT (16.24434 38.226296),-680,600,680 π.Χ.–600 μ.Χ. (όριο άτλαντα),occupation_window,approximate,display_cutoff,Το 600 μ.Χ. είναι το συμβατικό άνω όριο της παρούσας αρχαίας χρονογραμμής και όχι χρονολογία καταστροφής ή εγκατάλειψης.,Λοκρίδα,,,,,,,Λοκρική αποικία γνωστή για τη νομοθεσία του Ζάλευκου και τα ιερά της Περσεφόνης.,approximate,high,Pleiades representative point,precise,site,,https://pleiades.stoa.org/places/452369,,452369,0.1 — 2026-08-14,curated_initial
colony-rhegion,Ρήγιο,Ῥήγιον,Rhegion,colony,apoikia,,,,Μεγάλη Ελλάδα / Βρεττία,Ιταλία,ITA,Reggio Calabria,38.109279,15.64393,POINT (15.64393 38.109279),-720,600,720 π.Χ.–600 μ.Χ. (όριο άτλαντα),occupation_window,approximate,display_cutoff,Το 600 μ.Χ. είναι το συμβατικό άνω όριο της παρούσας αρχαίας χρονογραμμής και όχι χρονολογία καταστροφής ή εγκατάλειψης.,Χαλκίδα,,,,,,,Ευβοϊκή αποικία στην ιταλική πλευρά του στενού της Μεσσήνης.,approximate,high,Pleiades representative point,precise,site,,https://pleiades.stoa.org/places/452416,,452416,0.1 — 2026-08-14,curated_initial
colony-cumae-campania,Κύμη Καμπανίας,Κύμη,Cumae,colony,apoikia,,,,Μεγάλη Ελλάδα / Καμπανία,Ιταλία,ITA,"Cuma, Campania",40.84795,14.056381,POINT (14.056381 40.84795),-750,600,750 π.Χ.–600 μ.Χ. (όριο άτλαντα),occupation_window,approximate,display_cutoff,Το 600 μ.Χ. είναι το συμβατικό άνω όριο της παρούσας αρχαίας χρονογραμμής και όχι χρονολογία καταστροφής ή εγκατάλειψης.,Χαλκίδα και Ερέτρια,,,,,,,Πρώιμη ευβοϊκή αποικία στην ιταλική χερσόνησο και μητρόπολη της Νεάπολης.,approximate,high,Pleiades representative point,precise,site,,https://pleiades.stoa.org/places/432808,,432808,0.1 — 2026-08-14,curated_initial
colony-neapolis-campania,Νεάπολη,Νεάπολις,Neapolis,colony,apoikia,,,,Μεγάλη Ελλάδα / Καμπανία,Ιταλία,ITA,Napoli,40.839995,14.25287,POINT (14.25287 40.839995),-600,600,600 π.Χ.–600 μ.Χ. (όριο άτλαντα),occupation_window,approximate,display_cutoff,Το 600 μ.Χ. είναι το συμβατικό άνω όριο της παρούσας αρχαίας χρονογραμμής και όχι χρονολογία καταστροφής ή εγκατάλειψης.,Κύμη Καμπανίας,,,,,,,Νέα πόλη των Κυμαίων που διατήρησε έντονο ελληνικό χαρακτήρα στη ρωμαϊκή εποχή.,approximate,high,Pleiades representative point,precise,site,,https://pleiades.stoa.org/places/433014,,433014,0.1 — 2026-08-14,curated_initial
colony-elea-velia,Ελέα,Ἐλέα,Elea,colony,apoikia,,,,Μεγάλη Ελλάδα / Λευκανία,Ιταλία,ITA,"Ascea, Campania",40.160501,15.156157,POINT (15.156157 40.160501),-540,600,540 π.Χ.–600 μ.Χ. (όριο άτλαντα),occupation_window,approximate,display_cutoff,Το 600 μ.Χ. είναι το συμβατικό άνω όριο της παρούσας αρχαίας χρονογραμμής και όχι χρονολογία καταστροφής ή εγκατάλειψης.,Φώκαια,,,,,,,Πόλη Φωκαέων προσφύγων και πατρίδα της ελεατικής φιλοσοφικής σχολής.,approximate,high,Pleiades representative point,precise,site,,https://pleiades.stoa.org/places/452488,,452488,0.1 — 2026-08-14,curated_initial
colony-metapontum,Μεταπόντιο,Μεταπόντιον,Metapontum,colony,apoikia,,,,Μεγάλη Ελλάδα / Λευκανία,Ιταλία,ITA,Metaponto,40.383641,16.824332,POINT (16.824332 40.383641),-700,600,700 π.Χ.–600 μ.Χ. (όριο άτλαντα),occupation_window,approximate,display_cutoff,Το 600 μ.Χ. είναι το συμβατικό άνω όριο της παρούσας αρχαίας χρονογραμμής και όχι χρονολογία καταστροφής ή εγκατάλειψης.,Αχαΐα,,,,,,,Αχαϊκή αποικία στη γόνιμη πεδιάδα του κόλπου του Τάραντα.,approximate,high,Pleiades representative point,precise,site,,https://pleiades.stoa.org/places/442658,,442658,0.1 — 2026-08-14,curated_initial
colony-poseidonia,Ποσειδωνία,Ποσειδωνία,Poseidonia,colony,apoikia,,,,Μεγάλη Ελλάδα / Λευκανία,Ιταλία,ITA,Paestum,40.420848,15.005079,POINT (15.005079 40.420848),-600,600,600 π.Χ.–600 μ.Χ. (όριο άτλαντα),occupation_window,approximate,display_cutoff,Το 600 μ.Χ. είναι το συμβατικό άνω όριο της παρούσας αρχαίας χρονογραμμής και όχι χρονολογία καταστροφής ή εγκατάλειψης.,Σύβαρις,,,,,,,"Αποικία της Σύβαρης, γνωστή ως Ποσειδωνία και αργότερα ως ρωμαϊκό Paestum.",approximate,high,Pleiades representative point,precise,site,,https://pleiades.stoa.org/places/442733,,442733,0.1 — 2026-08-14,curated_initial
colony-sybaris,Σύβαρις,Σύβαρις,Sybaris,colony,apoikia,,,,Μεγάλη Ελλάδα / Λευκανία,Ιταλία,ITA,"Sibari, Calabria",39.717328,16.494262,POINT (16.494262 39.717328),-720,-510,720 π.Χ.–510 π.Χ.,occupation_window,approximate,approximate,,Αχαΐα,,,,,,,"Πλούσια αχαϊκή αποικία στην πεδιάδα του Κράθη, καταστραμμένη από τον Κρότωνα το 510 π.Χ.",approximate,high,Pleiades representative point,precise,site,,https://pleiades.stoa.org/places/452457,,452457,0.1 — 2026-08-14,curated_initial
colony-cyzicus,Κύζικος,Κύζικος,Cyzicus,colony,apoikia,,,,Μυσία / Προποντίδα,Τουρκία,TUR,"Erdek, Balıkesir",40.385565,27.883191,POINT (27.883191 40.385565),-756,600,756 π.Χ.–600 μ.Χ. (όριο άτλαντα),occupation_window,approximate,display_cutoff,Το 600 μ.Χ. είναι το συμβατικό άνω όριο της παρούσας αρχαίας χρονογραμμής και όχι χρονολογία καταστροφής ή εγκατάλειψης.,Μίλητος,,,,,,,"Μιλησιακή αποικία σε στρατηγική θέση της Προποντίδας, με ισχυρό εμπόριο και νόμισμα.",approximate,high,Pleiades representative point,precise,site,,https://pleiades.stoa.org/places/511218,,511218,0.1 — 2026-08-14,curated_initial
colony-sinope,Σινώπη,Σινώπη,Sinope,colony,apoikia,,,,Παφλαγονία / Πόντος,Τουρκία,TUR,Sinop,42.025776,35.143037,POINT (35.143037 42.025776),-630,600,630 π.Χ.–600 μ.Χ. (όριο άτλαντα),occupation_window,approximate,display_cutoff,Το 600 μ.Χ. είναι το συμβατικό άνω όριο της παρούσας αρχαίας χρονογραμμής και όχι χρονολογία καταστροφής ή εγκατάλειψης.,Μίλητος,,,,,,,"Μιλησιακή αποικία σε ασφαλή χερσόνησο, βασικός κόμβος του αποικιακού δικτύου του Πόντου.",approximate,high,Pleiades representative point,precise,site,,https://pleiades.stoa.org/places/857321,,857321,0.1 — 2026-08-14,curated_initial
colony-ancona,Αγκών,Ἀγκών,Ancon,colony,apoikia,,,,Πικηνό,Ιταλία,ITA,Ancona,43.618993,13.516073,POINT (13.516073 43.618993),-387,600,387 π.Χ.–600 μ.Χ. (όριο άτλαντα),occupation_window,approximate,display_cutoff,Το 600 μ.Χ. είναι το συμβατικό άνω όριο της παρούσας αρχαίας χρονογραμμής και όχι χρονολογία καταστροφής ή εγκατάλειψης.,Συρακούσες,,,,,,,Λιμάνι που ίδρυσαν Συρακούσιοι άποικοι στην καμπή της ιταλικής ακτής της Αδριατικής.,approximate,high,Pleiades representative point,precise,site,,https://pleiades.stoa.org/places/413014,,413014,0.1 — 2026-08-14,curated_initial
colony-amisus,Αμισός,Ἀμισός,Amisus,colony,apoikia,,,,Πόντος,Τουρκία,TUR,Samsun,41.292721,36.3313,POINT (36.3313 41.292721),-564,600,564 π.Χ.–600 μ.Χ. (όριο άτλαντα),occupation_window,approximate,display_cutoff,Το 600 μ.Χ. είναι το συμβατικό άνω όριο της παρούσας αρχαίας χρονογραμμής και όχι χρονολογία καταστροφής ή εγκατάλειψης.,Μίλητος,,,,,,,"Ελληνική αποικία στη νότια ακτή του Ευξείνου, σημαντικό λιμάνι του Πόντου.",approximate,high,Pleiades representative point,precise,site,,https://pleiades.stoa.org/places/857024,,857024,0.1 — 2026-08-14,curated_initial
colony-trapezus,Τραπεζούντα,Τραπεζοῦς,Trapezus,colony,apoikia,,,,Πόντος,Τουρκία,TUR,Trabzon,41.004269,39.723312,POINT (39.723312 41.004269),-756,600,756 π.Χ.–600 μ.Χ. (όριο άτλαντα),occupation_window,approximate,display_cutoff,Το 600 μ.Χ. είναι το συμβατικό άνω όριο της παρούσας αρχαίας χρονογραμμής και όχι χρονολογία καταστροφής ή εγκατάλειψης.,Σινώπη,,,,,,,Αποικία της Σινώπης στην ανατολική ακτή του Ευξείνου και σταθμός προς τον Καύκασο.,approximate,high,Pleiades representative point,precise,site,,https://pleiades.stoa.org/places/857359,,857359,0.1 — 2026-08-14,curated_initial
colony-akragas,Ακράγαντας,Ἀκράγας,Akragas,colony,apoikia,,,,Σικελία,Ιταλία,ITA,Agrigento,37.290594,13.585475,POINT (13.585475 37.290594),-580,600,580 π.Χ.–600 μ.Χ. (όριο άτλαντα),occupation_window,approximate,display_cutoff,Το 600 μ.Χ. είναι το συμβατικό άνω όριο της παρούσας αρχαίας χρονογραμμής και όχι χρονολογία καταστροφής ή εγκατάλειψης.,Γέλα,,,,,,,Αποικία της Γέλας με μνημειακό πολεοδομικό και ναοδομικό τοπίο.,approximate,high,Pleiades representative point,precise,site,,https://pleiades.stoa.org/places/462086,,462086,0.1 — 2026-08-14,curated_initial
colony-gela,Γέλα,Γέλα,Gela,colony,apoikia,,,,Σικελία,Ιταλία,ITA,Gela,37.063092,14.258471,POINT (14.258471 37.063092),-688,600,688 π.Χ.–600 μ.Χ. (όριο άτλαντα),occupation_window,approximate,display_cutoff,Το 600 μ.Χ. είναι το συμβατικό άνω όριο της παρούσας αρχαίας χρονογραμμής και όχι χρονολογία καταστροφής ή εγκατάλειψης.,Ρόδος και Κρήτη,,,,,,,Αποικία Ροδίων και Κρητών στη νότια Σικελία και μητρόπολη του Ακράγαντα.,approximate,high,Pleiades representative point,precise,site,,https://pleiades.stoa.org/places/462214,,462214,0.1 — 2026-08-14,curated_initial
colony-zancle-messana,Ζάγκλη,Ζάγκλη,Zancle,colony,apoikia,,,,Σικελία,Ιταλία,ITA,Messina,38.192251,15.556634,POINT (15.556634 38.192251),-730,600,730 π.Χ.–600 μ.Χ. (όριο άτλαντα),occupation_window,approximate,display_cutoff,Το 600 μ.Χ. είναι το συμβατικό άνω όριο της παρούσας αρχαίας χρονογραμμής και όχι χρονολογία καταστροφής ή εγκατάλειψης.,Χαλκίδα και Κύμη,,,,,,,"Ευβοϊκή αποικία στο στενό της Μεσσήνης, αργότερα γνωστή ως Μεσσήνη.",approximate,high,Pleiades representative point,precise,site,,https://pleiades.stoa.org/places/462538,,462538,0.1 — 2026-08-14,curated_initial
colony-himera,Ιμέρα,Ἱμέρα,Himera,colony,apoikia,,,,Σικελία,Ιταλία,ITA,"Buonfornello, Termini Imerese",37.969837,13.822344,POINT (13.822344 37.969837),-648,-409,648 π.Χ.–409 π.Χ.,occupation_window,approximate,approximate,,Ζάγκλη,,,,,,,"Αποικία στη βόρεια Σικελία, τόπος της ελληνικής νίκης του 480 π.Χ. και καταστροφής από την Καρχηδόνα το 409 π.Χ.",approximate,high,Pleiades representative point,precise,site,,https://pleiades.stoa.org/places/462244,,462244,0.1 — 2026-08-14,curated_initial
colony-catana,Κατάνη,Κατάνη,Catana,colony,apoikia,,,,Σικελία,Ιταλία,ITA,Catania,37.502959,15.088142,POINT (15.088142 37.502959),-729,600,729 π.Χ.–600 μ.Χ. (όριο άτλαντα),occupation_window,approximate,display_cutoff,Το 600 μ.Χ. είναι το συμβατικό άνω όριο της παρούσας αρχαίας χρονογραμμής και όχι χρονολογία καταστροφής ή εγκατάλειψης.,Νάξος Σικελίας,,,,,,,"Χαλκιδική αποικία στους πρόποδες της Αίτνας, στη θέση της σύγχρονης Κατάνιας.",approximate,high,Pleiades representative point,precise,site,,https://pleiades.stoa.org/places/462270,,462270,0.1 — 2026-08-14,curated_initial
colony-leontinoi,Λεοντίνοι,Λεοντῖνοι,Leontinoi,colony,apoikia,,,,Σικελία,Ιταλία,ITA,Lentini,37.285478,14.998115,POINT (14.998115 37.285478),-729,600,729 π.Χ.–600 μ.Χ. (όριο άτλαντα),occupation_window,approximate,display_cutoff,Το 600 μ.Χ. είναι το συμβατικό άνω όριο της παρούσας αρχαίας χρονογραμμής και όχι χρονολογία καταστροφής ή εγκατάλειψης.,Νάξος Σικελίας,,,,,,,Χαλκιδική αποικία στην εύφορη ενδοχώρα της ανατολικής Σικελίας.,approximate,high,Pleiades representative point,precise,site,,https://pleiades.stoa.org/places/462279,,462279,0.1 — 2026-08-14,curated_initial
colony-megara-hyblaea,Μέγαρα Υβλαία,Μέγαρα Ὑβλαία,Megara Hyblaea,colony,apoikia,,,,Σικελία,Ιταλία,ITA,"Augusta, Sicily",37.203801,15.182285,POINT (15.182285 37.203801),-728,-483,728 π.Χ.–483 π.Χ.,occupation_window,approximate,approximate,,Μέγαρα,,,,,,,Μεγαρική αποικία με εξαιρετικά διατηρημένη αρχαϊκή πολεοδομία.,approximate,high,Pleiades representative point,precise,site,,https://pleiades.stoa.org/places/462307,,462307,0.1 — 2026-08-14,curated_initial
colony-naxos-sicily,Νάξος Σικελίας,Νάξος,Naxos,colony,apoikia,,,,Σικελία,Ιταλία,ITA,Giardini Naxos,37.822487,15.267795,POINT (15.267795 37.822487),-734,-403,734 π.Χ.–403 π.Χ.,occupation_window,approximate,approximate,,Χαλκίδα,,,,,,,"Η πρώτη μόνιμη ελληνική αποικία στη Σικελία, ιδρυμένη από Ευβοείς.",approximate,high,Pleiades representative point,precise,site,,https://pleiades.stoa.org/places/462386,,462386,0.1 — 2026-08-14,curated_initial
colony-selinus,Σελινούντας,Σελινοῦς,Selinus,colony,apoikia,,,,Σικελία,Ιταλία,ITA,Marinella di Selinunte,37.588282,12.824893,POINT (12.824893 37.588282),-628,-250,628 π.Χ.–250 π.Χ.,occupation_window,approximate,approximate,,Μέγαρα Υβλαία,,,,,,,"Η δυτικότερη μεγάλη ελληνική αποικία της Σικελίας, καταστραμμένη οριστικά στον Α΄ Καρχηδονιακό Πόλεμο.",approximate,high,Pleiades representative point,precise,site,,https://pleiades.stoa.org/places/462489,,462489,0.1 — 2026-08-14,curated_initial
colony-syracuse,Συρακούσες,Συράκουσαι,Syracuse,colony,apoikia,,,,Σικελία,Ιταλία,ITA,Siracusa,37.070079,15.283336,POINT (15.283336 37.070079),-734,600,734 π.Χ.–600 μ.Χ. (όριο άτλαντα),occupation_window,approximate,display_cutoff,Το 600 μ.Χ. είναι το συμβατικό άνω όριο της παρούσας αρχαίας χρονογραμμής και όχι χρονολογία καταστροφής ή εγκατάλειψης.,Κόρινθος,,,,,,,Κορινθιακή αποικία που εξελίχθηκε στην ισχυρότερη ελληνική πόλη της Σικελίας.,approximate,high,Pleiades representative point,rough,site,,https://pleiades.stoa.org/places/462503,,462503,0.1 — 2026-08-14,curated_initial
colony-tyras,Τύρας,Τύρας,Tyras,colony,apoikia,,,,Σκυθία / Δνείστερος,Ουκρανία,UKR,Bilhorod-Dnistrovskyi,46.200755,30.350134,POINT (30.350134 46.200755),-600,375,600 π.Χ.–375 μ.Χ.,occupation_window,approximate,approximate,,Μίλητος,,,,,,,"Μιλησιακή αποικία στις εκβολές του Δνείστερου, εμπορικός σύνδεσμος με την ενδοχώρα.",approximate,high,Pleiades representative point,precise,site,,https://pleiades.stoa.org/places/226800,,226800,0.1 — 2026-08-14,curated_initial
colony-olbia-pontica,Ολβία Ποντική,Ὀλβία,Olbia Pontica,colony,apoikia,,,,Σκυθία / Κάτω Ύπανις,Ουκρανία,UKR,"Parutyne, Mykolaiv Oblast",46.692386,31.905857,POINT (31.905857 46.692386),-590,370,590 π.Χ.–370 μ.Χ.,occupation_window,approximate,approximate,,Μίλητος,,,,,,,"Μεγάλη μιλησιακή αποικία στις εκβολές του Δνείπερου και του Νότιου Μπουγκ, με εκτεταμένες σχέσεις με τους Σκύθες.",approximate,high,Pleiades representative point,precise,site,,https://pleiades.stoa.org/places/226546,,226546,0.1 — 2026-08-14,curated_initial
colony-histria-pontica,Ίστρια,Ἰστρίη,Histria,colony,apoikia,,,,Σκυθία Μικρά,Ρουμανία,ROU,"Istria, Constanța County",44.547787,28.775129,POINT (28.775129 44.547787),-657,700,657 π.Χ.–700 μ.Χ.,occupation_window,approximate,approximate,,Μίλητος,,,,,,,"Πρώιμη μιλησιακή αποικία στις λιμνοθάλασσες του Δούναβη, με μακρά ζωή έως την ύστερη αρχαιότητα.",approximate,high,Pleiades representative point,precise,site,,https://pleiades.stoa.org/places/216839,,216839,0.1 — 2026-08-14,curated_initial
colony-callatis,Κάλλατις,Κάλλατις,Callatis,colony,apoikia,,,,Σκυθία Μικρά,Ρουμανία,ROU,Mangalia,43.817152,28.58275,POINT (28.58275 43.817152),-500,600,500 π.Χ.–600 μ.Χ. (όριο άτλαντα),occupation_window,approximate,display_cutoff,Το 600 μ.Χ. είναι το συμβατικό άνω όριο της παρούσας αρχαίας χρονογραμμής και όχι χρονολογία καταστροφής ή εγκατάλειψης.,Ηράκλεια Ποντική,,,,,,,"Ηρακλειώτικη αποικία στη δυτική ακτή του Ευξείνου, με δραστήρια ελληνιστική οικονομία.",approximate,high,Pleiades representative point,precise,site,,https://pleiades.stoa.org/places/216744,,216744,0.1 — 2026-08-14,curated_initial
colony-tomis,Τόμις,Τόμις,Tomis,colony,apoikia,,,,Σκυθία Μικρά,Ρουμανία,ROU,Constanța,44.172856,28.649738,POINT (28.649738 44.172856),-600,600,600 π.Χ.–600 μ.Χ. (όριο άτλαντα),occupation_window,approximate,display_cutoff,Το 600 μ.Χ. είναι το συμβατικό άνω όριο της παρούσας αρχαίας χρονογραμμής και όχι χρονολογία καταστροφής ή εγκατάλειψης.,Μίλητος,,,,,,,Μιλησιακή αποικία και μεταγενέστερη πρωτεύουσα της ρωμαϊκής Σκυθίας Μικράς.,approximate,high,Pleiades representative point,precise,site,,https://pleiades.stoa.org/places/217016,,217016,0.1 — 2026-08-14,curated_initial
colony-theodosia-crimea,Θεοδοσία,Θεοδοσία,Theodosia,colony,apoikia,,,,Ταυρική,Ουκρανία,UKR,"Feodosia, Crimea",45.04609,35.378768,POINT (35.378768 45.04609),-600,600,600 π.Χ.–600 μ.Χ. (όριο άτλαντα),occupation_window,approximate,display_cutoff,Το 600 μ.Χ. είναι το συμβατικό άνω όριο της παρούσας αρχαίας χρονογραμμής και όχι χρονολογία καταστροφής ή εγκατάλειψης.,Μίλητος,,,,,,,Μιλησιακή αποικία με εύφορη ενδοχώρα και σημαντικό εξαγωγικό λιμάνι σιτηρών.,approximate,high,Pleiades representative point,precise,site,,https://pleiades.stoa.org/places/854743,,854743,0.1 — 2026-08-14,curated_initial
colony-chersonesus-taurica,Χερσόνησος Ταυρική,Χερσόνησος,Chersonesus Taurica,colony,apoikia,,,,Ταυρική,Ουκρανία,UKR,"Sevastopol, Crimea",44.611093,33.492258,POINT (33.492258 44.611093),-422,600,422 π.Χ.–600 μ.Χ. (όριο άτλαντα),occupation_window,approximate,display_cutoff,Το 600 μ.Χ. είναι το συμβατικό άνω όριο της παρούσας αρχαίας χρονογραμμής και όχι χρονολογία καταστροφής ή εγκατάλειψης.,Ηράκλεια Ποντική,,,,,,,Ηρακλειώτικη αποικία στη νοτιοδυτική Κριμαία με οργανωμένη αγροτική χώρα.,approximate,high,Pleiades representative point,precise,site,,https://pleiades.stoa.org/places/226564,,226564,0.1 — 2026-08-14,curated_initial
colony-assos,Άσσος,Ἄσσος,Assos,colony,apoikia,,,,Τρωάδα,Τουρκία,TUR,"Behramkale, Çanakkale",39.490135,26.336352,POINT (26.336352 39.490135),-1000,600,1000 π.Χ.–600 μ.Χ. (όριο άτλαντα),occupation_window,approximate,display_cutoff,Το 600 μ.Χ. είναι το συμβατικό άνω όριο της παρούσας αρχαίας χρονογραμμής και όχι χρονολογία καταστροφής ή εγκατάλειψης.,Μήθυμνα,,,,,,,Αιολική αποικία της Μήθυμνας σε οχυρό ύψωμα απέναντι από τη Λέσβο.,approximate,high,Pleiades representative point,precise,site,,https://pleiades.stoa.org/places/550463,,550463,0.1 — 2026-08-14,curated_initial
colony-abydos,Άβυδος,Ἄβυδος,Abydos,colony,apoikia,,,,Τρωάδα / Ελλήσποντος,Τουρκία,TUR,"Nara Burnu, Çanakkale",40.194216,26.411313,POINT (26.411313 40.194216),-670,600,670 π.Χ.–600 μ.Χ. (όριο άτλαντα),occupation_window,approximate,display_cutoff,Το 600 μ.Χ. είναι το συμβατικό άνω όριο της παρούσας αρχαίας χρονογραμμής και όχι χρονολογία καταστροφής ή εγκατάλειψης.,Μίλητος,,,,,,,"Μιλησιακή αποικία στο στενότερο σημείο του Ελλησπόντου, απέναντι από τη Σηστό.",approximate,high,Pleiades representative point,precise,site,,https://pleiades.stoa.org/places/501325,,501325,0.1 — 2026-08-14,curated_initial
colony-lampsacus,Λάμψακος,Λάμψακος,Lampsacus,colony,apoikia,,,,Τρωάδα / Ελλήσποντος,Τουρκία,TUR,"Lapseki, Çanakkale",40.346685,26.699162,POINT (26.699162 40.346685),-650,600,650 π.Χ.–600 μ.Χ. (όριο άτλαντα),occupation_window,approximate,display_cutoff,Το 600 μ.Χ. είναι το συμβατικό άνω όριο της παρούσας αρχαίας χρονογραμμής και όχι χρονολογία καταστροφής ή εγκατάλειψης.,Φώκαια,,,,,,,"Φωκαϊκή αποικία στην ασιατική ακτή του Ελλησπόντου, γνωστή για το κρασί και τη λατρεία του Πριάπου.",approximate,high,Pleiades representative point,precise,site,,https://pleiades.stoa.org/places/501570,,501570,0.1 — 2026-08-14,curated_initial
kingdom-ptolemaic-egypt,Πτολεμαϊκό Βασίλειο της Αιγύπτου,Βασιλεία τῶν Πτολεμαίων,Ptolemaic Kingdom of Egypt,kingdom,hellenistic_dynastic_kingdom,,,,Αίγυπτος και ανατολική Μεσόγειος,Αίγυπτος,EGY,,31.2001,29.9187,POINT (29.9187 31.2001),-305,-30,305 π.Χ.–30 π.Χ.,political_phase,exact,exact,,,,Αλεξάνδρεια,,Πτολεμαίοι / Λαγίδες,Σατραπεία Αιγύπτου της αυτοκρατορίας του Αλεξάνδρου,Ρωμαϊκή επαρχία Αίγυπτος,"Ελληνιστική μακεδονική δυναστεία που κυβέρνησε την Αίγυπτο ως φαραωνική και μεσογειακή μοναρχία, με πρωτεύουσα την Αλεξάνδρεια, έως την Κλεοπάτρα Ζ΄.",exact,high,www.metmuseum.org,,representative_center,"Το σημείο αποδίδει την Αλεξάνδρεια ως πρωτεύουσα, όχι τα υπερπόντια κτήματα και τις μεταβαλλόμενες κτήσεις· αυτά απαιτούν ξεχωριστά χρονολογημένα πολύγωνα.",https://www.metmuseum.org/essays/egypt-in-the-ptolemaic-period,,,0.1 — 2026-08-14,curated_initial
kingdom-tiryns-palatial,Ανακτορικό κράτος της Τίρυνθας,Τίρυνς,Tiryns Palatial State,kingdom,mycenaean_palatial_polity,,,,Αργολίδα,Ελλάδα,GRC,,37.6,22.8,POINT (22.8 37.6),-1600,-1050,1600 π.Χ.–1050 π.Χ.,political_phase,approximate,approximate,,,,Τίρυνθα,,Άγνωστη· οι Προιτίδες ανήκουν στη μυθική παράδοση,Μεσοελλαδικές και πρώιμες μυκηναϊκές κοινότητες,Μετανακτορική Τίρυνθα και αργολικές κοινότητες,"Ισχυρό οχυρωμένο ανακτορικό κέντρο της Αργολίδας, με ακμή κυρίως τον 14ο και 13ο αιώνα π.Χ. και συνέχιση κατοίκησης μετά την ανακτορική κατάρρευση.",broad_range,high,whc.unesco.org,,representative_center,"Το σημείο αποδίδει την οχυρωμένη ακρόπολη και το ανάκτορο της Τίρυνθας, όχι επικράτεια· τα εδαφικά πολύγωνα θα τηρούνται χωριστά.",https://whc.unesco.org/en/list/941/,,,0.1 — 2026-08-14,curated_initial
kingdom-mycenae-palatial,Ανακτορικό κράτος των Μυκηνών,Μυκῆναι,Mycenae Palatial State,kingdom,mycenaean_palatial_polity,,,,Αργολίδα,Ελλάδα,GRC,,37.7305,22.7562,POINT (22.7562 37.7305),-1600,-1100,1600 π.Χ.–1100 π.Χ.,political_phase,approximate,approximate,,,,Μυκήνες,,Άγνωστη· οι Ατρείδες ανήκουν στη μυθική παράδοση,Μεσοελλαδικές και πρώιμες μυκηναϊκές ηγεμονίες,Μετανακτορικές κοινότητες της Αργολίδας,Κεντρικό ανακτορικό και διοικητικό κέντρο της Ύστερης Εποχής του Χαλκού. Ο όρος κράτος είναι αρχαιολογικό μοντέλο και όχι σωζόμενο επίσημο όνομα.,broad_range,high,whc.unesco.org,,representative_center,"Το σημείο αποδίδει την ακρόπολη και το ανάκτορο των Μυκηνών, όχι την εδαφική έκταση· τα χρονοεξαρτώμενα εδαφικά πολύγωνα θα τηρούνται σε ξεχωριστό GeoJSON.",https://whc.unesco.org/en/list/941/,,,0.1 — 2026-08-14,curated_initial
kingdom-athens-mycenaean,Μυκηναϊκό κέντρο της Αθήνας,Ἀθῆναι,Mycenaean Athens Polity,kingdom,mycenaean_palatial_polity_disputed,,,,Αττική,Ελλάδα,GRC,,37.9715,23.7257,POINT (23.7257 37.9715),-1400,-1100,1400 π.Χ.–1100 π.Χ.,political_phase,approximate,approximate,,,,Ακρόπολη Αθηνών,,Άγνωστη· οι Ερεχθείδες ανήκουν στη μυθική παράδοση,Μεσοελλαδική κοινότητα της Ακρόπολης,Πρώιμη Εποχή του Σιδήρου στην Αθήνα,"Η οχυρωμένη Ακρόπολη περιλάμβανε βασιλική κατοικία, αλλά η δομή και η έκταση ενός ανεξάρτητου αθηναϊκού ανακτορικού κράτους δεν τεκμηριώνονται όπως στην Πύλο.",broad_range,high,whc.unesco.org,,representative_center,Το σημείο αποδίδει τη μυκηναϊκή Ακρόπολη και όχι βέβαιη επικράτεια· οποιοδήποτε μελλοντικό πολύγωνο πρέπει να δηλώνεται ως υποθετικό.,https://whc.unesco.org/en/list/404/,,,0.1 — 2026-08-14,curated_initial
kingdom-greco-bactrian-diodotid,Ελληνοβακτριανό Βασίλειο — Διοδοτίδες,Βακτριανή,Greco-Bactrian Kingdom — Diodotid Phase,kingdom,greco_bactrian_dynastic_phase,,,,Βακτριανή,Αφγανιστάν,AFG,,36.7679,66.9011,POINT (66.9011 36.7679),-256,-235,256 π.Χ.–235 π.Χ.,political_phase,approximate,approximate,,,,Βάκτρα,,Διοδοτίδες,Σελευκιδική σατραπεία Βακτριανής,Ελληνοβακτριανό Βασίλειο των Ευθυδημιδών,Ο σατράπης Διόδοτος αποσχίστηκε από τους Σελευκίδες στα μέσα του 3ου αιώνα π.Χ.· η ακριβής χρονολογία ανεξαρτησίας και διαδοχής προκύπτει κυρίως από νομίσματα.,approximate,high,www.metmuseum.org,,representative_center,"Το σημείο αποδίδει τα Βάκτρα ως συμβατική πρωτεύουσα, όχι την ακριβή εδαφική έκταση της φάσης· τα πολύγωνα θα φέρουν χρονολογική και χωρική αβεβαιότητα.",https://www.metmuseum.org/toah/hd/gkru/hd_gkru.htm,,,0.1 — 2026-08-14,curated_initial
kingdom-greco-bactrian-euthydemid,Ελληνοβακτριανό Βασίλειο — Ευθυδημίδες,Βακτριανή,Greco-Bactrian Kingdom — Euthydemid Phase,kingdom,greco_bactrian_dynastic_phase,,,,Βακτριανή,Αφγανιστάν,AFG,,36.7679,66.9011,POINT (66.9011 36.7679),-235,-171,235 π.Χ.–171 π.Χ.,political_phase,approximate,approximate,,,,Βάκτρα,,Ευθυδημίδες,Ελληνοβακτριανό Βασίλειο των Διοδοτιδών,Ευκρατιδική φάση στη Βακτριανή και ινδοελληνικοί κλάδοι,Ο Ευθύδημος κατέλαβε τη Βακτριανή και αναγνωρίστηκε από τον Αντίοχο Γ΄· από τον οίκο του συνδέεται η επέκταση νότια του Ινδοκούς.,approximate,high,www.iranicaonline.org,,representative_center,"Το σημείο αποδίδει τα Βάκτρα ως κύριο κέντρο, όχι μία αμετάβλητη επικράτεια· οι ανατολικές και ινδικές επεκτάσεις θα αποδοθούν με ξεχωριστά πολύγωνα.",https://www.iranicaonline.org/articles/euthydemus/,,,0.1 — 2026-08-14,curated_initial
kingdom-greco-bactrian-eucratid,Ελληνοβακτριανό Βασίλειο — Ευκρατίδες,Βακτριανή,Greco-Bactrian Kingdom — Eucratid Phase,kingdom,greco_bactrian_dynastic_phase,,,,Βακτριανή,Αφγανιστάν,AFG,,36.7679,66.9011,POINT (66.9011 36.7679),-171,-130,171 π.Χ.–130 π.Χ.,political_phase,approximate,approximate,,,,Βάκτρα,,Ευκρατίδες και Ήλιοκλείδες,Ελληνοβακτριανό Βασίλειο των Ευθυδημιδών,Κυριαρχία Γιουετζί και άλλων νομαδικών ομάδων στη Βακτριανή,Ο Ευκρατίδης Α΄ κατέλαβε τη Βακτριανή και επεκτάθηκε προς την Ινδία· μετά τον θάνατό του το κράτος συρρικνώθηκε και η ελληνική εξουσία βόρεια του Ινδοκούς έληξε περίπου το 130 π.Χ.,approximate,high,www.iranicaonline.org,,representative_center,"Το σημείο αποδίδει τα Βάκτρα ως κύριο κέντρο, όχι τα αβέβαια και γρήγορα μεταβαλλόμενα όρια· τα μελλοντικά πολύγωνα πρέπει να δηλώνουν βαθμό βεβαιότητας.",https://www.iranicaonline.org/articles/eucratides/,,,0.1 — 2026-08-14,curated_initial
kingdom-bithynia,Βασίλειο της Βιθυνίας,Βιθυνία,Kingdom of Bithynia,kingdom,hellenistic_dynastic_kingdom,,,,Βιθυνία,Τουρκία,TUR,,40.7654,29.9408,POINT (29.9408 40.7654),-297,-74,297 π.Χ.–74 π.Χ.,political_phase,exact,exact,,,,Νικομήδεια,,Δυναστεία του Ζιποίτη και των Νικομηδών,Τοπικές βιθυνικές ηγεμονίες,Ρωμαϊκή επαρχία Βιθυνία,Ο Ζιποίτης έλαβε τον τίτλο του βασιλιά το 297 π.Χ. και οι διάδοχοί του κυβέρνησαν ένα ισχυρό μικρό βασίλειο μέχρι την κληροδότησή του στη Ρώμη.,exact,high,www.attalus.org,,representative_center,"Το σημείο αποδίδει τη Νικομήδεια ως πρωτεύουσα από τον Νικομήδη Α΄, όχι την πλήρη έκταση του βασιλείου· τα πολύγωνα θα αποθηκευθούν χωριστά.",https://www.attalus.org/names/b/bithynia.html,,,0.1 — 2026-08-14,curated_initial
kingdom-thebes-palatial,Ανακτορικό κράτος της Θήβας,Θῆβαι,Thebes Palatial State,kingdom,mycenaean_palatial_polity,,,,Βοιωτία,Ελλάδα,GRC,,38.325,23.3189,POINT (23.3189 38.325),-1400,-1200,1400 π.Χ.–1200 π.Χ.,political_phase,approximate,approximate,,,,"Καδμεία, Θήβα",,Άγνωστη· οι Λαβδακίδες ανήκουν στη μυθική παράδοση,Πρώιμες μυκηναϊκές κοινότητες της Βοιωτίας,Μετανακτορικές βοιωτικές κοινότητες,"Το Καδμείο ήταν ανακτορικό, διοικητικό και εργαστηριακό κέντρο με πινακίδες Γραμμικής Β· η ακριβής επικράτειά του παραμένει υπό συζήτηση.",broad_range,high,www.mthv.gr,,representative_center,"Το σημείο αποδίδει το ανακτορικό συγκρότημα στην Καδμεία, όχι τα όρια της θηβαϊκής εξουσίας· τα πολύγωνα θα είναι ξεχωριστά και χρονολογημένα.",https://www.mthv.gr/en/permanent-exhibition/mycenaean-period/,,,0.1 — 2026-08-14,curated_initial
kingdom-orchomenos-palatial,Ανακτορικό κράτος του Ορχομενού,Ὀρχομενός,Orchomenos Palatial State,kingdom,mycenaean_palatial_polity,,,,Βοιωτία,Ελλάδα,GRC,,38.4928,22.9794,POINT (22.9794 38.4928),-1400,-1200,1400 π.Χ.–1200 π.Χ.,political_phase,approximate,approximate,,,,Ορχομενός Βοιωτίας,,Άγνωστη· οι Μινύες ανήκουν κυρίως στη μυθική παράδοση,Πρώιμες μυκηναϊκές κοινότητες της Κωπαΐδας,Μετανακτορικές βοιωτικές κοινότητες,Πλούσιο μυκηναϊκό κέντρο της Κωπαΐδας με ανάκτορο και μνημειακό θολωτό τάφο· η σχέση του με τα έργα αποξήρανσης και τη Θήβα είναι αντικείμενο έρευνας.,broad_range,high,www.mthv.gr,,representative_center,"Το σημείο αποδίδει το ανακτορικό κέντρο του Ορχομενού, όχι υποθετική επικράτεια· τυχόν εδαφικά πολύγωνα θα δημοσιευθούν χωριστά.",https://www.mthv.gr/en/permanent-exhibition/mycenaean-period/,,,0.1 — 2026-08-14,curated_initial
kingdom-indo-greek-early,Πρώιμο Ινδοελληνικό Βασίλειο,,Early Indo-Greek Kingdom,kingdom,indo_greek_dynastic_phase,,,,Γανδάρα και βορειοδυτική Ινδία,Πακιστάν,PAK,,33.7457,72.8152,POINT (72.8152 33.7457),-200,-165,200 π.Χ.–165 π.Χ.,political_phase,uncertain,uncertain,Το διάστημα συμπυκνώνει αμφισβητούμενες ή μη συνεχείς ιστορικές φάσεις· απαιτείται λεπτομερέστερη διάσπαση πριν από αυστηρή χρονική ανάλυση.,,,Τάξιλα,,Ευθυδημίδες / Δημητρίδες,Ελληνοβακτριανή επέκταση νότια του Ινδοκούς,Ινδοελληνικό βασίλειο του Μενάνδρου και αντίπαλες γραμμές,Η ελληνική εξουσία πέρασε νότια του Ινδοκούς υπό τον Δημήτριο και συγγενείς ηγεμόνες. Η αλληλουχία και η έκταση ανασυντίθενται κυρίως από νομισματικά δεδομένα.,disputed,high,www.iranicaonline.org,,representative_center,"Το σημείο αποδίδει την Τάξιλα ως κύριο αστικό και νομισματικό κέντρο, όχι βέβαιη μοναδική πρωτεύουσα ή ενιαία επικράτεια· τα πολύγωνα θα είναι υποθετικά.",https://www.iranicaonline.org/articles/indo-greek-dynasty/,,,0.1 — 2026-08-14,needs_review
kingdom-indo-greek-menandrid,Ινδοελληνικό Βασίλειο του Μενάνδρου,,Indo-Greek Kingdom — Menander Phase,kingdom,indo_greek_dynastic_phase,,,,Γανδάρα και Παντζάμπ,Πακιστάν,PAK,,32.4945,74.5229,POINT (74.5229 32.4945),-165,-130,165 π.Χ.–130 π.Χ.,political_phase,approximate,approximate,,,,Σάγαλα,,Οίκος του Μενάνδρου και Αγαθοκλείας,Πρώιμα ινδοελληνικά βασίλεια,Ύστερα περιφερειακά ινδοελληνικά βασίλεια,Ο Μένανδρος Α΄ ήταν ο σημαντικότερος ινδοέλληνας ηγεμόνας και είναι γνωστός από άφθονη δίγλωσση νομισματοκοπία και ινδική λογοτεχνική παράδοση.,approximate,high,www.iranicaonline.org,,representative_center,"Το σημείο αποδίδει τη Σάγαλα, που ταυτίζεται συνήθως με τη Σιαλκότ, ως παραδοσιακή βασιλική έδρα· η ταύτιση και τα εδαφικά όρια δεν είναι απολύτως βέβαια.",https://www.iranicaonline.org/articles/indo-greek-dynasty/,,,0.1 — 2026-08-14,curated_initial
kingdom-indo-greek-late,Ύστερα Ινδοελληνικά Βασίλεια,,Late Indo-Greek Kingdoms,kingdom,aggregate_regional_monarchies,,,,"Γανδάρα, Παροπαμισάδες και Παντζάμπ",Πακιστάν,PAK,,33.7457,72.8152,POINT (72.8152 33.7457),-130,10,130 π.Χ.–10 μ.Χ.,political_phase,uncertain,uncertain,Το διάστημα συμπυκνώνει αμφισβητούμενες ή μη συνεχείς ιστορικές φάσεις· απαιτείται λεπτομερέστερη διάσπαση πριν από αυστηρή χρονική ανάλυση.,,,Τάξιλα,,Πολλαπλές περιφερειακές δυναστείες,Ινδοελληνικό βασίλειο του Μενάνδρου και σύγχρονες δυναστείες,Ινδοσκυθικά και ινδοπαρθικά βασίλεια,"Συμβατική συγκεντρωτική εγγραφή για πολλά παράλληλα και ανταγωνιστικά βασίλεια, γνωστά κυρίως από νομίσματα· δεν πρέπει να ερμηνευθεί ως ενιαίο κράτος.",disputed,high,www.iranicaonline.org,,representative_center,Το σημείο αποδίδει την Τάξιλα ως ένα από τα σημαντικότερα κέντρα και όχι κοινή πρωτεύουσα· απαιτούνται στο μέλλον επιμέρους εγγραφές και επικαλυπτόμενα πολύγωνα.,https://www.iranicaonline.org/articles/indo-greek-dynasty/,,,0.1 — 2026-08-14,needs_review
kingdom-epirus-aeacid,Βασίλειο της Ηπείρου των Αιακιδών,Μολοσσοί / Ἤπειρος,Aeacid Kingdom of Epirus,kingdom,regional_dynastic_monarchy,,,,Ήπειρος,Ελλάδα,GRC,,39.5465,20.7877,POINT (20.7877 39.5465),-390,-231,390 π.Χ.–231 π.Χ.,political_phase,approximate,approximate,,,,Δωδώνη,,Αιακίδες,Μολοσσικές φυλετικές ηγεμονίες,Κοινό των Ηπειρωτών,Η μολοσσική δυναστεία διαμόρφωσε ευρύτερο ηπειρωτικό βασίλειο και έφθασε σε μεγάλη ακμή με τον Πύρρο· η μοναρχία καταργήθηκε το 231 π.Χ.,approximate,high,www.cambridge.org,,representative_center,"Το σημείο αποδίδει τη Δωδώνη ως κύριο πολιτικό και θρησκευτικό κέντρο, όχι σταθερή πρωτεύουσα ή επικράτεια· τα πολύγωνα θα είναι ξεχωριστά.",https://www.cambridge.org/core/books/cambridge-companion-to-alexander-the-great/contexts/D0DFBC7B39E453BD0E365F56F74DA097,,,0.1 — 2026-08-14,curated_initial
kingdom-iolcos-palatial,Ανακτορικό κράτος της Ιωλκού,Ἰωλκός,Iolcos Palatial State,kingdom,mycenaean_palatial_polity,,,,Θεσσαλία,Ελλάδα,GRC,,39.3619,22.8919,POINT (22.8919 39.3619),-1400,-1200,1400 π.Χ.–1200 π.Χ.,political_phase,approximate,approximate,,,,Διμήνι,,Άγνωστη· οι Αιολίδες ανήκουν στη μυθική παράδοση,Πρώιμες μυκηναϊκές κοινότητες της Μαγνησίας,Μετανακτορικές θεσσαλικές κοινότητες,"Το ανάκτορο στο Διμήνι είναι το μοναδικό γνωστό μυκηναϊκό ανακτορικό κέντρο της Θεσσαλίας και συνδέεται πιθανώς, όχι απολύτως, με την Ιωλκό.",broad_range,high,odysseus.culture.gr,,representative_center,Το σημείο αποδίδει το ανάκτορο στο Διμήνι ως πιθανό κέντρο της Ιωλκού· δεν είναι εδαφικό πολύγωνο και η ταύτιση έχει βαθμό αβεβαιότητας.,https://odysseus.culture.gr/h/3/eh351.jsp?obj_id=2501,,,0.1 — 2026-08-14,curated_initial
kingdom-lysimachid,Βασίλειο του Λυσιμάχου,Βασιλεία Λυσιμάχου,Lysimachid Kingdom,kingdom,successor_kingdom,,,,Θράκη και δυτική Μικρά Ασία,Τουρκία,TUR,,40.5482,26.7508,POINT (26.7508 40.5482),-306,-281,306 π.Χ.–281 π.Χ.,political_phase,exact,exact,,,,Λυσιμάχεια,,Λυσιμαχίδες,Θρακική σατραπεία της αυτοκρατορίας του Αλεξάνδρου,Σελευκιδικό βασίλειο και ανεξάρτητα μικρασιατικά κράτη,"Το βασίλειο του Διαδόχου Λυσιμάχου περιέλαβε τη Θράκη, τμήματα της Μικράς Ασίας και για λίγο τη Μακεδονία, πριν καταρρεύσει μετά το Κουροπέδιο.",exact,high,curated point linked to Pleiades place,precise,representative_center,"Το σημείο αποδίδει κατά προσέγγιση τη Λυσιμάχεια, ιδρυμένη ως βασιλική πρωτεύουσα· η θέση έχει χωρική αβεβαιότητα και τα εδάφη θα αποδοθούν σε ξεχωριστό GeoJSON.",https://pleiades.stoa.org/places/501458,,501458,0.1 — 2026-08-14,curated_initial
kingdom-cappadocia-ariarathid,Βασίλειο της Καππαδοκίας των Αριαραθιδών,Καππαδοκία,Ariarathid Kingdom of Cappadocia,kingdom,hellenistic_iranian_dynasty,,,,Καππαδοκία,Τουρκία,TUR,,38.7225,35.4875,POINT (35.4875 38.7225),-331,-96,331 π.Χ.–96 π.Χ.,political_phase,approximate,approximate,,,,Μάζακα,,Αριαραθίδες,Αχαιμενιδική σατραπεία Καππαδοκίας,Ύστερο πελατειακό βασίλειο της Καππαδοκίας,"Ιρανικής καταγωγής δυναστεία σε ελληνιστικό πολιτικό και πολιτισμικό περιβάλλον· η συνέχεια γνώρισε διακοπές, επεμβάσεις Σελευκιδών και Ποντίων και αμφισβητούμενες διαδοχές.",approximate,high,www.iranicaonline.org,,representative_center,"Το σημείο αποδίδει τη Μάζακα ως βασιλικό κέντρο, όχι την επικράτεια ή όλες τις μετακινήσεις της αυλής· τα εδαφικά πολύγωνα θα τηρούνται χωριστά.",https://www.iranicaonline.org/articles/cappadocia/,,,0.1 — 2026-08-14,curated_initial
kingdom-cappadocia-late-client,Ύστερο Βασίλειο της Καππαδοκίας,Καππαδοκία,Late Kingdom of Cappadocia,kingdom,hellenistic_roman_client_kingdom,,,,Καππαδοκία,Τουρκία,TUR,,38.7225,35.4875,POINT (35.4875 38.7225),-95,17,95 π.Χ.–17 μ.Χ.,political_phase,uncertain,uncertain,Το διάστημα συμπυκνώνει αμφισβητούμενες ή μη συνεχείς ιστορικές φάσεις· απαιτείται λεπτομερέστερη διάσπαση πριν από αυστηρή χρονική ανάλυση.,,,Μάζακα,,Αριοβαρζανίδες· κατόπιν Αρχέλαος,Βασίλειο της Καππαδοκίας των Αριαραθιδών,Ρωμαϊκή επαρχία Καππαδοκία,"Υστεροελληνιστική και ρωμαϊκή πελατειακή φάση, με επανειλημμένες εκθρονίσεις και αποκαταστάσεις, έως την προσάρτηση από τον Τιβέριο το 17 μ.Χ.",mixed,high,www.iranicaonline.org,,representative_center,"Το σημείο αποδίδει τη Μάζακα ως κύριο βασιλικό κέντρο, όχι την εδαφική έκταση· οι διακοπές και μεταβολές κυριαρχίας χρειάζονται ξεχωριστές χρονικές φάσεις και πολύγωνα.",https://www.iranicaonline.org/articles/cappadocia/,,,0.1 — 2026-08-14,needs_review
kingdom-bosporus-archaeanactid,Βασίλειο του Κιμμερίου Βοσπόρου — Αρχαιανακτίδες,Βασίλειον τοῦ Κιμμερικοῦ Βοσπόρου,Bosporan Kingdom — Archaeanactid Phase,kingdom,greco_scythian_dynastic_monarchy,,,,Κιμμέριος Βόσπορος,Ουκρανία,UKR,,45.3507,36.47,POINT (36.47 45.3507),-480,-438,480 π.Χ.–438 π.Χ.,political_phase,approximate,approximate,,,,"Παντικάπαιον, Κερτς",,Αρχαιανακτίδες,Συμμαχία ελληνικών πόλεων στις δύο πλευρές του στενού,Βασίλειο του Κιμμερίου Βοσπόρου των Σπαρτοκιδών,"Πρώιμη μοναρχική ενοποίηση ελληνικών πόλεων γύρω από τον πορθμό του Κερτς, μέσα σε μικτό ελληνοσκυθικό περιβάλλον.",approximate,high,www.iranicaonline.org,,representative_center,"Το σημείο αποδίδει το Παντικάπαιον ως πρωτεύουσα, όχι το δίκτυο πόλεων και εδαφών· τα πολύγωνα θα τηρούνται χωριστά. Η αναφορά στην Κριμαία δεν δηλώνει θέση περί σύγχρονης κυριαρχίας.",https://www.iranicaonline.org/articles/scythians/,,,0.1 — 2026-08-14,curated_initial
kingdom-bosporus-mithridatic,Βασίλειο του Κιμμερίου Βοσπόρου — Μιθριδατική φάση,Βασίλειον τοῦ Κιμμερικοῦ Βοσπόρου,Bosporan Kingdom — Mithridatic Phase,kingdom,pontic_bosporan_phase,,,,Κιμμέριος Βόσπορος,Ουκρανία,UKR,,45.3507,36.47,POINT (36.47 45.3507),-107,-63,107 π.Χ.–63 π.Χ.,political_phase,approximate,approximate,,,,"Παντικάπαιον, Κερτς",,Μιθριδατίδες του Πόντου,Βασίλειο του Κιμμερίου Βοσπόρου των Σπαρτοκιδών,Ρωμαϊκά εξαρτημένο Βασίλειο του Βοσπόρου,Ο Βόσπορος εντάχθηκε στη σφαίρα του Μιθριδάτη ΣΤ΄ και διοικήθηκε από μέλη ή αντιπροσώπους του ποντιακού οίκου έως την εξέγερση του Φαρνάκη.,approximate,high,www.iranicaonline.org,,representative_center,"Το σημείο αποδίδει το Παντικάπαιον ως πρωτεύουσα, όχι την ποντιακή ή βοσποριανή επικράτεια· τα πολύγωνα θα τηρούνται χωριστά. Η σύγχρονη κυριαρχία στην Κριμαία δεν υπονοείται.",https://www.iranicaonline.org/articles/scythians/,,,0.1 — 2026-08-14,curated_initial
kingdom-bosporus-spartocid,Βασίλειο του Κιμμερίου Βοσπόρου — Σπαρτοκίδες,Βασίλειον τοῦ Κιμμερικοῦ Βοσπόρου,Bosporan Kingdom — Spartocid Phase,kingdom,greco_scythian_dynastic_monarchy,,,,Κιμμέριος Βόσπορος,Ουκρανία,UKR,,45.3507,36.47,POINT (36.47 45.3507),-438,-107,438 π.Χ.–107 π.Χ.,political_phase,approximate,approximate,,,,"Παντικάπαιον, Κερτς",,Σπαρτοκίδες,Βασίλειο του Κιμμερίου Βοσπόρου των Αρχαιανακτιδών,Ποντιακή-μιθριδατική φάση του Βοσπόρου,Μακρόβια ελληνοσκυθική μοναρχία με πρωτεύουσα το Παντικάπαιον και ισχυρό εμπόριο σιτηρών με το Αιγαίο· οι άρχοντες έφεραν διαφορετικούς τίτλους για ελληνικούς και μη ελληνικούς πληθυσμούς.,approximate,high,www.encyclopediaofukraine.com,,representative_center,"Το σημείο αποδίδει την πρωτεύουσα Παντικάπαιον, όχι τα μεταβαλλόμενα εδάφη σε Κριμαία και Ταμάν· τα πολύγωνα θα είναι χωριστά. Η σύγχρονη κυριαρχία δεν υπονοείται.",https://www.encyclopediaofukraine.com/display.asp?linkpath=pages%5CB%5CO%5CBosporanKingdom.htm,,,0.1 — 2026-08-14,curated_initial
kingdom-commagene,Βασίλειο της Κομμαγηνής,Κομμαγηνή,Kingdom of Commagene,kingdom,hybrid_hellenistic_kingdom,,,,Κομμαγηνή,Τουρκία,TUR,,37.5451,38.5008,POINT (38.5008 37.5451),-163,72,163 π.Χ.–72 μ.Χ.,political_phase,uncertain,uncertain,Το διάστημα συμπυκνώνει αμφισβητούμενες ή μη συνεχείς ιστορικές φάσεις· απαιτείται λεπτομερέστερη διάσπαση πριν από αυστηρή χρονική ανάλυση.,,,Σαμόσατα,,Οροντίδες / Ερβανδίδες,Σελευκιδική σατραπεία Κομμαγηνής,Ρωμαϊκή επαρχία Συρία,"Μικρό ελληνιστικό βασίλειο με ελληνικές, ιρανικές και αρμενικές παραδόσεις. Η ανεξαρτησία διακόπηκε το 17–38 μ.Χ. πριν από την οριστική ρωμαϊκή προσάρτηση.",mixed,high,whc.unesco.org,,representative_center,"Το σημείο αποδίδει τη Σαμόσατα, σήμερα σε μεγάλο βαθμό κατακλυσμένη, ως πρωτεύουσα· η επικράτεια και η διακοπή του 17–38 μ.Χ. θα αποδοθούν χωριστά.",https://whc.unesco.org/en/list/448/,,,0.1 — 2026-08-14,needs_review
kingdom-knossos-mycenaean,Μυκηναϊκή ανακτορική φάση της Κνωσού,Κνωσός (Γραμμική Β: ko-no-so),Mycenaean Knossos Palatial State,kingdom,mycenaean_palatial_polity,,,,Κρήτη,Ελλάδα,GRC,,35.2987,25.1614,POINT (25.1614 35.2987),-1450,-1375,1450 π.Χ.–1375 π.Χ.,political_phase,approximate,approximate,,,,Ανάκτορο Κνωσού,,Άγνωστη μυκηναϊκή διοικητική ελίτ,Νεοανακτορικό μινωικό κράτος της Κνωσού,Μετανακτορική Κρήτη και περιφερειακά κέντρα,Η χρήση της ελληνικής Γραμμικής Β δείχνει μυκηναϊκή διοίκηση στην Κνωσό μετά περίπου το 1450 π.Χ.· η τελική χρονολόγηση του αρχείου παραμένει συζητήσιμη.,approximate,high,odysseus.culture.gr,,representative_center,"Το σημείο αποδίδει το ανάκτορο της Κνωσού, όχι την έκταση της διοίκησής του στην Κρήτη· τα εδαφικά πολύγωνα θα είναι ξεχωριστά και θα φέρουν αβεβαιότητα.",https://odysseus.culture.gr/h/2/eh2530.jsp?obj_id=716,,,0.1 — 2026-08-14,curated_initial
kingdom-paphos-cyprus,Πόλη-βασίλειο της Πάφου,Πάφος,City-Kingdom of Paphos,kingdom,cypriot_city_kingdom,,,,Κύπρος,Κύπρος,CYP,,34.7084,32.573,POINT (32.573 34.7084),-800,-312,800 π.Χ.–312 π.Χ.,political_phase,approximate,approximate,,,,"Παλαίπαφος, Κούκλια",,Τοπικές παφιακές βασιλικές γενεές· Νικοκλείδες στην ύστερη φάση,Ύστερη εποχή του Χαλκού και πρώιμη πολιτειακή συγκρότηση της Παλαίπαφου,Πτολεμαϊκή διοίκηση της Κύπρου,Αυτόνομο κυπριακό μικροκράτος με κέντρο την Παλαίπαφο και το ιερό της Αφροδίτης· η πρώιμη χρονολογία είναι συμβατική και αρχαιολογικά ευρεία.,broad_range,high,websites.ucy.ac.cy,,representative_center,"Το σημείο αποδίδει την Παλαίπαφο ως αρχικό βασιλικό και λατρευτικό κέντρο, όχι την επικράτεια· τα εδαφικά πολύγωνα θα δημοσιευθούν χωριστά.",https://websites.ucy.ac.cy/pulp/documents/Publications/Iacovou_2014-POLITICAL_ECONOMIES.pdf,,,0.1 — 2026-08-14,curated_initial
kingdom-salamis-cyprus,Πόλη-βασίλειο της Σαλαμίνας Κύπρου,Σαλαμίς,"City-Kingdom of Salamis, Cyprus",kingdom,cypriot_city_kingdom,,,,Κύπρος,Κύπρος,CYP,,35.1853,33.9014,POINT (33.9014 35.1853),-800,-311,800 π.Χ.–311 π.Χ.,political_phase,approximate,approximate,,,,Σαλαμίνα Κύπρου,,"Τευκρίδες και ιστορικές βασιλικές γραμμές, μεταξύ τους οι Ευαγορίδες",Ύστερη εποχή του Χαλκού στην Έγκωμη και πρώιμες κυπριακές ηγεμονίες,Πτολεμαϊκή διοίκηση της Κύπρου,Μία από τις ισχυρότερες κυπριακές πόλεις-βασίλεια. Η έναρξη είναι ευρεία αρχαιολογική προσέγγιση και η μοναρχία καταργήθηκε με την πτολεμαϊκή ενοποίηση της Κύπρου.,broad_range,high,www.uni-muenster.de,,representative_center,"Το σημείο αποδίδει την αρχαία Σαλαμίνα ως βασιλικό κέντρο, όχι τα μεταβαλλόμενα όρια του βασιλείου· τα πολύγωνα θα αποθηκευθούν χωριστά.",https://www.uni-muenster.de/ZypernInstitut/en/publikationen/schriften13.html,,,0.1 — 2026-08-14,curated_initial
kingdom-cyrene-magas,Βασίλειο της Κυρήνης του Μάγα,Κυρήνη,Kingdom of Cyrene under Magas,kingdom,hellenistic_breakaway_kingdom,,,,Κυρηναϊκή,Λιβύη,LBY,,32.825,21.8583,POINT (21.8583 32.825),-276,-250,276 π.Χ.–250 π.Χ.,political_phase,approximate,approximate,,,,Κυρήνη,,Μάγας· βραχεία διαδοχή Δημητρίου του Καλλού,Πτολεμαϊκή διοίκηση της Κυρηναϊκής,Βραχεία διαδοχή Δημητρίου του Καλλού και επανένταξη στους Πτολεμαίους,"Ο Μάγας, αρχικά πτολεμαϊκός διοικητής, αναγνωρίστηκε ως βασιλιάς της Κυρήνης και διατήρησε ουσιαστική αυτονομία έως τον θάνατό του.",approximate,high,discovery.ucl.ac.uk,,representative_center,"Το σημείο αποδίδει την πόλη Κυρήνη ως βασιλικό κέντρο, όχι ολόκληρη την Κυρηναϊκή· η σχέση εξάρτησης από την Αίγυπτο και τα εδάφη χρειάζονται χωριστές φάσεις.",https://discovery.ucl.ac.uk/10062899/1/1873-5363_bnj_fulltextxml_a162.pdf,,,0.1 — 2026-08-14,curated_initial
kingdom-cyrene-battiad,Βασίλειο της Κυρήνης των Βαττιαδών,Κυρήνη,Battiad Kingdom of Cyrene,kingdom,greek_colonial_monarchy,,,,Κυρηναϊκή,Λιβύη,LBY,,32.825,21.8583,POINT (21.8583 32.825),-631,-440,631 π.Χ.–440 π.Χ.,political_phase,approximate,approximate,,,,Κυρήνη,,Βαττιάδες,Αποικιακή εγκατάσταση Θηραίων και τοπικές λιβυκές κοινότητες,Κυρηναϊκή πολιτεία με μη μοναρχικούς θεσμούς,Ελληνική αποικιακή μοναρχία που ιδρύθηκε από Θηραίους και εξελίχθηκε σε σημαντικό κέντρο της Κυρηναϊκής μέχρι την κατάργηση της δυναστείας.,approximate,high,whc.unesco.org,,representative_center,"Το σημείο αποδίδει την πόλη-πρωτεύουσα Κυρήνη, όχι το σύνολο της Κυρηναϊκής· τα εδαφικά πολύγωνα θα τηρούνται σε ξεχωριστό GeoJSON.",https://whc.unesco.org/en/list/190/,,,0.1 — 2026-08-14,curated_initial
kingdom-macedon-antigonid,Βασίλειο της Μακεδονίας των Αντιγονιδών,Μακεδονία,Antigonid Kingdom of Macedon,kingdom,successor_kingdom,,,,Μακεδονία,Ελλάδα,GRC,,40.7612,22.526,POINT (22.526 40.7612),-277,-168,277 π.Χ.–168 π.Χ.,political_phase,approximate,approximate,,,,Πέλλα,,Αντιγονίδες,Μεταβατικές βασιλείες στη Μακεδονία μετά τους Διαδόχους,Ρωμαϊκές μερίδες της Μακεδονίας και κατόπιν επαρχία,Σταθεροποιήθηκε με τον Αντίγονο Β΄ Γονατά και έληξε με την ήττα του Περσέα στην Πύδνα και την κατάλυση της μοναρχίας από τη Ρώμη.,approximate,high,www.metmuseum.org,,representative_center,"Το σημείο αποδίδει την Πέλλα ως πρωτεύουσα, όχι την κυμαινόμενη μακεδονική επικράτεια· τα πολύγωνα θα αποθηκευθούν χωριστά ανά φάση.",https://www.metmuseum.org/toah/hd/gkru/hd_gkru.htm,,,0.1 — 2026-08-14,curated_initial
kingdom-macedon-argead,Βασίλειο της Μακεδονίας των Αργεαδών,Μακεδονία / Μακεδόνων βασιλεία,Argead Kingdom of Macedon,kingdom,archaic_classical_dynastic_monarchy,,,,Μακεδονία,Ελλάδα,GRC,,40.4811,22.313,POINT (22.313 40.4811),-700,-336,700 π.Χ.–336 π.Χ.,political_phase,approximate,approximate,,,,Αιγές,,Αργεάδες / Τημενίδες,Πρώιμες μακεδονικές ηγεμονίες,Αυτοκρατορία του Αλεξάνδρου,"Η δυναστεία ενοποίησε σταδιακά τη Μακεδονία· οι Αιγές ήταν η πρώτη πρωτεύουσα και δυναστικό κέντρο, ενώ η αυλή μεταφέρθηκε αργότερα στην Πέλλα.",approximate,high,whc.unesco.org,,representative_center,"Το σημείο αποδίδει τις Αιγές ως πρώτη πρωτεύουσα και δυναστικό κέντρο, όχι τα μεταβαλλόμενα σύνορα της Μακεδονίας· τα πολύγωνα θα αποθηκευθούν χωριστά.",https://whc.unesco.org/en/list/780/,,,0.1 — 2026-08-14,curated_initial
kingdom-macedon-kassandrid,Βασίλειο της Μακεδονίας των Κασσανδριδών,Μακεδονία,Kassandrid Kingdom of Macedon,kingdom,successor_kingdom,,,,Μακεδονία,Ελλάδα,GRC,,40.7612,22.526,POINT (22.526 40.7612),-305,-294,305 π.Χ.–294 π.Χ.,political_phase,exact,exact,,,,Πέλλα,,Αντιπατρίδες / Κασσανδρίδες,Αργεάδες και μεταλεξάνδρεια αντιβασιλεία,"Βραχείες βασιλείες Δημητρίου, Πύρρου και Λυσιμάχου",Ο Κάσσανδρος έλαβε τον βασιλικό τίτλο το 305 π.Χ.· η δυναστική φάση έληξε όταν ο Δημήτριος Πολιορκητής κατέλαβε τη Μακεδονία.,exact,high,www.metmuseum.org,,representative_center,"Το σημείο αποδίδει την Πέλλα ως πρωτεύουσα, όχι τα σύνορα του βασιλείου· οι εδαφικές μεταβολές των πολέμων των Διαδόχων θα αποδοθούν σε ξεχωριστό GeoJSON.",https://www.metmuseum.org/toah/hd/gkru/hd_gkru.htm,,,0.1 — 2026-08-14,curated_initial
kingdom-alexander-empire,Αυτοκρατορία του Αλεξάνδρου,Ἀλέξανδρος βασιλεὺς Μακεδόνων,Empire of Alexander the Great,kingdom,conquest_empire,,,,"Μακεδονία, Αίγυπτος και Ασία",Ιράκ,IRQ,,32.5423,44.4208,POINT (44.4208 32.5423),-336,-323,336 π.Χ.–323 π.Χ.,political_phase,exact,exact,,,,Βαβυλώνα,,Αργεάδες,Βασίλειο της Μακεδονίας των Αργεαδών,Μεταλεξάνδρεια αντιβασιλεία και βασίλεια των Διαδόχων,"Η μακεδονική μοναρχία του Αλεξάνδρου κατέλυσε την Αχαιμενιδική αυτοκρατορία και έφθασε ως τον Ινδό, χωρίς να αποκτήσει σταθερή ενιαία πρωτεύουσα.",exact,high,www.metmuseum.org,,representative_center,Το σημείο αποδίδει τη Βαβυλώνα ως τελικό διοικητικό κέντρο και τόπο θανάτου του Αλεξάνδρου· η αυλή ήταν κινητή και η αυτοκρατορική έκταση απαιτεί ξεχωριστά χρονολογημένα πολύγωνα.,https://www.metmuseum.org/essays/the-rise-of-macedonia-and-the-conquests-of-alexander-the-great,,,0.1 — 2026-08-14,curated_initial
kingdom-pylos-palatial,Ανακτορικό κράτος της Πύλου,Πύλος,Pylos Palatial State,kingdom,mycenaean_palatial_polity,,,,Μεσσηνία,Ελλάδα,GRC,,37.0286,21.6956,POINT (21.6956 37.0286),-1450,-1180,1450 π.Χ.–1180 π.Χ.,political_phase,approximate,approximate,,,,"Ανάκτορο του Νέστορα, Άνω Εγκλιανός",,Άγνωστη· οι Νηλείδες ανήκουν στη μυθική παράδοση,Πρώιμες μυκηναϊκές κοινότητες της δυτικής Μεσσηνίας,Μετανακτορικές κοινότητες της Μεσσηνίας,Το αρχείο της Γραμμικής Β τεκμηριώνει συγκεντρωτική ανακτορική διοίκηση στη δυτική Μεσσηνία πριν από την καταστροφή του ανακτόρου.,broad_range,high,odysseus.culture.gr,,representative_center,"Το σημείο αποδίδει το ανάκτορο στον Άνω Εγκλιανό, όχι το σύνολο της επικράτειας· τα εδαφικά πολύγωνα θα αποτελέσουν ξεχωριστό χρονολογημένο GeoJSON.",https://odysseus.culture.gr/h/3/eh355.jsp?obj_id=2562,,,0.1 — 2026-08-14,curated_initial
kingdom-attalid-pergamon,Βασίλειο της Περγάμου των Ατταλιδών,Βασιλεία τῶν Ἀτταλιδῶν,Attalid Kingdom of Pergamon,kingdom,dynastic_state_to_kingdom,,,,Μυσία και δυτική Μικρά Ασία,Τουρκία,TUR,,39.1327,27.1841,POINT (27.1841 39.1327),-283,-133,283 π.Χ.–133 π.Χ.,political_phase,uncertain,uncertain,Το διάστημα συμπυκνώνει αμφισβητούμενες ή μη συνεχείς ιστορικές φάσεις· απαιτείται λεπτομερέστερη διάσπαση πριν από αυστηρή χρονική ανάλυση.,,,Πέργαμος,,Ατταλίδες,Σελευκιδική επικυριαρχία στη δυτική Μικρά Ασία,Ρωμαϊκή επαρχία Ασία,"Η δυναστική ηγεμονία άρχισε με τον Φιλέταιρο, ενώ ο Άτταλος Α΄ έλαβε επίσημα τον τίτλο του βασιλιά το 241 π.Χ.· ο Άτταλος Γ΄ κληροδότησε το κράτος στη Ρώμη.",mixed,high,www.metmuseum.org,,representative_center,"Το σημείο αποδίδει την ακρόπολη της Περγάμου ως πρωτεύουσα, όχι την επικράτεια· τα πολύγωνα θα διαχωρίζουν την πρώιμη ηγεμονία από το ώριμο βασίλειο.",https://www.metmuseum.org/toah/hd/gkru/hd_gkru.htm,,,0.1 — 2026-08-14,needs_review
kingdom-pontus-mithridatid,Βασίλειο του Πόντου,Βασιλεία τοῦ Πόντου,Kingdom of Pontus,kingdom,hellenistic_dynastic_kingdom,,,,Πόντος,Τουρκία,TUR,,42.0266,35.1517,POINT (35.1517 42.0266),-280,-63,280 π.Χ.–63 π.Χ.,political_phase,approximate,approximate,,,,Σινώπη,,Μιθριδατίδες,Καππαδοκική σατραπεία και περιφερειακές δυναστείες,Ρωμαϊκή επαρχία Βιθυνία και Πόντος,"Ελληνοϊρανική μοναρχία της νότιας Μαύρης Θάλασσας, με ιδιαίτερη ακμή υπό τον Μιθριδάτη ΣΤ΄· η Σινώπη έγινε βασιλική πρωτεύουσα μετά την κατάκτησή της.",approximate,high,www.metmuseum.org,,representative_center,Το σημείο αποδίδει τη Σινώπη ως κύρια ύστερη πρωτεύουσα και όχι την αρχική έδρα στην Αμάσεια ή τα μεταβαλλόμενα σύνορα· τα πολύγωνα θα είναι ξεχωριστά.,https://www.metmuseum.org/toah/hd/gkru/hd_gkru.htm,,,0.1 — 2026-08-14,curated_initial
kingdom-syracuse-agathocles,Βασίλειο των Συρακουσών του Αγαθοκλή,Συράκουσαι,Kingdom of Syracuse under Agathocles,kingdom,sicilian_greek_kingship,,,,Σικελία,Ιταλία,ITA,,37.0608,15.2926,POINT (15.2926 37.0608),-304,-289,304 π.Χ.–289 π.Χ.,political_phase,exact,exact,,,,Συρακούσες,,Αγαθοκλής και οικογένεια,Συρακούσια πόλη υπό τυραννική εξουσία του Αγαθοκλή,Μεταγαθοκλείδεια αστάθεια στις Συρακούσες,"Ο Αγαθοκλής, ήδη τύραννος των Συρακουσών, υιοθέτησε τον βασιλικό τίτλο στο πλαίσιο των ελληνιστικών μοναρχιών και κυβέρνησε μεγάλο μέρος της ελληνικής Σικελίας.",exact,high,www.britishmuseum.org,,representative_center,"Το σημείο αποδίδει τις Συρακούσες ως πρωτεύουσα, όχι όλες τις σικελικές και υπερπόντιες κτήσεις του Αγαθοκλή· τα πολύγωνα θα είναι ξεχωριστά ανά εκστρατευτική φάση.",https://www.britishmuseum.org/collection/object/C_2013-4030-144,,,0.1 — 2026-08-14,curated_initial
kingdom-syracuse-hieron-ii,Βασίλειο των Συρακουσών του Ιέρωνα Β΄,Συράκουσαι,Kingdom of Syracuse under Hieron II,kingdom,sicilian_greek_kingship,,,,Σικελία,Ιταλία,ITA,,37.0608,15.2926,POINT (15.2926 37.0608),-269,-215,269 π.Χ.–215 π.Χ.,political_phase,approximate,approximate,,,,Συρακούσες,,Ιέρων Β΄ και Ιερωνίδες,Μεταπύρρεια πολιτική αστάθεια στις Συρακούσες,Ιερώνυμος και κατόπιν ρωμαϊκή κατάκτηση,Ο Ιέρων Β΄ εγκαθίδρυσε μακρόβια μοναρχία στις Συρακούσες και διατήρησε συμμαχία με τη Ρώμη· μετά τον θάνατό του ακολούθησε σύντομη κρίση και ρωμαϊκή κατάκτηση.,approximate,high,www.britishmuseum.org,,representative_center,"Το σημείο αποδίδει τις Συρακούσες ως πρωτεύουσα, όχι την ελεγχόμενη νοτιοανατολική Σικελία· τα εδαφικά πολύγωνα θα τηρούνται χωριστά.",https://www.britishmuseum.org/collection/object/C_TC-p80-56-Syr,,,0.1 — 2026-08-14,curated_initial
kingdom-seleucid,Σελευκιδικό Βασίλειο,Βασιλεία τῶν Σελευκιδῶν,Seleucid Empire,kingdom,hellenistic_dynastic_kingdom,,,,"Συρία, Μεσοποταμία και Ασία",Τουρκία,TUR,,36.2021,36.1609,POINT (36.1609 36.2021),-312,-63,312 π.Χ.–63 π.Χ.,political_phase,approximate,approximate,,,,Αντιόχεια επί Ορόντου,,Σελευκίδες,Αυτοκρατορία του Αλεξάνδρου και σατραπείες των Διαδόχων,"Ρωμαϊκή Συρία, Παρθικό βασίλειο και άλλα περιφερειακά κράτη","Το μεγαλύτερο ανατολικό κράτος των Διαδόχων, με δύο κύρια διοικητικά κέντρα, την Αντιόχεια και τη Σελεύκεια στον Τίγρη· η αρχή τοποθετείται στην ανάκτηση της Βαβυλώνας από τον Σέλευκο.",approximate,high,www.metmuseum.org,,representative_center,"Το σημείο αποδίδει την Αντιόχεια ως κύρια δυτική πρωτεύουσα, όχι ολόκληρη την αυτοκρατορία· η Σελεύκεια και οι εδαφικές φάσεις θα συνδεθούν με ξεχωριστά γεωμετρικά δεδομένα.",https://www.metmuseum.org/essays/the-seleucid-empire-323-64-b-c,,,0.1 — 2026-08-14,curated_initial
sanctuary-aegina-aphaia-sanctuary,Ιερό της Αφαίας στην Αίγινα,Ἀφαίας ἱερόν,Sanctuary of Aphaia on Aegina,sanctuary,rural,,rural,,Αίγινα,Ελλάδα,GRC,"Agia Marina, Aegina",37.75437629,23.53324757,POINT (23.53324757 37.75437629),-1300,300,1300 π.Χ.–300 μ.Χ.,cult_activity_window,approximate,approximate,Το τελικό έτος είναι προσεγγιστικό όριο της κύριας αρχαίας λατρευτικής χρήσης και χρειάζεται ανάλυση σε επιμέρους φάσεις για λεπτομερή χρονογραμμή.,,,,Αφαία,,,,Κορυφαίο ιερό τοπικής θεότητας με μυκηναϊκές απαρχές και καλοδιατηρημένο δωρικό ναό των αρχών του 5ου αιώνα π.Χ.,approximate,high,Pleiades representative point,precise,site,,https://pleiades.stoa.org/places/579872,,579872,0.1 — 2026-08-14,curated_initial
sanctuary-alexandria-serapeum,Σεραπείο Αλεξάνδρειας,Σαραπεῖον,Serapeum of Alexandria,sanctuary,urban,,urban,,Αίγυπτος,Αίγυπτος,EGY,Alexandria,31.181944,29.896944,POINT (29.896944 31.181944),-280,391,280 π.Χ.–391 μ.Χ.,cult_activity_window,approximate,approximate,,,,,"Σάραπις, Ίσις και Αρποκράτης",,,,"Μεγάλο πτολεμαϊκό και ρωμαϊκό ιερό του συγκρητικού θεού Σάραπι, καταστραμμένο στο πλαίσιο των θρησκευτικών συγκρούσεων του 391 μ.Χ.",approximate,high,Pleiades representative point,precise,site,,https://pleiades.stoa.org/places/182618516,,182618516,0.1 — 2026-08-14,curated_initial
sanctuary-thermon-apollo-sanctuary,Ιερό του Απόλλωνα στο Θέρμο,Θέρμον,Sanctuary of Apollo at Thermon,sanctuary,federal,federal,,,Αιτωλία,Ελλάδα,GRC,Thermo,38.55975222,21.66809773,POINT (21.66809773 38.55975222),-630,-100,630 π.Χ.–100 π.Χ.,cult_activity_window,approximate,approximate,,,,,Απόλλων Θέρμιος,,,,Θρησκευτικό και πολιτικό κέντρο των Αιτωλών. Η έναρξη αφορά τον αρχαϊκό ναό του Απόλλωνα και όχι τα προγενέστερα μέγαρα της Εποχής του Χαλκού.,approximate,high,Pleiades representative point,precise,site,,https://pleiades.stoa.org/places/728329645,,728329645,0.1 — 2026-08-14,curated_initial
sanctuary-argive-heraion,Αργείο Ηραίο,Ἡραῖον τὸ Ἀργεῖον,Argive Heraion,sanctuary,rural,,rural,,Αργολίδα,Ελλάδα,GRC,Neo Ireo,37.69209411,22.77477164,POINT (22.77477164 37.69209411),-800,400,800 π.Χ.–400 μ.Χ.,cult_activity_window,approximate,approximate,Το τελικό έτος είναι προσεγγιστικό όριο της κύριας αρχαίας λατρευτικής χρήσης και χρειάζεται ανάλυση σε επιμέρους φάσεις για λεπτομερή χρονογραμμή.,,,,Ήρα Αργεία,,,,"Μείζον εξωαστικό ιερό της Ήρας για το Άργος και την Αργολίδα, με άνδηρα, ναούς, στοές και πλούσιες αναθήσεις.",approximate,high,Pleiades representative point,precise,site,,https://pleiades.stoa.org/places/570289,,570289,0.1 — 2026-08-14,curated_initial
sanctuary-epidauros-asklepios-sanctuary,Ασκληπιείο Επιδαύρου,Ἀσκληπιεῖον Ἐπιδαύρου,Sanctuary of Asklepios at Epidauros,sanctuary,healing,,,healing,Αργολίδα,Ελλάδα,GRC,Lygourio,37.59830234,23.07426419,POINT (23.07426419 37.59830234),-600,400,600 π.Χ.–400 μ.Χ.,cult_activity_window,approximate,approximate,Το τελικό έτος είναι προσεγγιστικό όριο της κύριας αρχαίας λατρευτικής χρήσης και χρειάζεται ανάλυση σε επιμέρους φάσεις για λεπτομερή χρονογραμμή.,,,,"Ασκληπιός, Υγεία και Απόλλων Μαλεάτας",,,,"Μεγάλο θεραπευτικό ιερό με άβατο, θόλο, ναό, λουτρικές εγκαταστάσεις και θέατρο, προορισμό προσκυνητών από όλο τον ελληνικό κόσμο.",approximate,high,Pleiades representative point,precise,site,,https://pleiades.stoa.org/places/570127,,570127,0.1 — 2026-08-14,curated_initial
sanctuary-tegea-athena-alea-sanctuary,Ιερό της Αθηνάς Αλέας στην Τεγέα,Ἀθηνᾶς Ἀλέας ἱερόν,Sanctuary of Athena Alea at Tegea,sanctuary,urban,,urban,,Αρκαδία,Ελλάδα,GRC,"Alea, Tripoli",37.45548013,22.4203967,POINT (22.4203967 37.45548013),-700,400,700 π.Χ.–400 μ.Χ.,cult_activity_window,approximate,approximate,Το τελικό έτος είναι προσεγγιστικό όριο της κύριας αρχαίας λατρευτικής χρήσης και χρειάζεται ανάλυση σε επιμέρους φάσεις για λεπτομερή χρονογραμμή.,,,,Αθηνά Αλέα,,,,Κεντρικό αρκαδικό ιερό με αρχαϊκή φάση και τον μνημειακό ναό που αποδόθηκε στον Σκόπα μετά την πυρκαγιά του 394 π.Χ.,approximate,high,Pleiades representative point,precise,site,,https://pleiades.stoa.org/places/372843530,,372843530,0.1 — 2026-08-14,curated_initial
sanctuary-mount-lykaion-zeus-sanctuary,Ιερό του Λυκαίου Διός,Λύκαιον,Sanctuary of Zeus on Mount Lykaion,sanctuary,peak,,peak,,Αρκαδία,Ελλάδα,GRC,Mount Lykaion,37.4492021,21.992287,POINT (21.992287 37.4492021),-1600,300,1600 π.Χ.–300 μ.Χ.,cult_activity_window,approximate,approximate,Το τελικό έτος είναι προσεγγιστικό όριο της κύριας αρχαίας λατρευτικής χρήσης και χρειάζεται ανάλυση σε επιμέρους φάσεις για λεπτομερή χρονογραμμή.,,,,Ζευς Λύκαιος,,,,"Υπαίθριο κορυφαίο ιερό με τέμενος, τέφρινο βωμό και αθλητικές εγκαταστάσεις χαμηλότερα στο όρος.",approximate,high,Pleiades representative point,precise,site,,https://pleiades.stoa.org/places/570764,,570764,0.1 — 2026-08-14,curated_initial
sanctuary-bassae-apollo-epikourios,Ναός Επικουρίου Απόλλωνα στις Βάσσες,Βάσσαι,Temple of Apollo Epikourios at Bassae,sanctuary,rural,,rural,,Αρκαδία,Ελλάδα,GRC,Skliros,37.42964395,21.90032237,POINT (21.90032237 37.42964395),-600,400,600 π.Χ.–400 μ.Χ.,cult_activity_window,approximate,approximate,Το τελικό έτος είναι προσεγγιστικό όριο της κύριας αρχαίας λατρευτικής χρήσης και χρειάζεται ανάλυση σε επιμέρους φάσεις για λεπτομερή χρονογραμμή.,,,,Απόλλων Επικούριος,,,,"Ορεινό ιερό των Φιγαλείων με τον περίφημο ναό του 5ου αιώνα π.Χ., που συνδυάζει δωρικά, ιωνικά και κορινθιακά στοιχεία.",approximate,high,Pleiades representative point,precise,site,,https://pleiades.stoa.org/places/570148,,570148,0.1 — 2026-08-14,curated_initial
sanctuary-athens-acropolis-sacred-center,Ιερό κέντρο της Ακρόπολης Αθηνών,Ἀκρόπολις Ἀθηνῶν,Sacred Center of the Athenian Acropolis,sanctuary,urban,,urban,,Αττική,Ελλάδα,GRC,Athens,37.97164709,23.7264385,POINT (23.7264385 37.97164709),-1300,529,1300 π.Χ.–529 μ.Χ.,cult_activity_window,approximate,approximate,,,,,"Αθηνά Πολιάς, Αθηνά Παρθένος και Ερεχθέας",,,,"Οχυρός βράχος που εξελίχθηκε σε κύριο ιερό κέντρο της Αθήνας, με Παρθενώνα, Ερέχθειο, Προπύλαια και πολλαπλά τεμένη.",approximate,high,Pleiades representative point,precise,site,,https://pleiades.stoa.org/places/638356144,,638356144,0.1 — 2026-08-14,curated_initial
sanctuary-brauron-artemis-sanctuary,Ιερό της Αρτέμιδος στη Βραυρώνα,Βραυρών,Sanctuary of Artemis at Brauron,sanctuary,rural,,rural,,Αττική,Ελλάδα,GRC,Vravrona,37.92615476,23.99371274,POINT (23.99371274 37.92615476),-800,-300,800 π.Χ.–300 π.Χ.,cult_activity_window,approximate,approximate,,,,,Άρτεμις Βραυρωνία και Ιφιγένεια,,,,"Ιερό συνδεδεμένο με τη μετάβαση των κοριτσιών στην ενηλικίωση, γνωστό για τη στοά, τον ναό και τις τελετές των άρκτων. Η έναρξη εδώ αφορά την οργανωμένη λατρεία μετά το κενό που ακολούθησε την Εποχή του Χαλκού.",approximate,high,Pleiades representative point,precise,site,,https://pleiades.stoa.org/places/579879,,579879,0.1 — 2026-08-14,curated_initial
sanctuary-eleusis-demeter-sanctuary,Ιερό της Δήμητρας στην Ελευσίνα,Ἐλευσίς,Sanctuary of Demeter at Eleusis,sanctuary,mystery,,,mystery,Αττική,Ελλάδα,GRC,Elefsina,38.04144845,23.53759132,POINT (23.53759132 38.04144845),-1400,392,1400 π.Χ.–392 μ.Χ.,cult_activity_window,approximate,approximate,,,,,Δήμητρα και Κόρη/Περσεφόνη,,,,"Κέντρο των Ελευσινίων Μυστηρίων, με το Τελεστήριο ως κύριο χώρο μύησης και μακραίωνη λατρευτική συνέχεια.",approximate,high,Pleiades representative point,precise,site,,https://pleiades.stoa.org/places/579910,,579910,0.1 — 2026-08-14,curated_initial
sanctuary-sounion-poseidon-sanctuary,Ιερό του Ποσειδώνα στο Σούνιο,Σούνιον,Sanctuary of Poseidon at Sounion,sanctuary,rural,,rural,,Αττική,Ελλάδα,GRC,Sounio,37.65021167,24.02458985,POINT (24.02458985 37.65021167),-700,300,700 π.Χ.–300 μ.Χ.,cult_activity_window,approximate,approximate,Το τελικό έτος είναι προσεγγιστικό όριο της κύριας αρχαίας λατρευτικής χρήσης και χρειάζεται ανάλυση σε επιμέρους φάσεις για λεπτομερή χρονογραμμή.,,,,Ποσειδών Σούνιος,,,,"Οχυρωμένο παράκτιο ιερό στο νοτιότερο άκρο της Αττικής, με τον κλασικό μαρμάρινο ναό πάνω σε παλαιότερο αρχαϊκό.",approximate,high,Pleiades representative point,precise,site,,https://pleiades.stoa.org/places/580086,,580086,0.1 — 2026-08-14,curated_initial
sanctuary-lemnos-kabeirion,Καβείριο Λήμνου,Καβείριον,Kabeirion of Lemnos,sanctuary,mystery,,,mystery,Βόρειο Αιγαίο,Ελλάδα,GRC,"Chloi, Lemnos",39.97934773,25.34165894,POINT (25.34165894 39.97934773),-700,400,700 π.Χ.–400 μ.Χ.,cult_activity_window,approximate,approximate,Το τελικό έτος είναι προσεγγιστικό όριο της κύριας αρχαίας λατρευτικής χρήσης και χρειάζεται ανάλυση σε επιμέρους φάσεις για λεπτομερή χρονογραμμή.,,,,Κάβειροι και Ήφαιστος,,,,"Μυστηριακό ιερό απέναντι από την Ηφαιστία, με τελεστήρια διαδοχικών περιόδων και λατρεία συνδεδεμένη με τους Καβείρους.",approximate,high,Pleiades representative point,precise,site,,https://pleiades.stoa.org/places/550604,,550604,0.1 — 2026-08-14,curated_initial
sanctuary-croton-hera-lacinia-sanctuary,Ιερό της Ήρας Λακινίας,Ἡραῖον Λακίνιον,Sanctuary of Hera Lacinia,sanctuary,federal,federal,,,Βρεττία,Ιταλία,ITA,"Capo Colonna, Crotone",39.0276924,17.20494715,POINT (17.20494715 39.0276924),-700,300,700 π.Χ.–300 μ.Χ.,cult_activity_window,approximate,approximate,Το τελικό έτος είναι προσεγγιστικό όριο της κύριας αρχαίας λατρευτικής χρήσης και χρειάζεται ανάλυση σε επιμέρους φάσεις για λεπτομερή χρονογραμμή.,,,,Ήρα Λακινία,,,,"Μεγάλο παράκτιο ιερό της επικράτειας του Κρότωνα και σημείο αναφοράς των Ιταλιωτών, σήμερα γνωστό από τη μοναδική όρθια κολόνα του ναού.",approximate,high,Pleiades representative point,precise,site,,https://pleiades.stoa.org/places/452332,,452332,0.1 — 2026-08-14,curated_initial
sanctuary-locri-mannella-persephone-sanctuary,Ιερό της Περσεφόνης στη Mannella,Περσεφόνειον,Sanctuary of Persephone at Mannella,sanctuary,rural,,rural,,Βρεττία,Ιταλία,ITA,"Mannella, Locri",38.21084,16.2399,POINT (16.2399 38.21084),-650,-200,650 π.Χ.–200 π.Χ.,cult_activity_window,approximate,approximate,,,,,Περσεφόνη και Άδης,,,,"Εξωαστικό ιερό των Λοκρών Επιζεφυρίων, διάσημο για τα ανάγλυφα pinakes και αναθήματα που συνδέονται με γάμο, μετάβαση και χθόνια λατρεία.",approximate,high,museoarcheologicoreggiocalabria.cultura.gov.it,,site,,https://museoarcheologicoreggiocalabria.cultura.gov.it/collezioni/livello-b/,,,0.1 — 2026-08-14,curated_initial
sanctuary-naukratis-hellenion,Ελλήνιο της Ναυκράτιδος,Ἑλλήνιον,Hellenion at Naukratis,sanctuary,federal,federal,,,Δέλτα Νείλου,Αίγυπτος,EGY,Kom Gi'eif / El-Niqrash,30.900508,30.5919275,POINT (30.5919275 30.900508),-570,100,570 π.Χ.–100 μ.Χ.,cult_activity_window,approximate,approximate,,,,,Κοινό ιερό των ελληνικών πόλεων,,,,"Κοινό τέμενος ελληνικών πόλεων στη Ναύκρατι· η γενική θέση είναι γνωστή από τις ανασκαφές, αλλά το σημείο αποδίδεται εδώ προσεγγιστικά.",approximate,medium,www.britishmuseum.org,,proxy,Το σημείο είναι προσεγγιστικός χωρικός δείκτης του ιερού μέσα στην αρχαία πόλη και όχι ανεξάρτητα αποτυπωμένο περίγραμμα του μνημείου.,https://www.britishmuseum.org/collection/term/x113864,,,0.1 — 2026-08-14,needs_review
sanctuary-kos-asklepieion,Ασκληπιείο Κω,Ἀσκληπιεῖον Κῷον,Asklepieion of Kos,sanctuary,healing,,,healing,Δωδεκάνησα,Ελλάδα,GRC,"Platani, Kos",36.87572129,27.25718605,POINT (27.25718605 36.87572129),-300,400,300 π.Χ.–400 μ.Χ.,cult_activity_window,approximate,approximate,Το τελικό έτος είναι προσεγγιστικό όριο της κύριας αρχαίας λατρευτικής χρήσης και χρειάζεται ανάλυση σε επιμέρους φάσεις για λεπτομερή χρονογραμμή.,,,,"Ασκληπιός, Υγεία και Απόλλων",,,,"Μεγάλο θεραπευτικό ιερό σε τρία άνδηρα, συνδεδεμένο με την ιατρική παράδοση της Κω και πανελλήνιες γιορτές.",approximate,high,Pleiades representative point,precise,site,,https://pleiades.stoa.org/places/599528,,599528,0.1 — 2026-08-14,curated_initial
sanctuary-olympia-zeus-sanctuary,Ιερό του Δία στην Ολυμπία,Ὀλυμπία,Sanctuary of Zeus at Olympia,sanctuary,panhellenic,panhellenic,,,Ήλιδα,Ελλάδα,GRC,Archaia Olympia,37.6386835,21.6308144,POINT (21.6308144 37.6386835),-1000,393,1000 π.Χ.–393 μ.Χ.,cult_activity_window,approximate,approximate,,,,,Δίας Ολύμπιος και Ήρα,,,,"Η Άλτις ήταν το πανελλήνιο τέμενος του Δία και ο πυρήνας των Ολυμπιακών Αγώνων, με ναούς, βωμούς και θησαυρούς.",approximate,high,Pleiades representative point,precise,site,,https://pleiades.stoa.org/places/570531,,570531,0.1 — 2026-08-14,curated_initial
sanctuary-dodona-zeus-oracle,Μαντείο του Δία στη Δωδώνη,Δωδώνη,Oracle of Zeus at Dodona,sanctuary,oracle,,,oracle,Ήπειρος,Ελλάδα,GRC,Dodoni,39.54643627,20.78773144,POINT (20.78773144 39.54643627),-1200,392,1200 π.Χ.–392 μ.Χ.,cult_activity_window,approximate,approximate,,,,,Δίας Νάιος και Διώνη,,,,Αρχαίο μαντείο όπου οι χρησμοί συνδέονταν με την ιερή δρυ και αργότερα με οργανωμένο συγκρότημα ναών και θεάτρου.,approximate,high,Pleiades representative point,precise,site,,https://pleiades.stoa.org/places/530843,,530843,0.1 — 2026-08-14,curated_initial
sanctuary-apollonia-pontica-apollo-ietros-sanctuary,Ιερό του Απόλλωνα Ιητρού στην Απολλωνία Ποντική,Ἀπόλλων Ἰητρός,Sanctuary of Apollo Ietros at Apollonia Pontica,sanctuary,urban,,urban,,Θράκη,Βουλγαρία,BGR,"St. Kirik Island, Sozopol",42.4261,27.6938,POINT (27.6938 42.4261),-560,-72,560 π.Χ.–72 π.Χ.,cult_activity_window,approximate,approximate,,,,,Απόλλων Ιητρός,,,,"Κύρια πολιτειακή λατρεία της αποικίας, συνδεδεμένη με κολοσσιαίο χάλκινο άγαλμα· η ακριβής θέση του ναού στο νησί παραμένει υπό συζήτηση.",approximate,medium,curated point linked to Pleiades place,precise,proxy,Το σημείο είναι προσεγγιστικός χωρικός δείκτης του ιερού μέσα στην αρχαία πόλη και όχι ανεξάρτητα αποτυπωμένο περίγραμμα του μνημείου.,https://pleiades.stoa.org/places/216706,,216706,0.1 — 2026-08-14,needs_review
sanctuary-samothrace-great-gods-sanctuary,Ιερό των Μεγάλων Θεών στη Σαμοθράκη,Θεῶν Μεγάλων ἱερόν,Sanctuary of the Great Gods at Samothrace,sanctuary,mystery,,,mystery,Θράκη,Ελλάδα,GRC,"Paleopoli, Samothrace",40.50081363,25.53017343,POINT (25.53017343 40.50081363),-700,400,700 π.Χ.–400 μ.Χ.,cult_activity_window,approximate,approximate,Το τελικό έτος είναι προσεγγιστικό όριο της κύριας αρχαίας λατρευτικής χρήσης και χρειάζεται ανάλυση σε επιμέρους φάσεις για λεπτομερή χρονογραμμή.,,,,Μεγάλοι Θεοί/Κάβειροι,,,,"Διεθνές μυστηριακό ιερό σε διαδοχικά άνδηρα, γνωστό για τελετές μύησης και μνημεία ελληνιστικών βασιλικών οίκων.",approximate,high,Pleiades representative point,precise,site,,https://pleiades.stoa.org/places/501511,,501511,0.1 — 2026-08-14,curated_initial
sanctuary-ephesus-artemis-sanctuary,Αρτεμίσιο Εφέσου,Ἀρτεμίσιον Ἐφέσου,Artemision of Ephesus,sanctuary,extraurban,,extraurban,,Ιωνία,Τουρκία,TUR,Selçuk,37.9497522,27.36372473,POINT (27.36372473 37.9497522),-800,401,800 π.Χ.–401 μ.Χ.,cult_activity_window,approximate,approximate,,,,,Άρτεμις Εφεσία,,,,"Εξωαστικό ιερό της Εφέσιας Αρτέμιδος και ένα από τα Επτά Θαύματα, με διαδοχικούς μνημειακούς ιωνικούς ναούς.",approximate,high,Pleiades representative point,precise,site,,https://pleiades.stoa.org/places/873985034,,873985034,0.1 — 2026-08-14,curated_initial
sanctuary-samos-heraion,Ηραίο Σάμου,Ἡραῖον Σάμου,Heraion of Samos,sanctuary,extraurban,,extraurban,,Ιωνία,Ελλάδα,GRC,"Ireon, Samos",37.67196784,26.88591701,POINT (26.88591701 37.67196784),-1000,400,1000 π.Χ.–400 μ.Χ.,cult_activity_window,approximate,approximate,Το τελικό έτος είναι προσεγγιστικό όριο της κύριας αρχαίας λατρευτικής χρήσης και χρειάζεται ανάλυση σε επιμέρους φάσεις για λεπτομερή χρονογραμμή.,,,,Ήρα Σαμία,,,,"Μείζον ιωνικό ιερό κοντά στις εκβολές του Ίμβρασου, με διαδοχικούς γιγαντιαίους ναούς και πλούσιες διεθνείς αναθήσεις.",approximate,high,Pleiades representative point,precise,site,,https://pleiades.stoa.org/places/599641,,599641,0.1 — 2026-08-14,curated_initial
sanctuary-priene-athena-polias-sanctuary,Ιερό της Αθηνάς Πολιάδος στην Πριήνη,Ἀθηνᾶ Πολιάς,Sanctuary of Athena Polias at Priene,sanctuary,urban,,urban,,Ιωνία,Τουρκία,TUR,Güllübahçe,37.65924143,27.29661487,POINT (27.29661487 37.65924143),-350,400,350 π.Χ.–400 μ.Χ.,cult_activity_window,approximate,approximate,Το τελικό έτος είναι προσεγγιστικό όριο της κύριας αρχαίας λατρευτικής χρήσης και χρειάζεται ανάλυση σε επιμέρους φάσεις για λεπτομερή χρονογραμμή.,,,,Αθηνά Πολιάς,,,,Κύριο αστικό ιερό της Πριήνης με ιωνικό ναό σχεδιασμένο από τον Πύθεο και αφιέρωση που συνδέθηκε με τον Μέγα Αλέξανδρο.,approximate,high,Pleiades representative point,precise,site,,https://pleiades.stoa.org/places/298577312,,298577312,0.1 — 2026-08-14,curated_initial
sanctuary-magnesia-artemis-leukophryene,Ιερό της Αρτέμιδος Λευκοφρυηνής,Ἀρτέμιδος Λευκοφρυηνῆς ἱερόν,Sanctuary of Artemis Leukophryene,sanctuary,urban,,urban,,Ιωνία,Τουρκία,TUR,"Tekin, Germencik",37.84986234,27.52317844,POINT (27.52317844 37.84986234),-700,400,700 π.Χ.–400 μ.Χ.,cult_activity_window,approximate,approximate,Το τελικό έτος είναι προσεγγιστικό όριο της κύριας αρχαίας λατρευτικής χρήσης και χρειάζεται ανάλυση σε επιμέρους φάσεις για λεπτομερή χρονογραμμή.,,,,Άρτεμις Λευκοφρυηνή,,,,"Κεντρικό ιερό της Μαγνησίας στον Μαίανδρο, με μνημειακό ψευδοδίπτερο ναό που αποδίδεται στον Ερμογένη.",approximate,medium,Pleiades representative point,precise,proxy,Το σημείο είναι προσεγγιστικός χωρικός δείκτης του ιερού μέσα στην αρχαία πόλη και όχι ανεξάρτητα αποτυπωμένο περίγραμμα του μνημείου.,https://pleiades.stoa.org/places/599778,,599778,0.1 — 2026-08-14,needs_review
sanctuary-didyma-apollo-oracle,Μαντείο του Απόλλωνα στα Δίδυμα,Δίδυμα,Oracle of Apollo at Didyma,sanctuary,oracle,,,oracle,Ιωνία,Τουρκία,TUR,Didim,37.38496812,27.25638824,POINT (27.25638824 37.38496812),-800,400,800 π.Χ.–400 μ.Χ.,cult_activity_window,approximate,approximate,Το τελικό έτος είναι προσεγγιστικό όριο της κύριας αρχαίας λατρευτικής χρήσης και χρειάζεται ανάλυση σε επιμέρους φάσεις για λεπτομερή χρονογραμμή.,,,,Απόλλων Διδυμαίος,,,,"Μεγάλο μαντείο της Μιλήτου, με ιερή πηγή και γιγαντιαίο ελληνιστικό ναό που έμεινε ημιτελής.",approximate,high,Pleiades representative point,precise,site,,https://pleiades.stoa.org/places/599593,,599593,0.1 — 2026-08-14,curated_initial
sanctuary-claros-apollo-oracle,Μαντείο του Απόλλωνα στην Κλάρο,Κλάρος,Oracle of Apollo at Claros,sanctuary,oracle,,,oracle,Ιωνία,Τουρκία,TUR,Ahmetbeyli,38.00473241,27.19296631,POINT (27.19296631 38.00473241),-700,400,700 π.Χ.–400 μ.Χ.,cult_activity_window,approximate,approximate,Το τελικό έτος είναι προσεγγιστικό όριο της κύριας αρχαίας λατρευτικής χρήσης και χρειάζεται ανάλυση σε επιμέρους φάσεις για λεπτομερή χρονογραμμή.,,,,Απόλλων Κλάριος,,,,"Μαντικό ιερό υπό τον έλεγχο της Κολοφώνας, με υπόγειο χρησμοδοτικό χώρο και μακρά δράση έως την ύστερη αρχαιότητα.",approximate,high,Pleiades representative point,precise,site,,https://pleiades.stoa.org/places/599719,,599719,0.1 — 2026-08-14,curated_initial
sanctuary-panionion-poseidon-sanctuary,Πανιώνιο,Πανιώνιον,Panionion Sanctuary,sanctuary,federal,federal,,,Ιωνία,Τουρκία,TUR,Güzelçamlı,37.703924,27.329993,POINT (27.329993 37.703924),-700,300,700 π.Χ.–300 μ.Χ.,cult_activity_window,approximate,approximate,Το τελικό έτος είναι προσεγγιστικό όριο της κύριας αρχαίας λατρευτικής χρήσης και χρειάζεται ανάλυση σε επιμέρους φάσεις για λεπτομερή χρονογραμμή.,,,,Ποσειδών Ελικώνιος,,,,Ομοσπονδιακό ιερό και τόπος συνελεύσεων του Κοινού των Ιώνων στη βόρεια πλαγιά της Μυκάλης.,approximate,high,Pleiades representative point,precise,site,,https://pleiades.stoa.org/places/599855,,599855,0.1 — 2026-08-14,curated_initial
sanctuary-lagina-hekate-sanctuary,Εκάτειο Λαγίνων,Ἑκάτειον,Sanctuary of Hekate at Lagina,sanctuary,extraurban,,extraurban,,Καρία,Τουρκία,TUR,"Turgut, Yatağan",37.3785444,28.03948,POINT (28.03948 37.3785444),-300,400,300 π.Χ.–400 μ.Χ.,cult_activity_window,approximate,approximate,Το τελικό έτος είναι προσεγγιστικό όριο της κύριας αρχαίας λατρευτικής χρήσης και χρειάζεται ανάλυση σε επιμέρους φάσεις για λεπτομερή χρονογραμμή.,,,,Εκάτη,,,,"Μνημειακό ιερό της Εκάτης, συνδεδεμένο με τη Στρατονίκεια μέσω ιεράς οδού και γνωστό για τη ζωφόρο του ύστερου 2ου αιώνα π.Χ.",approximate,high,Pleiades representative point,precise,site,,https://pleiades.stoa.org/places/376215160,,376215160,0.1 — 2026-08-14,curated_initial
sanctuary-aphrodisias-aphrodite-sanctuary,Ιερό της Αφροδίτης στην Αφροδισιάδα,Ἀφροδίτης ἱερόν,Sanctuary of Aphrodite at Aphrodisias,sanctuary,urban,,urban,,Καρία,Τουρκία,TUR,Geyre,37.70971883,28.72318902,POINT (28.72318902 37.70971883),-600,500,600 π.Χ.–500 μ.Χ.,cult_activity_window,approximate,approximate,,,,,Αφροδίτη Αφροδισιάς,,,,"Η καρδιά της πόλης, με ελληνιστικό-ρωμαϊκό ιωνικό ναό και ιδιαίτερο λατρευτικό άγαλμα, μετατράπηκε σε εκκλησία γύρω στο 500 μ.Χ.",approximate,high,aphrodisias-excavations.com,,site,,https://aphrodisias-excavations.com/templeofaphrodite/,,,0.1 — 2026-08-14,curated_initial
sanctuary-labraunda-zeus-sanctuary,Ιερό του Διός στα Λάβρανδα,Λάβρανδα,Sanctuary of Zeus at Labraunda,sanctuary,federal,federal,,,Καρία,Τουρκία,TUR,"Labraunda, near Milas",37.41890062,27.81999008,POINT (27.81999008 37.41890062),-700,400,700 π.Χ.–400 μ.Χ.,cult_activity_window,approximate,approximate,Το τελικό έτος είναι προσεγγιστικό όριο της κύριας αρχαίας λατρευτικής χρήσης και χρειάζεται ανάλυση σε επιμέρους φάσεις για λεπτομερή χρονογραμμή.,,,,Ζευς Λαβρανδεύς,,,,"Ορεινό καρικό ιερό με μνημειακές κλίμακες, ανδρώνες και ναό, ιδιαίτερα ανεπτυγμένο από τη δυναστεία των Εκατομνιδών.",approximate,high,Pleiades representative point,precise,site,,https://pleiades.stoa.org/places/599745,,599745,0.1 — 2026-08-14,curated_initial
sanctuary-pantikapaion-apollo-ietros-sanctuary,Ιερό του Απόλλωνα Ιητρού στο Παντικάπαιο,Ἀπόλλωνος Ἰητροῦ ἱερόν,Sanctuary of Apollo Ietros at Pantikapaion,sanctuary,urban,,urban,,Κιμμέριος Βόσπορος,Ουκρανία,UKR,Kerch,45.35095,36.46945,POINT (36.46945 45.35095),-550,300,550 π.Χ.–300 μ.Χ.,cult_activity_window,approximate,approximate,Το τελικό έτος είναι προσεγγιστικό όριο της κύριας αρχαίας λατρευτικής χρήσης και χρειάζεται ανάλυση σε επιμέρους φάσεις για λεπτομερή χρονογραμμή.,,,,Απόλλων Ιητρός,,,,Κύριο ιερό της μιλησιακής αποικίας στην ακρόπολη του όρους Μιθριδάτη· η θέση αποδίδεται προσεγγιστικά λόγω αποσπασματικής διατήρησης.,approximate,medium,curated point linked to Pleiades place,precise,proxy,Το σημείο είναι προσεγγιστικός χωρικός δείκτης του ιερού μέσα στην αρχαία πόλη και όχι ανεξάρτητα αποτυπωμένο περίγραμμα του μνημείου.,https://pleiades.stoa.org/places/854719,,854719,0.1 — 2026-08-14,needs_review
sanctuary-perachora-heraion,Ηραίο Περαχώρας,Ἥρας Ἀκραίας ἱερόν,Heraion of Perachora,sanctuary,rural,,rural,,Κορινθία,Ελλάδα,GRC,Perachora,38.02810774,22.85281872,POINT (22.85281872 38.02810774),-800,-146,800 π.Χ.–146 π.Χ.,cult_activity_window,approximate,approximate,,,,,Ήρα Ακραία και Ήρα Λιμενία,,,,"Παράκτιο κορινθιακό ιερό με δύο κύριες λατρευτικές ενότητες, βωμούς, δεξαμενή και εκτεταμένα αναθήματα.",approximate,high,Pleiades representative point,precise,site,,https://pleiades.stoa.org/places/570288,,570288,0.1 — 2026-08-14,curated_initial
sanctuary-nemea-zeus-sanctuary,Ιερό του Νεμείου Διός,Νεμέα,Sanctuary of Nemean Zeus,sanctuary,panhellenic,panhellenic,,,Κορινθία,Ελλάδα,GRC,Archaia Nemea,37.80905853,22.71067954,POINT (22.71067954 37.80905853),-600,300,600 π.Χ.–300 μ.Χ.,cult_activity_window,approximate,approximate,Το τελικό έτος είναι προσεγγιστικό όριο της κύριας αρχαίας λατρευτικής χρήσης και χρειάζεται ανάλυση σε επιμέρους φάσεις για λεπτομερή χρονογραμμή.,,,,Ζευς Νέμειος,,,,"Πανελλήνιο ιερό και έδρα των Νεμέων, με διαδοχικούς ναούς του Δία, βωμό, ξενώνες, λουτρό και στάδιο.",approximate,high,Pleiades representative point,precise,site,,https://pleiades.stoa.org/places/570504,,570504,0.1 — 2026-08-14,curated_initial
sanctuary-isthmia-poseidon-sanctuary,Ιερό του Ποσειδώνα στα Ίσθμια,Ἴσθμια,Sanctuary of Poseidon at Isthmia,sanctuary,panhellenic,panhellenic,,,Κορινθία,Ελλάδα,GRC,"Kyra Vrysi, Isthmia",37.9158035,22.9931345,POINT (22.9931345 37.9158035),-700,390,700 π.Χ.–390 μ.Χ.,cult_activity_window,approximate,approximate,,,,,Ποσειδών και Παλαίμων,,,,"Πανελλήνιο ιερό στον Ισθμό της Κορίνθου και τόπος τέλεσης των Ισθμίων, με ναό, βωμούς, στάδιο και θέατρο.",approximate,high,Pleiades representative point,precise,site,,https://pleiades.stoa.org/places/570316,,570316,0.1 — 2026-08-14,curated_initial
sanctuary-crete-idaion-antron,Ιδαίο Άντρο,Ἰδαῖον Ἄντρον,Idaean Cave Sanctuary,sanctuary,cave,,cave,,Κρήτη,Ελλάδα,GRC,"Nida Plateau, Crete",35.2082103,24.8289925,POINT (24.8289925 35.2082103),-2000,400,2000 π.Χ.–400 μ.Χ.,cult_activity_window,approximate,approximate,Το τελικό έτος είναι προσεγγιστικό όριο της κύριας αρχαίας λατρευτικής χρήσης και χρειάζεται ανάλυση σε επιμέρους φάσεις για λεπτομερή χρονογραμμή.,,,,Ζευς Ιδαίος και Ρέα,,,,Ιερό σπήλαιο του Ψηλορείτη με λατρευτική χρήση από τη μινωική εποχή έως τους ρωμαϊκούς χρόνους και παράδοση ανατροφής του Δία.,approximate,high,Pleiades representative point,precise,site,,https://pleiades.stoa.org/places/589817,,589817,0.1 — 2026-08-14,curated_initial
sanctuary-crete-iuktas-peak-sanctuary,Ιερό κορυφής Γιούχτα,Ἰυκτός,Iuktas Peak Sanctuary,sanctuary,peak,,peak,,Κρήτη,Ελλάδα,GRC,"Mount Juktas, Archanes",35.29160551,25.11438939,POINT (25.11438939 35.29160551),-2000,-1100,2000 π.Χ.–1100 π.Χ.,cult_activity_window,approximate,approximate,,,,,Μινωική θεότητα κορυφής,,,,Μινωικό ιερό κορυφής που εξυπηρετούσε την περιοχή της Κνωσού και χρησιμοποιήθηκε σε όλη σχεδόν την Εποχή του Χαλκού.,approximate,high,Pleiades representative point,rough,site,,https://pleiades.stoa.org/places/559217802,,559217802,0.1 — 2026-08-14,curated_initial
sanctuary-gyroulas-demeter-sanctuary,Ιερό Δήμητρας και Απόλλωνα στον Γύρουλα,,Sanctuary of Demeter and Apollo at Gyroulas,sanctuary,rural,,rural,,Κυκλάδες,Ελλάδα,GRC,"Sangri, Naxos",37.02911178,25.43123428,POINT (25.43123428 37.02911178),-800,-300,800 π.Χ.–300 π.Χ.,cult_activity_window,approximate,approximate,,,,,Δήμητρα και Απόλλων,,,,"Αγροτικό ιερό με μαρμάρινο αρχαϊκό ναό, ιδιαίτερα σημαντικό για την πρώιμη ιωνική αρχιτεκτονική των Κυκλάδων.",approximate,high,Pleiades representative point,precise,site,,https://pleiades.stoa.org/places/599631,,599631,0.1 — 2026-08-14,curated_initial
sanctuary-tinos-poseidon-amphitrite-sanctuary,Ιερό Ποσειδώνα και Αμφιτρίτης στην Τήνο,Ποσειδῶνος καὶ Ἀμφιτρίτης ἱερόν,Sanctuary of Poseidon and Amphitrite on Tinos,sanctuary,healing,,,healing,Κυκλάδες,Ελλάδα,GRC,"Kionia, Tinos",37.55168814,25.14288517,POINT (25.14288517 37.55168814),-350,300,350 π.Χ.–300 μ.Χ.,cult_activity_window,approximate,approximate,Το τελικό έτος είναι προσεγγιστικό όριο της κύριας αρχαίας λατρευτικής χρήσης και χρειάζεται ανάλυση σε επιμέρους φάσεις για λεπτομερή χρονογραμμή.,,,,Ποσειδών Ιατρός και Αμφιτρίτη,,,,"Ελληνιστικό παράκτιο ιερό με θεραπευτική διάσταση, μνημειακό βωμό, κρήνες, λουτρικές εγκαταστάσεις και στοές.",approximate,high,Pleiades representative point,precise,site,,https://pleiades.stoa.org/places/590006,,590006,0.1 — 2026-08-14,curated_initial
sanctuary-delos-apollo-sanctuary,Ιερό του Απόλλωνα στη Δήλο,Δῆλος,Sanctuary of Apollo on Delos,sanctuary,panhellenic,panhellenic,,,Κυκλάδες,Ελλάδα,GRC,Delos,37.3993075,25.268868,POINT (25.268868 37.3993075),-900,400,900 π.Χ.–400 μ.Χ.,cult_activity_window,approximate,approximate,Το τελικό έτος είναι προσεγγιστικό όριο της κύριας αρχαίας λατρευτικής χρήσης και χρειάζεται ανάλυση σε επιμέρους φάσεις για λεπτομερή χρονογραμμή.,,,,"Απόλλων, Άρτεμις και Λητώ",,,,"Μεγάλο νησιωτικό ιερό στο μυθικό γενέθλιο τόπο του Απόλλωνα και της Αρτέμιδος, με ναούς, θησαυρούς και μνημειακή πομπική διαδρομή.",approximate,high,Pleiades representative point,precise,site,,https://pleiades.stoa.org/places/599506,,599506,0.1 — 2026-08-14,curated_initial
sanctuary-despotiko-apollo-sanctuary,Ιερό του Απόλλωνα στο Δεσποτικό,,Sanctuary of Apollo at Despotiko,sanctuary,rural,,rural,,Κυκλάδες,Ελλάδα,GRC,"Mandra, Despotiko",36.97026271,25.01547138,POINT (25.01547138 36.97026271),-750,200,750 π.Χ.–200 μ.Χ.,cult_activity_window,approximate,approximate,,,,,Απόλλων και Άρτεμις,,,,"Εκτεταμένο αρχαϊκό νησιωτικό ιερό με ναό, εστιατόρια και βοηθητικά κτίρια, που συνέχισε να χρησιμοποιείται έως τους ρωμαϊκούς χρόνους.",approximate,high,Pleiades representative point,precise,site,,https://pleiades.stoa.org/places/854812387,,854812387,0.1 — 2026-08-14,curated_initial
sanctuary-hyria-dionysos-sanctuary,Ιερό του Διονύσου στα Ύρια Νάξου,Ὕρια,Sanctuary of Dionysos at Hyria,sanctuary,rural,,rural,,Κυκλάδες,Ελλάδα,GRC,"Yria, Naxos",37.07762788,25.38067653,POINT (25.38067653 37.07762788),-800,400,800 π.Χ.–400 μ.Χ.,cult_activity_window,approximate,approximate,Το τελικό έτος είναι προσεγγιστικό όριο της κύριας αρχαίας λατρευτικής χρήσης και χρειάζεται ανάλυση σε επιμέρους φάσεις για λεπτομερή χρονογραμμή.,,,,Διόνυσος,,,,"Ιερό με τέσσερις διαδοχικές οικοδομικές φάσεις, σημαντικό για την εξέλιξη της νησιωτικής μνημειακής αρχιτεκτονικής.",approximate,high,Pleiades representative point,precise,site,,https://pleiades.stoa.org/places/599661,,599661,0.1 — 2026-08-14,curated_initial
sanctuary-golgoi-aphrodite-sanctuary,Ιερό της Αφροδίτης Γολγίας,Γόλγοι,Sanctuary of Aphrodite Golgia,sanctuary,urban,,urban,,Κύπρος,Κύπρος,CYP,Athienou area,35.087379,33.620066,POINT (33.620066 35.087379),-700,300,700 π.Χ.–300 μ.Χ.,cult_activity_window,approximate,approximate,Το τελικό έτος είναι προσεγγιστικό όριο της κύριας αρχαίας λατρευτικής χρήσης και χρειάζεται ανάλυση σε επιμέρους φάσεις για λεπτομερή χρονογραμμή.,,,,Αφροδίτη Γολγία,,,,"Σημαντικό κυπριακό ιερό της Αφροδίτης στην επικράτεια των Γόλγων, γνωστό από γλυπτά, επιγραφές και αναθήματα.",approximate,medium,Pleiades representative point,precise,site,,https://pleiades.stoa.org/places/707470,,707470,0.1 — 2026-08-14,needs_review
sanctuary-palaepaphos-aphrodite-sanctuary,Ιερό της Αφροδίτης στην Παλαίπαφο,Παλαίπαφος,Sanctuary of Aphrodite at Palaepaphos,sanctuary,urban,,urban,,Κύπρος,Κύπρος,CYP,Kouklia,34.7068294,32.5736088,POINT (32.5736088 34.7068294),-1200,391,1200 π.Χ.–391 μ.Χ.,cult_activity_window,approximate,approximate,,,,,Αφροδίτη Παφία,,,,"Κύριο παγκύπριο κέντρο της Αφροδίτης, με λατρεία ανεικονικού λίθου και συνεχή ακτινοβολία από την Ύστερη Εποχή του Χαλκού.",approximate,high,Pleiades representative point,precise,site,,https://pleiades.stoa.org/places/828989863,,828989863,0.1 — 2026-08-14,curated_initial
sanctuary-kourion-apollo-hylates-sanctuary,Ιερό του Απόλλωνα Υλάτη,Ἀπόλλων Ὑλάτης,Sanctuary of Apollo Hylates,sanctuary,rural,,rural,,Κύπρος,Κύπρος,CYP,"Episkopi, Limassol",34.67270936,32.8636043,POINT (32.8636043 34.67270936),-800,365,800 π.Χ.–365 μ.Χ.,cult_activity_window,approximate,approximate,,,,,Απόλλων Υλάτης,,,,"Μεγάλο κυπριακό ιερό βορειοδυτικά του Κουρίου, με αρχαϊκές απαρχές και μνημειακή ρωμαϊκή αναμόρφωση.",approximate,high,Pleiades representative point,precise,site,,https://pleiades.stoa.org/places/707476,,707476,0.1 — 2026-08-14,curated_initial
sanctuary-cyrene-apollo-sanctuary,Ιερό του Απόλλωνα στην Κυρήνη,Ἀπόλλωνος Καρνείου ἱερόν,Sanctuary of Apollo at Cyrene,sanctuary,urban,,urban,,Κυρηναϊκή,Λιβύη,LBY,Shahat,32.82351143,21.85251663,POINT (21.85251663 32.82351143),-700,200,700 π.Χ.–200 μ.Χ.,cult_activity_window,approximate,approximate,,,,,"Απόλλων Καρνείος, Άρτεμις και Κυρήνη",,,,"Το αρχαιότερο μεγάλο ιερό της Κυρήνης σε κοιλάδα με πηγή, ναούς, βωμούς και κτίρια που αναπτύχθηκαν από την αρχαϊκή έως τη ρωμαϊκή εποχή.",approximate,high,Pleiades representative point,precise,site,,https://pleiades.stoa.org/places/464482220,,464482220,0.1 — 2026-08-14,curated_initial
sanctuary-cyrene-zeus-sanctuary,Ιερό του Διός στην Κυρήνη,Διὸς ἱερόν,Temple of Zeus at Cyrene,sanctuary,urban,,urban,,Κυρηναϊκή,Λιβύη,LBY,Shahat,32.82234007,21.86244367,POINT (21.86244367 32.82234007),-500,365,500 π.Χ.–365 μ.Χ.,cult_activity_window,approximate,approximate,,,,,Ζευς Ολύμπιος,,,,"Μνημειακός δωρικός ναός του Δία στην Κυρήνη, από τους μεγαλύτερους του ελληνικού κόσμου, με ελληνιστικές και ρωμαϊκές ανακατασκευές.",approximate,high,Pleiades representative point,precise,site,,https://pleiades.stoa.org/places/103565779,,103565779,0.1 — 2026-08-14,curated_initial
sanctuary-amyklaion-apollo-sanctuary,Αμυκλαίο,Ἀμύκλαι,Amyklaion Sanctuary of Apollo,sanctuary,rural,,rural,,Λακωνία,Ελλάδα,GRC,Amykles,37.03631128,22.45026506,POINT (22.45026506 37.03631128),-800,400,800 π.Χ.–400 μ.Χ.,cult_activity_window,approximate,approximate,Το τελικό έτος είναι προσεγγιστικό όριο της κύριας αρχαίας λατρευτικής χρήσης και χρειάζεται ανάλυση σε επιμέρους φάσεις για λεπτομερή χρονογραμμή.,,,,Απόλλων Αμυκλαίος και Υάκινθος,,,,Λακωνικό ιερό με κολοσσιαίο ξόανο του Απόλλωνα και τον περίτεχνο Θρόνο των Αμυκλών γύρω από τον τάφο του Υακίνθου.,approximate,high,Pleiades representative point,precise,site,,https://pleiades.stoa.org/places/73644851,,73644851,0.1 — 2026-08-14,curated_initial
sanctuary-menelaion-sparta,Μενελάειο,Μενελάειον,Menelaion Sanctuary,sanctuary,hero_cult,,,hero_cult,Λακωνία,Ελλάδα,GRC,"Therapni, Sparta",37.0657435,22.4534818,POINT (22.4534818 37.0657435),-700,200,700 π.Χ.–200 μ.Χ.,cult_activity_window,approximate,approximate,,,,,Ελένη και Μενέλαος,,,,"Ηρωικό ιερό πάνω σε μυκηναϊκό συγκρότημα κοντά στις Θεράπνες, με λατρεία της Ελένης και του Μενελάου.",approximate,high,Pleiades representative point,precise,site,,https://pleiades.stoa.org/places/570477,,570477,0.1 — 2026-08-14,curated_initial
sanctuary-foce-del-sele-heraion,Ηραίο στις εκβολές του Σέλε,Ἡραῖον Ποσειδωνίας,Heraion at Foce del Sele,sanctuary,rural,,rural,,Λευκανία,Ιταλία,ITA,"Foce del Sele, Capaccio Paestum",40.48838686,14.97002056,POINT (14.97002056 40.48838686),-600,200,600 π.Χ.–200 μ.Χ.,cult_activity_window,approximate,approximate,,,,,Ήρα Αργεία,,,,"Εξωαστικό ιερό της Ποσειδωνίας στις εκβολές του Σέλε, με μεγάλο αρχαϊκό ναό και αφηγηματικές μετόπες.",approximate,high,Pleiades representative point,precise,site,,https://pleiades.stoa.org/places/442610,,442610,0.1 — 2026-08-14,curated_initial
sanctuary-metapontum-tavole-palatine-heraion,Ηραίο των Tavole Palatine,Ἡραῖον Μεταποντίου,Hera Sanctuary at Tavole Palatine,sanctuary,rural,,rural,,Λευκανία,Ιταλία,ITA,"Metaponto, Bernalda",40.41607388,16.81677139,POINT (16.81677139 40.41607388),-600,200,600 π.Χ.–200 μ.Χ.,cult_activity_window,approximate,approximate,,,,,Ήρα,,,,Εξωαστικό συνοριακό ιερό του Μεταποντίου με δωρικό ναό του 6ου αιώνα π.Χ. και δεκαπέντε σωζόμενες κολόνες.,approximate,high,Pleiades representative point,precise,site,,https://pleiades.stoa.org/places/442611,,442611,0.1 — 2026-08-14,curated_initial
sanctuary-siwa-amun-zeus-oracle,Μαντείο του Άμμωνα στη Σίβα,Ἄμμωνος χρηστήριον,Oracle of Amun/Zeus Ammon at Siwa,sanctuary,oracle,,,oracle,Λιβυκή Έρημος,Αίγυπτος,EGY,"Aghurmi, Siwa Oasis",29.2051738,25.54350736,POINT (25.54350736 29.2051738),-650,400,650 π.Χ.–400 μ.Χ.,cult_activity_window,approximate,approximate,Το τελικό έτος είναι προσεγγιστικό όριο της κύριας αρχαίας λατρευτικής χρήσης και χρειάζεται ανάλυση σε επιμέρους φάσεις για λεπτομερή χρονογραμμή.,,,,Άμμων/Ζευς Άμμων,,,,"Περίφημο μαντείο στην όαση της Σίβα, όπου ο αιγυπτιακός Άμμων ταυτίστηκε με τον Δία και το οποίο συμβουλεύτηκε ο Αλέξανδρος.",approximate,high,Pleiades representative point,precise,site,,https://pleiades.stoa.org/places/716520,,716520,0.1 — 2026-08-14,curated_initial
sanctuary-sardis-artemis-sanctuary,Ιερό της Αρτέμιδος στις Σάρδεις,Ἀρτέμιδος ἱερόν ἐν Σάρδεσι,Sanctuary of Artemis at Sardis,sanctuary,urban,,urban,,Λυδία,Τουρκία,TUR,Sart,38.47976506,28.03117478,POINT (28.03117478 38.47976506),-550,400,550 π.Χ.–400 μ.Χ.,cult_activity_window,approximate,approximate,Το τελικό έτος είναι προσεγγιστικό όριο της κύριας αρχαίας λατρευτικής χρήσης και χρειάζεται ανάλυση σε επιμέρους φάσεις για λεπτομερή χρονογραμμή.,,,,Άρτεμις και αυτοκρατορική λατρεία,,,,Μεγάλο λυδικό ιερό με περσική λατρευτική φάση και μνημειακό ελληνιστικό-ρωμαϊκό ναό που παρέμεινε ημιτελής.,approximate,high,Pleiades representative point,precise,site,,https://pleiades.stoa.org/places/66376536,,66376536,0.1 — 2026-08-14,curated_initial
sanctuary-letoon-lycian-sanctuary,Λητώο της Λυκίας,Λητῷον,Letoon Sanctuary,sanctuary,federal,federal,,,Λυκία,Τουρκία,TUR,Kumluova,36.33171047,29.28956479,POINT (29.28956479 36.33171047),-700,400,700 π.Χ.–400 μ.Χ.,cult_activity_window,approximate,approximate,Το τελικό έτος είναι προσεγγιστικό όριο της κύριας αρχαίας λατρευτικής χρήσης και χρειάζεται ανάλυση σε επιμέρους φάσεις για λεπτομερή χρονογραμμή.,,,,"Λητώ, Απόλλων και Άρτεμις",,,,"Ομοσπονδιακό ιερό των Λυκίων κοντά στην Ξάνθο, με τρεις κύριους ναούς, ιερή πηγή και επιγραφές σε πολλές γλώσσες.",approximate,high,Pleiades representative point,precise,site,,https://pleiades.stoa.org/places/638958,,638958,0.1 — 2026-08-14,curated_initial
sanctuary-pergamon-asklepieion,Ασκληπιείο Περγάμου,Ἀσκληπιεῖον Περγάμου,Asklepieion of Pergamon,sanctuary,healing,,,healing,Μυσία,Τουρκία,TUR,Bergama,39.11886849,27.16563039,POINT (27.16563039 39.11886849),-400,400,400 π.Χ.–400 μ.Χ.,cult_activity_window,approximate,approximate,Το τελικό έτος είναι προσεγγιστικό όριο της κύριας αρχαίας λατρευτικής χρήσης και χρειάζεται ανάλυση σε επιμέρους φάσεις για λεπτομερή χρονογραμμή.,,,,Ασκληπιός και Τελεσφόρος,,,,"Διεθνώς γνωστό θεραπευτικό ιερό νότια της ακρόπολης, με ιερά οδό, εγκοιμητήριο, πηγές, θέατρο και ρωμαϊκές αίθουσες θεραπείας.",approximate,high,Pleiades representative point,precise,site,,https://pleiades.stoa.org/places/550459,,550459,0.1 — 2026-08-14,curated_initial
sanctuary-oropos-amphiareion,Αμφιαράειο Ωρωπού,Ἀμφιαράειον,Amphiareion of Oropos,sanctuary,healing_oracle,,,oracle|healing,Όρια Αττικής / Βοιωτίας,Ελλάδα,GRC,Markopoulo Oropou,38.29100503,23.84564,POINT (23.84564 38.29100503),-500,400,500 π.Χ.–400 μ.Χ.,cult_activity_window,approximate,approximate,Το τελικό έτος είναι προσεγγιστικό όριο της κύριας αρχαίας λατρευτικής χρήσης και χρειάζεται ανάλυση σε επιμέρους φάσεις για λεπτομερή χρονογραμμή.,,,,Αμφιάραος και Υγεία,,,,"Θεραπευτικό μαντείο του ήρωα Αμφιαράου, με ιερή πηγή, εγκοιμητήριο, ναό, στοά και θέατρο.",approximate,high,Pleiades representative point,precise,site,,https://pleiades.stoa.org/places/540628,,540628,0.1 — 2026-08-14,curated_initial
sanctuary-lindos-athena-sanctuary,Ιερό της Αθηνάς Λινδίας,Ἀθηνᾶ Λινδία,Sanctuary of Athena Lindia,sanctuary,urban,,urban,,Ρόδος,Ελλάδα,GRC,"Lindos, Rhodes",36.09101074,28.08844826,POINT (28.08844826 36.09101074),-900,400,900 π.Χ.–400 μ.Χ.,cult_activity_window,approximate,approximate,Το τελικό έτος είναι προσεγγιστικό όριο της κύριας αρχαίας λατρευτικής χρήσης και χρειάζεται ανάλυση σε επιμέρους φάσεις για λεπτομερή χρονογραμμή.,,,,Αθηνά Λινδία,,,,"Ιερό στην ακρόπολη της Λίνδου, με παλαιότερη λατρεία σε σπήλαιο και μνημειακή ελληνιστική διαμόρφωση με ναό, προπύλαια και στοές.",approximate,high,Pleiades representative point,precise,site,,https://pleiades.stoa.org/places/414067217,,414067217,0.1 — 2026-08-14,curated_initial
sanctuary-rhodes-zeus-atabyrios-sanctuary,Ιερό του Αταβυρίου Διός,Ζεὺς Ἀταβύριος,Sanctuary of Zeus Atabyrios,sanctuary,peak,,peak,,Ρόδος,Ελλάδα,GRC,"Mount Atavyros, Rhodes",36.2068373,27.86460035,POINT (27.86460035 36.2068373),-700,400,700 π.Χ.–400 μ.Χ.,cult_activity_window,approximate,approximate,Το τελικό έτος είναι προσεγγιστικό όριο της κύριας αρχαίας λατρευτικής χρήσης και χρειάζεται ανάλυση σε επιμέρους φάσεις για λεπτομερή χρονογραμμή.,,,,Ζευς Αταβύριος,,,,"Κορυφαίο ιερό στο υψηλότερο όρος της Ρόδου, με πανοραμικό έλεγχο του νησιού και λατρεία του τοπικού Δία.",approximate,high,Pleiades representative point,precise,site,,https://pleiades.stoa.org/places/590099,,590099,0.1 — 2026-08-14,curated_initial
sanctuary-segesta-doric-temple-sanctuary,Δωρικός ναός της Έγεστας,,Doric Temple of Segesta,sanctuary,rural,,rural,,Σικελία,Ιταλία,ITA,Calatafimi-Segesta,37.94147,12.832405,POINT (12.832405 37.94147),-430,-300,430 π.Χ.–300 π.Χ.,cult_activity_window,approximate,approximate,,,,,Άγνωστη θεότητα,,,,Ημιτελής περίπτερος δωρικός ναός του ύστερου 5ου αιώνα π.Χ. σε εξωαστική θέση· η αφιέρωση και η ακριβής λειτουργία του παραμένουν αβέβαιες.,approximate,medium,Pleiades representative point,precise,site,,https://pleiades.stoa.org/places/963441586,,963441586,0.1 — 2026-08-14,needs_review
sanctuary-selinous-demeter-malophoros-sanctuary,Ιερό της Δήμητρας Μαλοφόρου στον Σελινούντα,Δήμητρος Μαλοφόρου ἱερόν,Sanctuary of Demeter Malophoros at Selinus,sanctuary,rural,,rural,,Σικελία,Ιταλία,ITA,Marinella di Selinunte,37.58686508,12.81694173,POINT (12.81694173 37.58686508),-650,-250,650 π.Χ.–250 π.Χ.,cult_activity_window,approximate,approximate,,,,,Δήμητρα Μαλοφόρος,,,,"Μεγάλο εξωαστικό τέμενος δυτικά της πόλης, με ναό, βωμούς και χιλιάδες αναθήματα που μαρτυρούν μακρά και πολυπολιτισμική χρήση.",approximate,high,Pleiades representative point,precise,site,,https://pleiades.stoa.org/places/502577471,,502577471,0.1 — 2026-08-14,curated_initial
sanctuary-akragas-concordia-temple-sanctuary,Ναός της Ομόνοιας στον Ακράγαντα,,Temple of Concordia at Akragas,sanctuary,urban,,urban,,Σικελία,Ιταλία,ITA,Agrigento,37.28965596,13.59207237,POINT (13.59207237 37.28965596),-440,400,440 π.Χ.–400 μ.Χ.,cult_activity_window,approximate,approximate,Το τελικό έτος είναι προσεγγιστικό όριο της κύριας αρχαίας λατρευτικής χρήσης και χρειάζεται ανάλυση σε επιμέρους φάσεις για λεπτομερή χρονογραμμή.,,,,Άγνωστη αρχαία αφιέρωση,,,,Εξαιρετικά διατηρημένος δωρικός ναός στην ιερή ζώνη του Ακράγαντα· η συμβατική ονομασία «Ομόνοια» δεν αποδίδει βέβαιη αρχαία θεότητα.,approximate,medium,Pleiades representative point,precise,site,,https://pleiades.stoa.org/places/943504072,,943504072,0.1 — 2026-08-14,needs_review
sanctuary-syracuse-apollo-sanctuary,Ναός του Απόλλωνα στις Συρακούσες,Ἀπόλλωνος ἱερόν ἐν Ὀρτυγίᾳ,Temple of Apollo at Syracuse,sanctuary,urban,,urban,,Σικελία,Ιταλία,ITA,"Ortygia, Syracuse",37.06391256,15.29302272,POINT (15.29302272 37.06391256),-600,400,600 π.Χ.–400 μ.Χ.,cult_activity_window,approximate,approximate,Το τελικό έτος είναι προσεγγιστικό όριο της κύριας αρχαίας λατρευτικής χρήσης και χρειάζεται ανάλυση σε επιμέρους φάσεις για λεπτομερή χρονογραμμή.,,,,Απόλλων,,,,"Ένας από τους αρχαιότερους μνημειακούς δωρικούς ναούς της Σικελίας, στην είσοδο της Ορτυγίας, με μεταγενέστερες θρησκευτικές επαναχρήσεις.",approximate,high,Pleiades representative point,precise,site,,https://pleiades.stoa.org/places/418729933,,418729933,0.1 — 2026-08-14,curated_initial
sanctuary-olbia-apollo-delphinios-sanctuary,Ιερό του Απόλλωνα Δελφινίου στην Ολβία,Ἀπόλλωνος Δελφινίου τέμενος,Sanctuary of Apollo Delphinios at Olbia Pontica,sanctuary,urban,,urban,,Σκυθία,Ουκρανία,UKR,"Parutyne, Mykolaiv Oblast",46.69293,31.9049,POINT (31.9049 46.69293),-550,-55,550 π.Χ.–55 π.Χ.,cult_activity_window,approximate,approximate,,,,,"Απόλλων Δελφίνιος, Ζευς και Αθηνά",,,,Κεντρικό τέμενος κοντά στην αγορά της Ολβίας με ναό και βωμούς· η συντεταγμένη είναι προσεγγιστική λόγω της πολυφασικής ανασκαφής.,approximate,medium,www.penn.museum,,site,,https://www.penn.museum/sites/expedition/olbia-pontica-and-the-olbian-muse/,,,0.1 — 2026-08-14,needs_review
sanctuary-histria-sacred-zone,Ιερή ζώνη της Ιστρίας,Ἰστρίη,Sacred Zone of Histria,sanctuary,urban,,urban,,Σκυθία Μικρά,Ρουμανία,ROU,"Istria, Constanța County",44.54779,28.77513,POINT (28.77513 44.54779),-600,300,600 π.Χ.–300 μ.Χ.,cult_activity_window,approximate,approximate,Το τελικό έτος είναι προσεγγιστικό όριο της κύριας αρχαίας λατρευτικής χρήσης και χρειάζεται ανάλυση σε επιμέρους φάσεις για λεπτομερή χρονογραμμή.,,,,"Απόλλων Ιητρός, Ζευς και Αφροδίτη",,,,Αστική ιερή ζώνη της μιλησιακής αποικίας με διαδοχικούς ναούς· το σημείο αντιστοιχεί προσεγγιστικά στο αρχαιολογικό σύνολο.,approximate,medium,Pleiades representative point,precise,proxy,Το σημείο είναι προσεγγιστικός χωρικός δείκτης του ιερού μέσα στην αρχαία πόλη και όχι ανεξάρτητα αποτυπωμένο περίγραμμα του μνημείου.,https://pleiades.stoa.org/places/216839,,216839,0.1 — 2026-08-14,needs_review
sanctuary-chersonesos-parthenos-sanctuary,Ιερό της Παρθένου στη Χερσόνησο,Παρθένου ἱερόν,Sanctuary of Parthenos at Tauric Chersonesos,sanctuary,urban,,urban,,Ταυρική,Ουκρανία,UKR,Sevastopol,44.61222,33.49116,POINT (33.49116 44.61222),-400,300,400 π.Χ.–300 μ.Χ.,cult_activity_window,approximate,approximate,Το τελικό έτος είναι προσεγγιστικό όριο της κύριας αρχαίας λατρευτικής χρήσης και χρειάζεται ανάλυση σε επιμέρους φάσεις για λεπτομερή χρονογραμμή.,,,,Παρθένος,,,,"Κεντρική πολιούχος λατρεία της Ταυρικής Χερσονήσου· το ιερό τοποθετείται στην ακρόπολη, αλλά το ακριβές περίγραμμα δεν έχει αποκατασταθεί με βεβαιότητα.",approximate,medium,whc.unesco.org,,site,,https://whc.unesco.org/en/list/1411/,,,0.1 — 2026-08-14,needs_review
sanctuary-smintheion-apollo-sanctuary,Σμίνθειο,Σμίνθειον,Sanctuary of Apollo Smintheus,sanctuary,rural,,rural,,Τρωάδα,Τουρκία,TUR,Gülpınar,39.5362071,26.1177415,POINT (26.1177415 39.5362071),-700,400,700 π.Χ.–400 μ.Χ.,cult_activity_window,approximate,approximate,Το τελικό έτος είναι προσεγγιστικό όριο της κύριας αρχαίας λατρευτικής χρήσης και χρειάζεται ανάλυση σε επιμέρους φάσεις για λεπτομερή χρονογραμμή.,,,,Απόλλων Σμινθεύς,,,,"Ιερό της Τρωάδας γνωστό από τον Όμηρο, με μνημειακό ιωνικό ναό του 2ου αιώνα π.Χ. και ανάγλυφα του τρωικού κύκλου.",approximate,high,Pleiades representative point,precise,site,,https://pleiades.stoa.org/places/550892,,550892,0.1 — 2026-08-14,curated_initial
sanctuary-hierapolis-ploutonion,Πλουτώνιο Ιεράπολης,Πλουτώνιον,Ploutonion at Hierapolis,sanctuary,oracle,,,oracle,Φρυγία,Τουρκία,TUR,Pamukkale,37.926248,29.1270484,POINT (29.1270484 37.926248),-200,400,200 π.Χ.–400 μ.Χ.,cult_activity_window,approximate,approximate,Το τελικό έτος είναι προσεγγιστικό όριο της κύριας αρχαίας λατρευτικής χρήσης και χρειάζεται ανάλυση σε επιμέρους φάσεις για λεπτομερή χρονογραμμή.,,,,Πλούτων και Κόρη,,,,"Περιφραγμένο χθόνιο ιερό πάνω σε σπήλαιο που εκπέμπει διοξείδιο του άνθρακα, συνδεδεμένο με χρησμούς και τελετουργικές επιδείξεις.",approximate,high,Pleiades representative point,precise,site,,https://pleiades.stoa.org/places/232079424,,232079424,0.1 — 2026-08-14,curated_initial
sanctuary-kalapodi-artemis-apollo-sanctuary,Ιερό Αρτέμιδος και Απόλλωνα στο Καλαπόδι,Ἄβαι,Sanctuary of Artemis and Apollo at Kalapodi,sanctuary,rural,,rural,,Φωκίδα,Ελλάδα,GRC,Kalapodi,38.63651295,22.89541692,POINT (22.89541692 38.63651295),-1400,400,1400 π.Χ.–400 μ.Χ.,cult_activity_window,approximate,approximate,Το τελικό έτος είναι προσεγγιστικό όριο της κύριας αρχαίας λατρευτικής χρήσης και χρειάζεται ανάλυση σε επιμέρους φάσεις για λεπτομερή χρονογραμμή.,,,,Άρτεμις Ελαφηβόλος και Απόλλων Αβαίος,,,,"Πολυστρωματικό ιερό κοντά στις αρχαίες Άβες, με εξαιρετικά μακρά ακολουθία λατρείας από τη μυκηναϊκή έως τη ρωμαϊκή εποχή.",approximate,high,Pleiades representative point,precise,site,,https://pleiades.stoa.org/places/955675680,,955675680,0.1 — 2026-08-14,curated_initial
sanctuary-delphi-athena-pronaia-sanctuary,Ιερό της Αθηνάς Προναίας στους Δελφούς,Ἀθηνᾶ Προναία,Sanctuary of Athena Pronaia at Delphi,sanctuary,rural,,rural,,Φωκίδα,Ελλάδα,GRC,Delphi,38.48012669,22.5083745,POINT (22.5083745 38.48012669),-700,390,700 π.Χ.–390 μ.Χ.,cult_activity_window,approximate,approximate,,,,,Αθηνά Προναία,,,,"Ξεχωριστό τέμενος νοτιοανατολικά του ιερού του Απόλλωνα, με διαδοχικούς ναούς, θησαυρούς και τη γνωστή θόλο.",approximate,high,Pleiades representative point,precise,site,,https://pleiades.stoa.org/places/513711610,,513711610,0.1 — 2026-08-14,curated_initial
sanctuary-delphi-apollo-sanctuary,Ιερό του Απόλλωνα στους Δελφούς,Δελφοί,Sanctuary of Apollo at Delphi,sanctuary,panhellenic_oracle,panhellenic,,oracle,Φωκίδα,Ελλάδα,GRC,Delphi,38.482289,22.501169,POINT (22.501169 38.482289),-800,390,800 π.Χ.–390 μ.Χ.,cult_activity_window,approximate,approximate,,,,,Απόλλων Πύθιος,,,,"Πανελλήνιο ιερό και μαντείο του Απόλλωνα, οργανωμένο γύρω από τον ναό, την Κασταλία και τους θησαυρούς των πόλεων.",approximate,high,Pleiades representative point,precise,site,,https://pleiades.stoa.org/places/540726,,540726,0.1 — 2026-08-14,curated_initial
